No,year,month,day,hour,PM2.5,PM10,SO2,NO2,CO,O3,TEMP,PRES,DEWP,RAIN,wd,WSPM,station,datetime
1,2013,3,1,0,4.0,4.0,4.0,7.0,300.0,77.0,-0.7,1023.0,-18.8,0.0,NNW,4.4,Aotizhongxin,2013-03-01 00:00:00
2,2013,3,1,1,8.0,8.0,4.0,7.0,300.0,77.0,-1.1,1023.2,-18.2,0.0,N,4.7,Aotizhongxin,2013-03-01 01:00:00
3,2013,3,1,2,7.0,7.0,5.0,10.0,300.0,73.0,-1.1,1023.5,-18.2,0.0,NNW,5.6,Aotizhongxin,2013-03-01 02:00:00
4,2013,3,1,3,6.0,6.0,11.0,11.0,300.0,72.0,-1.4,1024.5,-19.4,0.0,NW,3.1,Aotizhongxin,2013-03-01 03:00:00
5,2013,3,1,4,3.0,3.0,12.0,12.0,300.0,72.0,-2.0,1025.2,-19.5,0.0,N,2.0,Aotizhongxin,2013-03-01 04:00:00
6,2013,3,1,5,5.0,5.0,18.0,18.0,400.0,66.0,-2.2,1025.6,-19.6,0.0,N,3.7,Aotizhongxin,2013-03-01 05:00:00
7,2013,3,1,6,3.0,3.0,18.0,32.0,500.0,50.0,-2.6,1026.5,-19.1,0.0,NNE,2.5,Aotizhongxin,2013-03-01 06:00:00
8,2013,3,1,7,3.0,6.0,19.0,41.0,500.0,43.0,-1.6,1027.4,-19.1,0.0,NNW,3.8,Aotizhongxin,2013-03-01 07:00:00
9,2013,3,1,8,3.0,6.0,16.0,43.0,500.0,45.0,0.1,1028.3,-19.2,0.0,NNW,4.1,Aotizhongxin,2013-03-01 08:00:00
10,2013,3,1,9,3.0,8.0,12.0,28.0,400.0,59.0,1.2,1028.5,-19.3,0.0,N,2.6,Aotizhongxin,2013-03-01 09:00:00
11,2013,3,1,10,3.0,6.0,9.0,12.0,400.0,72.0,1.9,1028.2,-19.4,0.0,NNW,3.6,Aotizhongxin,2013-03-01 10:00:00
12,2013,3,1,11,3.0,6.0,9.0,14.0,400.0,71.0,2.9,1028.2,-20.5,0.0,N,3.7,Aotizhongxin,2013-03-01 11:00:00
13,2013,3,1,12,3.0,6.0,7.0,13.0,300.0,74.0,3.9,1027.3,-19.7,0.0,NNW,5.1,Aotizhongxin,2013-03-01 12:00:00
14,2013,3,1,13,3.0,6.0,7.0,12.0,400.0,76.0,5.3,1026.2,-19.3,0.0,NW,4.3,Aotizhongxin,2013-03-01 13:00:00
15,2013,3,1,14,6.0,9.0,7.0,11.0,400.0,77.0,6.0,1025.9,-19.6,0.0,NW,4.4,Aotizhongxin,2013-03-01 14:00:00
16,2013,3,1,15,8.0,15.0,7.0,14.0,400.0,76.0,6.2,1025.7,-18.6,0.0,NNE,2.8,Aotizhongxin,2013-03-01 15:00:00
17,2013,3,1,16,9.0,19.0,9.0,13.0,400.0,76.0,5.9,1025.6,-18.1,0.0,NNW,3.9,Aotizhongxin,2013-03-01 16:00:00
18,2013,3,1,17,10.0,23.0,11.0,15.0,400.0,74.0,4.3,1026.3,-18.7,0.0,NNE,2.8,Aotizhongxin,2013-03-01 17:00:00
19,2013,3,1,18,11.0,20.0,8.0,20.0,500.0,70.0,3.1,1027.4,-18.4,0.0,NNE,2.1,Aotizhongxin,2013-03-01 18:00:00
20,2013,3,1,19,8.0,14.0,12.0,30.0,500.0,60.0,2.3,1028.3,-18.4,0.0,N,2.8,Aotizhongxin,2013-03-01 19:00:00
21,2013,3,1,20,11.0,17.0,13.0,33.0,600.0,55.0,1.7,1029.1,-17.3,0.0,N,2.1,Aotizhongxin,2013-03-01 20:00:00
22,2013,3,1,21,12.0,18.0,16.0,35.0,500.0,50.0,0.6,1030.1,-16.7,0.0,ENE,0.8,Aotizhongxin,2013-03-01 21:00:00
23,2013,3,1,22,15.0,19.0,21.0,57.0,700.0,32.0,0.9,1030.5,-17.4,0.0,ENE,1.8,Aotizhongxin,2013-03-01 22:00:00
24,2013,3,1,23,24.0,24.0,26.0,54.0,600.0,36.0,-0.2,1030.5,-17.4,0.0,ENE,1.4,Aotizhongxin,2013-03-01 23:00:00
25,2013,3,2,0,22.0,24.0,24.0,44.0,500.0,44.0,-0.4,1031.0,-17.6,0.0,ENE,1.4,Aotizhongxin,2013-03-02 00:00:00
26,2013,3,2,1,14.0,17.0,21.0,36.0,400.0,50.0,-1.0,1031.3,-17.3,0.0,NNE,1.1,Aotizhongxin,2013-03-02 01:00:00
27,2013,3,2,2,13.0,13.0,20.0,37.0,400.0,47.0,-1.5,1030.9,-16.9,0.0,E,1.7,Aotizhongxin,2013-03-02 02:00:00
28,2013,3,2,3,3.0,9.0,13.0,34.0,400.0,52.0,-1.4,1030.6,-17.6,0.0,NNE,1.4,Aotizhongxin,2013-03-02 03:00:00
29,2013,3,2,4,3.0,7.0,18.0,43.0,400.0,43.0,-1.5,1030.8,-17.7,0.0,NNW,0.9,Aotizhongxin,2013-03-02 04:00:00
30,2013,3,2,5,9.0,11.0,19.0,70.0,500.0,20.0,-1.8,1030.1,-17.5,0.0,NNE,2.0,Aotizhongxin,2013-03-02 05:00:00
31,2013,3,2,6,4.0,10.0,28.0,46.0,500.0,39.0,-2.5,1029.6,-17.7,0.0,NW,0.7,Aotizhongxin,2013-03-02 06:00:00
32,2013,3,2,7,3.0,11.0,34.0,58.0,500.0,27.0,-1.7,1029.8,-17.0,0.0,NE,1.2,Aotizhongxin,2013-03-02 07:00:00
33,2013,3,2,8,3.0,7.0,21.0,49.0,500.0,43.0,-0.4,1029.6,-17.6,0.0,NE,1.8,Aotizhongxin,2013-03-02 08:00:00
34,2013,3,2,9,10.0,14.0,47.0,62.0,700.0,29.0,0.6,1029.7,-16.7,0.0,NE,1.7,Aotizhongxin,2013-03-02 09:00:00
35,2013,3,2,10,11.0,19.0,36.0,60.0,600.0,34.0,1.7,1028.9,-16.3,0.0,W,1.6,Aotizhongxin,2013-03-02 10:00:00
36,2013,3,2,11,18.0,29.0,36.0,70.0,800.0,27.0,2.2,1028.2,-16.8,0.0,SSW,3.1,Aotizhongxin,2013-03-02 11:00:00
37,2013,3,2,12,26.0,30.0,25.0,76.0,900.0,22.0,2.7,1027.3,-16.4,0.0,WSW,2.7,Aotizhongxin,2013-03-02 12:00:00
38,2013,3,2,13,25.0,33.0,20.0,57.0,700.0,39.0,3.3,1025.7,-16.4,0.0,W,1.5,Aotizhongxin,2013-03-02 13:00:00
39,2013,3,2,14,26.0,35.0,22.0,54.0,700.0,43.0,3.8,1024.8,-16.0,0.0,SE,1.3,Aotizhongxin,2013-03-02 14:00:00
40,2013,3,2,15,37.0,40.0,24.0,55.0,700.0,44.0,3.9,1024.1,-16.5,0.0,WNW,1.2,Aotizhongxin,2013-03-02 15:00:00
41,2013,3,2,16,37.0,46.0,29.0,63.0,1000.0,38.0,3.5,1023.6,-15.2,0.0,WSW,2.5,Aotizhongxin,2013-03-02 16:00:00
42,2013,3,2,17,44.0,58.0,45.0,77.0,1200.0,30.0,2.2,1023.4,-13.6,0.0,SSE,0.4,Aotizhongxin,2013-03-02 17:00:00
43,2013,3,2,18,54.0,79.0,50.0,80.0,1100.0,24.0,1.2,1023.2,-12.3,0.0,W,0.9,Aotizhongxin,2013-03-02 18:00:00
44,2013,3,2,19,61.0,86.0,50.0,97.0,1300.0,10.0,1.5,1022.9,-13.8,0.0,NE,1.2,Aotizhongxin,2013-03-02 19:00:00
45,2013,3,2,20,67.0,96.0,54.0,108.0,1399.0,2.0,1.2,1022.9,-14.1,0.0,NNE,1.2,Aotizhongxin,2013-03-02 20:00:00
46,2013,3,2,21,74.0,103.0,72.0,107.0,1399.0,2.0,0.6,1022.6,-14.2,0.0,NE,1.3,Aotizhongxin,2013-03-02 21:00:00
47,2013,3,2,22,81.0,113.0,84.0,110.0,1500.0,3.0,-0.6,1022.3,-13.9,0.0,NNE,1.4,Aotizhongxin,2013-03-02 22:00:00
48,2013,3,2,23,93.0,120.0,87.0,107.0,1700.0,2.0,-0.8,1021.1,-13.4,0.0,N,1.3,Aotizhongxin,2013-03-02 23:00:00
49,2013,3,3,0,112.0,130.0,73.0,100.0,1899.0,2.0,-1.4,1020.4,-13.0,0.0,NNE,1.2,Aotizhongxin,2013-03-03 00:00:00
50,2013,3,3,1,109.0,132.0,80.0,101.0,2200.0,2.0,-2.0,1019.4,-13.2,0.0,NE,1.2,Aotizhongxin,2013-03-03 01:00:00
51,2013,3,3,2,110.0,132.0,98.0,99.0,2399.0,2.0,-2.8,1018.3,-12.3,0.0,NE,1.4,Aotizhongxin,2013-03-03 02:00:00
52,2013,3,3,3,105.0,129.0,88.0,100.0,2500.0,2.0,-2.6,1017.2,-13.2,0.0,NE,1.2,Aotizhongxin,2013-03-03 03:00:00
53,2013,3,3,4,106.0,136.0,79.0,92.0,2799.0,2.0,-4.3,1016.9,-11.8,0.0,NNE,0.9,Aotizhongxin,2013-03-03 04:00:00
54,2013,3,3,5,101.0,135.0,64.0,87.0,2399.0,2.0,-5.6,1016.3,-10.9,0.0,N,0.8,Aotizhongxin,2013-03-03 05:00:00
55,2013,3,3,6,91.0,142.0,67.0,87.0,2100.0,2.0,-5.8,1016.2,-11.0,0.0,NNE,0.8,Aotizhongxin,2013-03-03 06:00:00
56,2013,3,3,7,79.0,116.0,83.0,91.0,2000.0,2.0,-3.1,1016.5,-11.1,0.0,NE,1.5,Aotizhongxin,2013-03-03 07:00:00
57,2013,3,3,8,77.0,110.0,123.0,90.0,2299.0,2.0,0.7,1016.2,-13.0,0.0,NNE,2.3,Aotizhongxin,2013-03-03 08:00:00
58,2013,3,3,9,83.0,119.0,135.0,90.0,2600.0,3.0,3.5,1015.8,-13.8,0.0,NNE,0.4,Aotizhongxin,2013-03-03 09:00:00
59,2013,3,3,10,94.0,122.0,116.0,90.0,1800.0,9.0,6.5,1014.9,-13.2,0.0,N,1.3,Aotizhongxin,2013-03-03 10:00:00
60,2013,3,3,11,96.0,117.0,89.0,93.0,1600.0,14.0,11.4,1013.8,-10.8,0.0,ESE,0.9,Aotizhongxin,2013-03-03 11:00:00
61,2013,3,3,12,91.0,108.0,77.0,99.0,1600.0,14.0,13.8,1012.5,-13.3,0.0,W,1.1,Aotizhongxin,2013-03-03 12:00:00
62,2013,3,3,13,98.0,134.0,50.0,81.0,1200.0,33.0,16.0,1011.5,-13.5,0.0,W,5.9,Aotizhongxin,2013-03-03 13:00:00
63,2013,3,3,14,72.0,106.0,31.0,57.0,900.0,51.0,16.7,1010.8,-14.0,0.0,WNW,4.3,Aotizhongxin,2013-03-03 14:00:00
64,2013,3,3,15,48.0,114.0,14.0,17.0,500.0,77.0,16.9,1010.5,-12.7,0.0,WNW,2.0,Aotizhongxin,2013-03-03 15:00:00
65,2013,3,3,16,28.0,100.0,12.0,17.0,400.0,77.0,16.4,1010.6,-15.4,0.0,NW,2.9,Aotizhongxin,2013-03-03 16:00:00
66,2013,3,3,17,26.0,103.0,9.0,19.0,400.0,73.0,13.1,1011.1,-10.1,0.0,WSW,1.7,Aotizhongxin,2013-03-03 17:00:00
67,2013,3,3,18,24.0,82.0,8.0,27.0,500.0,66.0,8.7,1012.3,-11.3,0.0,NW,1.6,Aotizhongxin,2013-03-03 18:00:00
68,2013,3,3,19,19.0,71.0,26.0,98.0,1300.0,11.0,12.2,1013.4,-13.7,0.0,NNW,2.0,Aotizhongxin,2013-03-03 19:00:00
69,2013,3,3,20,60.0,175.0,64.0,135.0,2000.0,4.0,11.7,1013.5,-12.6,0.0,N,0.9,Aotizhongxin,2013-03-03 20:00:00
70,2013,3,3,21,117.0,181.0,28.0,100.0,1100.0,5.0,5.3,1013.6,-10.9,0.0,N,0.0,Aotizhongxin,2013-03-03 21:00:00
71,2013,3,3,22,54.0,105.0,28.0,90.0,1200.0,2.0,3.1,1014.1,-10.2,0.0,NNE,1.8,Aotizhongxin,2013-03-03 22:00:00
72,2013,3,3,23,46.0,94.0,29.0,84.0,1200.0,2.0,5.2,1014.8,-10.6,0.0,NNW,1.7,Aotizhongxin,2013-03-03 23:00:00
73,2013,3,4,0,42.0,83.0,51.0,86.0,1300.0,4.0,7.7,1015.7,-11.1,0.0,N,2.6,Aotizhongxin,2013-03-04 00:00:00
74,2013,3,4,1,49.0,80.0,39.0,64.0,1000.0,25.0,8.2,1016.7,-11.7,0.0,N,2.8,Aotizhongxin,2013-03-04 01:00:00
75,2013,3,4,2,34.0,62.0,22.5,14.0,300.0,68.0,8.1,1016.7,-11.8,0.0,N,4.3,Aotizhongxin,2013-03-04 02:00:00
76,2013,3,4,3,12.0,34.0,6.0,12.0,350.0,77.0,7.2,1016.9,-11.6,0.0,N,2.8,Aotizhongxin,2013-03-04 03:00:00
77,2013,3,4,4,7.0,18.0,14.0,28.5,400.0,42.0,6.0,1018.0,-11.6,0.0,NNW,1.0,Aotizhongxin,2013-03-04 04:00:00
78,2013,3,4,5,10.0,24.0,18.0,45.0,400.0,40.0,2.7,1018.6,-10.9,0.0,SSE,0.5,Aotizhongxin,2013-03-04 05:00:00
79,2013,3,4,6,13.0,32.0,24.0,65.0,500.0,22.0,3.8,1018.9,-11.4,0.0,N,2.3,Aotizhongxin,2013-03-04 06:00:00
80,2013,3,4,7,14.0,36.0,30.0,70.0,600.0,17.0,6.5,1019.7,-10.7,0.0,N,2.3,Aotizhongxin,2013-03-04 07:00:00
81,2013,3,4,8,13.0,35.0,38.0,70.0,700.0,21.0,9.0,1020.7,-12.2,0.0,NE,3.1,Aotizhongxin,2013-03-04 08:00:00
82,2013,3,4,9,15.0,32.0,26.0,36.0,500.0,52.0,10.6,1020.8,-12.1,0.0,NNE,1.3,Aotizhongxin,2013-03-04 09:00:00
83,2013,3,4,10,16.0,24.0,22.0,36.0,600.0,57.0,11.9,1020.4,-12.4,0.0,NE,2.1,Aotizhongxin,2013-03-04 10:00:00
84,2013,3,4,11,18.0,33.0,18.0,27.0,400.0,68.0,13.1,1020.0,-13.0,0.0,NE,3.0,Aotizhongxin,2013-03-04 11:00:00
85,2013,3,4,12,13.0,28.0,12.0,14.0,400.0,77.0,14.2,1018.9,-13.9,0.0,N,2.7,Aotizhongxin,2013-03-04 12:00:00
86,2013,3,4,13,3.0,12.0,7.0,12.0,300.0,82.0,15.3,1017.8,-13.0,0.0,S,2.0,Aotizhongxin,2013-03-04 13:00:00
87,2013,3,4,14,3.0,10.0,8.0,13.0,400.0,84.0,15.2,1017.0,-13.1,0.0,SW,0.7,Aotizhongxin,2013-03-04 14:00:00
88,2013,3,4,15,10.0,13.0,9.0,15.0,400.0,84.0,15.3,1016.3,-13.0,0.0,SSW,2.4,Aotizhongxin,2013-03-04 15:00:00
89,2013,3,4,16,14.0,20.0,10.0,34.0,500.0,70.0,14.5,1015.7,-13.7,0.0,S,2.6,Aotizhongxin,2013-03-04 16:00:00
90,2013,3,4,17,20.0,33.0,14.0,40.0,500.0,78.0,12.7,1015.9,-11.8,0.0,SW,2.6,Aotizhongxin,2013-03-04 17:00:00
91,2013,3,4,18,25.0,44.0,13.0,43.0,600.0,75.0,11.6,1016.5,-11.3,0.0,SSW,3.4,Aotizhongxin,2013-03-04 18:00:00
92,2013,3,4,19,31.0,63.0,17.0,61.0,700.0,53.0,10.9,1016.6,-10.6,0.0,SW,3.5,Aotizhongxin,2013-03-04 19:00:00
93,2013,3,4,20,34.0,84.0,18.0,76.0,800.0,40.0,9.9,1016.9,-10.3,0.0,SSW,3.1,Aotizhongxin,2013-03-04 20:00:00
94,2013,3,4,21,40.0,85.0,40.0,76.0,800.0,39.0,8.4,1016.9,-10.0,0.0,SSW,2.1,Aotizhongxin,2013-03-04 21:00:00
95,2013,3,4,22,51.0,91.0,46.0,85.0,1000.0,31.0,8.6,1016.3,-9.9,0.0,SSW,2.4,Aotizhongxin,2013-03-04 22:00:00
96,2013,3,4,23,58.0,94.0,46.0,86.0,1100.0,84.0,7.7,1015.7,-9.3,0.0,SW,2.1,Aotizhongxin,2013-03-04 23:00:00
97,2013,3,5,0,71.0,108.0,66.0,78.0,1100.0,84.0,4.7,1015.2,-9.1,0.0,SW,1.6,Aotizhongxin,2013-03-05 00:00:00
98,2013,3,5,1,91.0,127.0,75.0,75.0,1200.0,84.0,1.1,1014.7,-7.9,0.0,SW,0.0,Aotizhongxin,2013-03-05 01:00:00
99,2013,3,5,2,100.0,129.0,58.0,79.0,1200.0,84.0,-0.6,1014.4,-8.1,0.0,S,0.0,Aotizhongxin,2013-03-05 02:00:00
100,2013,3,5,3,103.0,130.0,66.0,83.0,1399.0,84.0,0.2,1014.0,-8.8,0.0,NE,1.2,Aotizhongxin,2013-03-05 03:00:00
101,2013,3,5,4,115.0,151.0,76.0,92.0,2299.0,84.0,1.8,1013.7,-9.5,0.0,NE,1.5,Aotizhongxin,2013-03-05 04:00:00
102,2013,3,5,5,117.0,153.0,91.0,91.0,2399.0,84.0,0.6,1013.9,-9.4,0.0,N,0.8,Aotizhongxin,2013-03-05 05:00:00
103,2013,3,5,6,104.0,145.0,94.0,89.0,2200.0,84.0,-0.2,1013.4,-8.6,0.0,NE,1.3,Aotizhongxin,2013-03-05 06:00:00
104,2013,3,5,7,106.0,146.0,82.0,87.0,2299.0,84.0,2.9,1013.4,-9.1,0.0,NNE,1.3,Aotizhongxin,2013-03-05 07:00:00
105,2013,3,5,8,111.0,147.0,101.0,87.0,2399.0,84.0,5.1,1013.4,-9.1,0.0,NNE,1.2,Aotizhongxin,2013-03-05 08:00:00
106,2013,3,5,9,114.0,159.0,114.0,92.0,2899.0,84.0,7.7,1012.8,-8.4,0.0,NNE,1.5,Aotizhongxin,2013-03-05 09:00:00
107,2013,3,5,10,131.0,177.0,107.0,104.0,2700.0,84.0,9.4,1012.0,-8.2,0.0,NE,1.5,Aotizhongxin,2013-03-05 10:00:00
108,2013,3,5,11,138.0,184.0,109.0,115.0,2299.0,84.0,10.6,1011.1,-8.1,0.0,NNE,1.4,Aotizhongxin,2013-03-05 11:00:00
109,2013,3,5,12,142.0,184.0,104.0,136.0,2299.0,15.0,11.9,1009.7,-7.5,0.0,NNW,1.3,Aotizhongxin,2013-03-05 12:00:00
110,2013,3,5,13,163.0,193.0,94.0,147.0,2200.0,84.0,12.6,1008.5,-8.0,0.0,N,1.0,Aotizhongxin,2013-03-05 13:00:00
111,2013,3,5,14,168.0,182.0,85.0,158.0,2100.0,84.0,13.5,1007.7,-7.8,0.0,NNE,1.4,Aotizhongxin,2013-03-05 14:00:00
112,2013,3,5,15,165.0,171.0,85.0,172.0,2200.0,78.0,13.8,1007.2,-7.6,0.0,NE,1.2,Aotizhongxin,2013-03-05 15:00:00
113,2013,3,5,16,166.0,186.0,97.0,194.0,2700.0,78.0,13.2,1007.1,-7.0,0.0,NE,2.0,Aotizhongxin,2013-03-05 16:00:00
114,2013,3,5,17,190.0,218.0,101.0,204.0,2799.0,75.0,12.1,1007.7,-6.4,0.0,NNE,1.6,Aotizhongxin,2013-03-05 17:00:00
115,2013,3,5,18,203.0,248.0,107.0,197.0,2500.0,53.0,9.0,1008.2,-5.7,0.0,NE,1.4,Aotizhongxin,2013-03-05 18:00:00
116,2013,3,5,19,210.0,255.0,103.0,188.0,2200.0,40.0,5.3,1008.5,-4.8,0.0,ESE,0.0,Aotizhongxin,2013-03-05 19:00:00
117,2013,3,5,20,205.0,244.0,106.0,189.0,2500.0,39.0,3.3,1008.7,-4.7,0.0,N,0.2,Aotizhongxin,2013-03-05 20:00:00
118,2013,3,5,21,215.0,252.0,93.0,178.0,3100.0,31.0,2.9,1009.0,-4.6,0.0,NNE,1.2,Aotizhongxin,2013-03-05 21:00:00
119,2013,3,5,22,219.0,253.0,92.0,169.0,3200.0,29.0,5.2,1008.9,-6.1,0.0,NE,1.1,Aotizhongxin,2013-03-05 22:00:00
120,2013,3,5,23,226.0,269.0,147.0,184.0,4400.0,29.0,4.9,1008.4,-6.1,0.0,NE,1.4,Aotizhongxin,2013-03-05 23:00:00
121,2013,3,6,0,284.0,315.0,133.0,174.0,4000.0,28.0,4.9,1008.5,-6.4,0.0,NE,1.2,Aotizhongxin,2013-03-06 00:00:00
122,2013,3,6,1,272.0,300.0,131.0,166.0,4000.0,22.0,4.8,1008.3,-5.9,0.0,NE,1.5,Aotizhongxin,2013-03-06 01:00:00
123,2013,3,6,2,242.0,265.0,109.0,146.0,3200.0,22.0,4.1,1007.8,-5.9,0.0,NE,1.9,Aotizhongxin,2013-03-06 02:00:00
124,2013,3,6,3,212.0,229.0,90.0,141.0,2600.0,22.0,4.0,1007.6,-6.3,0.0,NE,1.9,Aotizhongxin,2013-03-06 03:00:00
125,2013,3,6,4,192.0,203.0,83.6808,140.4252,2550.0,22.0,3.9,1007.3,-6.1,0.0,NE,1.4,Aotizhongxin,2013-03-06 04:00:00
126,2013,3,6,5,188.0,194.0,92.0,143.0,2500.0,22.0,4.1,1007.8,-5.7,0.0,NE,1.6,Aotizhongxin,2013-03-06 05:00:00
127,2013,3,6,6,186.0,194.0,94.0,131.0,2600.0,22.0,4.5,1008.4,-5.3,0.0,NE,2.0,Aotizhongxin,2013-03-06 06:00:00
128,2013,3,6,7,188.0,196.0,92.0,129.0,2700.0,22.0,5.7,1009.3,-5.0,0.0,NE,1.7,Aotizhongxin,2013-03-06 07:00:00
129,2013,3,6,8,194.0,205.0,102.0,113.0,2500.0,22.0,6.6,1009.3,-4.8,0.0,NE,1.7,Aotizhongxin,2013-03-06 08:00:00
130,2013,3,6,9,184.0,198.0,98.0,102.0,2399.0,22.0,7.5,1009.1,-4.6,0.0,NE,1.7,Aotizhongxin,2013-03-06 09:00:00
131,2013,3,6,10,175.0,198.0,107.0,103.0,2600.0,22.0,8.7,1008.6,-4.5,0.0,NE,1.5,Aotizhongxin,2013-03-06 10:00:00
132,2013,3,6,11,179.0,212.0,119.0,105.0,2399.0,22.0,10.1,1007.7,-4.7,0.0,NE,1.4,Aotizhongxin,2013-03-06 11:00:00
133,2013,3,6,12,192.0,219.0,124.0,113.0,2299.0,22.0,11.1,1006.9,-4.2,0.0,ENE,0.4,Aotizhongxin,2013-03-06 12:00:00
134,2013,3,6,13,201.0,233.0,126.0,136.0,2700.0,22.0,12.6,1005.8,-3.7,0.0,WSW,1.5,Aotizhongxin,2013-03-06 13:00:00
135,2013,3,6,14,230.0,265.0,130.0,146.0,2799.0,14.0,14.5,1005.5,-3.3,0.0,SSE,1.6,Aotizhongxin,2013-03-06 14:00:00
136,2013,3,6,15,246.0,277.0,140.0,157.0,2899.0,10.0,14.7,1005.5,-3.2,0.0,SSW,2.5,Aotizhongxin,2013-03-06 15:00:00
137,2013,3,6,16,248.0,285.0,154.0,146.0,2799.0,17.0,14.2,1005.5,-3.2,0.0,S,1.4,Aotizhongxin,2013-03-06 16:00:00
138,2013,3,6,17,230.0,276.0,145.0,171.0,3200.0,17.0,11.6,1005.9,-3.4,0.0,SSW,1.1,Aotizhongxin,2013-03-06 17:00:00
139,2013,3,6,18,239.0,291.0,142.0,177.0,3500.0,17.0,6.8,1006.8,-2.9,0.0,WSW,0.9,Aotizhongxin,2013-03-06 18:00:00
140,2013,3,6,19,242.0,338.0,124.0,164.0,3700.0,17.0,5.1,1007.6,-2.5,0.0,WSW,1.2,Aotizhongxin,2013-03-06 19:00:00
141,2013,3,6,20,254.0,396.0,107.0,154.0,4200.0,17.0,4.4,1008.2,-2.5,0.0,SSW,1.1,Aotizhongxin,2013-03-06 20:00:00
142,2013,3,6,21,266.0,380.0,117.0,159.0,3799.0,17.0,3.8,1007.7,-2.2,0.0,WSW,1.9,Aotizhongxin,2013-03-06 21:00:00
143,2013,3,6,22,254.0,335.0,111.0,148.0,4099.0,17.0,2.4,1007.3,-2.5,0.0,WSW,1.2,Aotizhongxin,2013-03-06 22:00:00
144,2013,3,6,23,260.0,360.0,119.0,145.0,4000.0,17.0,2.3,1007.2,-2.4,0.0,NNE,1.3,Aotizhongxin,2013-03-06 23:00:00
145,2013,3,7,0,250.0,319.0,102.0,139.0,4000.0,17.0,1.5,1007.1,-2.6,0.0,NNE,0.8,Aotizhongxin,2013-03-07 00:00:00
146,2013,3,7,1,240.0,297.0,91.0,127.0,4000.0,17.0,0.7,1007.1,-2.7,0.0,SE,1.2,Aotizhongxin,2013-03-07 01:00:00
147,2013,3,7,2,238.0,294.0,83.0,133.0,4000.0,17.0,1.5,1006.9,-2.5,0.0,NNE,0.6,Aotizhongxin,2013-03-07 02:00:00
148,2013,3,7,3,243.0,293.0,86.0,121.0,4099.0,17.0,0.3,1006.5,-2.7,0.0,WNW,1.7,Aotizhongxin,2013-03-07 03:00:00
149,2013,3,7,4,246.0,304.0,57.0,113.0,5000.0,17.0,-0.9,1006.4,-3.3,0.0,N,0.5,Aotizhongxin,2013-03-07 04:00:00
150,2013,3,7,5,275.0,337.0,46.0,103.0,5599.0,17.0,1.6,1006.7,-1.5,0.0,NNE,1.7,Aotizhongxin,2013-03-07 05:00:00
151,2013,3,7,6,306.0,366.0,41.0,114.0,5700.0,17.0,0.3,1006.6,-2.7,0.0,SW,0.4,Aotizhongxin,2013-03-07 06:00:00
152,2013,3,7,7,320.0,374.0,46.0,124.0,4599.0,17.0,2.4,1006.8,-1.4,0.0,NNE,1.5,Aotizhongxin,2013-03-07 07:00:00
153,2013,3,7,8,292.0,344.0,78.0,106.0,3700.0,17.0,8.3,1006.5,-1.0,0.0,NNE,0.8,Aotizhongxin,2013-03-07 08:00:00
154,2013,3,7,9,251.0,282.0,182.0,116.0,3299.0,17.0,10.1,1006.1,-0.7,0.0,W,0.6,Aotizhongxin,2013-03-07 09:00:00
155,2013,3,7,10,228.0,255.0,166.0,135.0,3200.0,17.0,12.7,1005.5,-1.6,0.0,ENE,1.2,Aotizhongxin,2013-03-07 10:00:00
156,2013,3,7,11,217.0,255.0,169.0,171.0,4000.0,17.0,16.5,1003.6,-1.6,0.0,WSW,1.7,Aotizhongxin,2013-03-07 11:00:00
157,2013,3,7,12,255.0,311.0,154.0,201.0,4000.0,17.0,17.1,1001.6,-3.1,0.0,SSW,3.7,Aotizhongxin,2013-03-07 12:00:00
158,2013,3,7,13,258.0,283.0,111.0,226.0,3700.0,17.0,17.7,1000.2,-3.2,0.0,SW,3.1,Aotizhongxin,2013-03-07 13:00:00
159,2013,3,7,14,277.0,284.0,102.0,167.0,2899.0,39.0,18.3,998.6,-3.2,0.0,SSW,3.6,Aotizhongxin,2013-03-07 14:00:00
160,2013,3,7,15,282.0,326.0,79.0,130.0,2399.0,61.0,18.6,997.6,-1.8,0.0,SSW,3.3,Aotizhongxin,2013-03-07 15:00:00
161,2013,3,7,16,267.0,310.0,62.0,97.0,1899.0,80.0,17.9,997.2,-0.9,0.0,SW,1.9,Aotizhongxin,2013-03-07 16:00:00
162,2013,3,7,17,216.0,257.0,64.0,86.0,1600.0,84.0,15.4,997.1,-1.7,0.0,NNW,1.4,Aotizhongxin,2013-03-07 17:00:00
163,2013,3,7,18,201.0,255.0,76.0,125.0,1899.0,84.0,14.4,997.4,-2.5,0.0,N,1.9,Aotizhongxin,2013-03-07 18:00:00
164,2013,3,7,19,211.0,287.0,79.0,173.0,2399.0,10.0,13.4,997.9,-2.6,0.0,NNE,1.5,Aotizhongxin,2013-03-07 19:00:00
165,2013,3,7,20,227.0,298.0,99.0,207.0,3399.0,84.0,11.8,997.7,-2.1,0.0,NE,1.5,Aotizhongxin,2013-03-07 20:00:00
166,2013,3,7,21,282.0,377.0,114.0,213.0,4000.0,84.0,9.2,997.9,-1.3,0.0,NNE,1.4,Aotizhongxin,2013-03-07 21:00:00
167,2013,3,7,22,363.0,452.0,126.0,210.0,4000.0,84.0,7.5,998.3,-1.2,0.0,NE,1.3,Aotizhongxin,2013-03-07 22:00:00
168,2013,3,7,23,376.0,426.0,128.0,209.0,3799.0,84.0,6.6,998.4,-0.9,0.0,E,0.1,Aotizhongxin,2013-03-07 23:00:00
169,2013,3,8,0,344.0,389.0,107.0,195.0,3799.0,84.0,4.1,998.2,-1.3,0.0,ESE,0.0,Aotizhongxin,2013-03-08 00:00:00
170,2013,3,8,1,339.0,370.0,90.0,177.0,4099.0,84.0,3.3,998.5,-1.7,0.0,N,0.9,Aotizhongxin,2013-03-08 01:00:00
171,2013,3,8,2,339.0,400.0,80.5,162.0,3899.0,84.0,2.5,998.2,-1.9,0.0,SW,0.8,Aotizhongxin,2013-03-08 02:00:00
172,2013,3,8,3,324.0,373.0,71.0,154.0,3599.0,84.0,1.8,997.9,-1.8,0.0,N,0.0,Aotizhongxin,2013-03-08 03:00:00
173,2013,3,8,4,322.0,345.0,62.0,149.0,3299.0,84.0,1.3,998.5,-1.8,0.0,W,1.0,Aotizhongxin,2013-03-08 04:00:00
174,2013,3,8,5,315.0,346.0,47.0,144.0,3200.0,84.0,1.4,999.0,-1.5,0.0,SW,0.8,Aotizhongxin,2013-03-08 05:00:00
175,2013,3,8,6,310.0,327.0,45.0,146.0,3299.0,84.0,1.1,999.7,-1.8,0.0,WSW,0.8,Aotizhongxin,2013-03-08 06:00:00
176,2013,3,8,7,309.0,318.0,44.0,145.0,4099.0,84.0,5.7,1000.4,0.5,0.0,NNE,1.0,Aotizhongxin,2013-03-08 07:00:00
177,2013,3,8,8,310.0,337.0,88.0,137.0,4900.0,84.0,10.9,1000.8,1.4,0.0,SE,0.7,Aotizhongxin,2013-03-08 08:00:00
178,2013,3,8,9,326.0,371.0,144.0,149.0,5200.0,84.0,16.9,1001.1,-0.4,0.0,E,1.0,Aotizhongxin,2013-03-08 09:00:00
179,2013,3,8,10,326.0,844.0,125.9496,179.2269,4150.0,84.0,19.1,1000.9,-0.4,0.0,SSW,1.9,Aotizhongxin,2013-03-08 10:00:00
180,2013,3,8,11,219.0,362.0,83.0,160.0,3100.0,84.0,20.5,1000.5,-3.3,0.0,SSW,4.4,Aotizhongxin,2013-03-08 11:00:00
181,2013,3,8,12,104.0,194.0,37.0,101.0,1399.0,84.0,21.7,999.4,-2.3,0.0,S,3.0,Aotizhongxin,2013-03-08 12:00:00
182,2013,3,8,13,121.0,225.0,40.0,96.0,1300.0,84.0,22.5,998.2,-2.3,0.0,S,3.3,Aotizhongxin,2013-03-08 13:00:00
183,2013,3,8,14,184.0,348.0,49.0,104.0,1800.0,84.0,17.4,998.3,1.4,0.0,ESE,4.5,Aotizhongxin,2013-03-08 14:00:00
184,2013,3,8,15,330.0,508.0,102.0,139.0,3600.0,84.0,13.9,999.5,1.2,0.0,ESE,2.7,Aotizhongxin,2013-03-08 15:00:00
185,2013,3,8,16,172.0,284.0,84.0,84.0,1700.0,84.0,11.9,1000.2,0.0,0.0,ESE,2.6,Aotizhongxin,2013-03-08 16:00:00
186,2013,3,8,17,114.0,181.0,68.0,68.0,1100.0,68.0,10.3,999.9,-0.5,0.0,SE,2.8,Aotizhongxin,2013-03-08 17:00:00
187,2013,3,8,18,82.0,128.0,55.0,63.0,900.0,68.0,9.3,1000.6,-0.9,0.0,S,1.4,Aotizhongxin,2013-03-08 18:00:00
188,2013,3,8,19,84.0,123.0,46.0,73.0,1100.0,68.0,8.0,1000.5,-0.3,0.0,NE,0.8,Aotizhongxin,2013-03-08 19:00:00
189,2013,3,8,20,91.0,104.0,48.0,65.0,1000.0,68.0,7.9,1000.4,-1.6,0.0,SSW,1.4,Aotizhongxin,2013-03-08 20:00:00
190,2013,3,8,21,81.0,87.0,43.0,61.0,1100.0,68.0,7.2,1000.0,-1.5,0.0,ENE,1.6,Aotizhongxin,2013-03-08 21:00:00
191,2013,3,8,22,90.0,102.0,45.0,68.0,1399.0,68.0,6.3,999.0,-3.4,0.0,E,0.9,Aotizhongxin,2013-03-08 22:00:00
192,2013,3,8,23,79.0,85.0,53.0,63.0,1500.0,68.0,5.7,997.7,-3.4,0.0,SSW,1.0,Aotizhongxin,2013-03-08 23:00:00
193,2013,3,9,0,49.0,67.0,53.0,70.0,1600.0,68.0,3.6,996.1,-2.6,0.0,W,0.6,Aotizhongxin,2013-03-09 00:00:00
194,2013,3,9,1,89.0,91.0,54.0,84.0,1899.0,68.0,2.1,994.9,-2.6,0.0,W,1.1,Aotizhongxin,2013-03-09 01:00:00
195,2013,3,9,2,89.0,97.0,44.0,97.0,2299.0,68.0,1.4,994.1,-3.1,0.0,N,0.0,Aotizhongxin,2013-03-09 02:00:00
196,2013,3,9,3,98.0,125.0,42.0,94.0,2299.0,68.0,1.1,993.0,-3.2,0.0,NE,1.4,Aotizhongxin,2013-03-09 03:00:00
197,2013,3,9,4,97.0,118.0,52.0,97.0,2399.0,68.0,1.8,992.0,-2.3,0.0,E,0.0,Aotizhongxin,2013-03-09 04:00:00
198,2013,3,9,5,102.0,123.0,52.0,93.0,2500.0,68.0,3.2,992.0,-2.8,0.0,NE,1.3,Aotizhongxin,2013-03-09 05:00:00
199,2013,3,9,6,110.0,153.0,44.0,83.0,2600.0,68.0,2.8,992.2,-2.5,0.0,NE,1.0,Aotizhongxin,2013-03-09 06:00:00
200,2013,3,9,7,108.0,143.0,51.0,85.0,2100.0,68.0,4.6,992.9,-2.1,0.0,NE,1.8,Aotizhongxin,2013-03-09 07:00:00
201,2013,3,9,8,104.0,139.0,70.0,82.0,2100.0,68.0,8.4,994.1,-1.7,0.0,E,2.6,Aotizhongxin,2013-03-09 08:00:00
202,2013,3,9,9,113.0,166.0,108.0,86.0,1899.0,68.0,16.3,995.9,-0.4,0.0,NNW,3.3,Aotizhongxin,2013-03-09 09:00:00
203,2013,3,9,10,145.0,272.0,122.0,86.0,2200.0,68.0,16.7,998.3,-4.6,0.0,NNW,7.7,Aotizhongxin,2013-03-09 10:00:00
204,2013,3,9,11,69.0,587.0,50.0,21.0,400.0,68.0,14.3,1001.3,-9.1,0.0,NNW,7.4,Aotizhongxin,2013-03-09 11:00:00
205,2013,3,9,12,78.0,607.5,10.0,10.0,300.0,68.0,12.4,1004.3,-14.4,0.0,NW,7.9,Aotizhongxin,2013-03-09 12:00:00
206,2013,3,9,13,49.0,628.0,4.0,7.0,300.0,76.0,10.3,1006.5,-17.0,0.0,NNW,7.2,Aotizhongxin,2013-03-09 13:00:00
207,2013,3,9,14,47.0,662.0,3.0,6.0,300.0,81.0,10.5,1008.1,-16.8,0.0,NNW,6.7,Aotizhongxin,2013-03-09 14:00:00
208,2013,3,9,15,28.0,443.0,3.0,8.0,300.0,81.0,10.2,1009.4,-17.1,0.0,N,3.9,Aotizhongxin,2013-03-09 15:00:00
209,2013,3,9,16,21.0,263.0,3.0,9.0,300.0,81.0,10.5,1010.8,-17.8,0.0,N,4.8,Aotizhongxin,2013-03-09 16:00:00
210,2013,3,9,17,14.0,251.0,4.0,9.0,300.0,81.0,8.6,1013.0,-18.3,0.0,NNE,4.8,Aotizhongxin,2013-03-09 17:00:00
211,2013,3,9,18,17.0,205.0,4.0,10.0,300.0,81.0,7.4,1015.9,-19.3,0.0,NNE,4.8,Aotizhongxin,2013-03-09 18:00:00
212,2013,3,9,19,15.0,107.0,5.0,10.0,400.0,81.0,6.4,1018.1,-18.4,0.0,N,3.5,Aotizhongxin,2013-03-09 19:00:00
213,2013,3,9,20,18.0,104.0,4.0,7.0,400.0,82.0,5.6,1019.7,-18.3,0.0,N,4.5,Aotizhongxin,2013-03-09 20:00:00
214,2013,3,9,21,12.0,58.0,4.0,8.0,400.0,82.0,4.8,1020.3,-17.6,0.0,N,3.3,Aotizhongxin,2013-03-09 21:00:00
215,2013,3,9,22,11.0,34.0,6.0,8.0,300.0,82.0,3.8,1021.2,-17.8,0.0,NNE,1.2,Aotizhongxin,2013-03-09 22:00:00
216,2013,3,9,23,6.0,19.0,8.0,10.0,400.0,82.0,0.8,1021.3,-14.1,0.0,SSE,0.6,Aotizhongxin,2013-03-09 23:00:00
217,2013,3,10,0,11.0,15.0,6.0,16.0,400.0,82.0,-0.5,1020.8,-13.4,0.0,N,0.0,Aotizhongxin,2013-03-10 00:00:00
218,2013,3,10,1,11.0,16.0,10.0,25.0,400.0,82.0,-0.2,1021.1,-11.6,0.0,W,1.0,Aotizhongxin,2013-03-10 01:00:00
219,2013,3,10,2,6.0,18.0,14.0,41.0,400.0,82.0,-2.1,1020.9,-11.7,0.0,NNE,0.7,Aotizhongxin,2013-03-10 02:00:00
220,2013,3,10,3,10.0,25.0,17.0,55.0,500.0,82.0,-2.0,1021.1,-11.8,0.0,NNW,1.2,Aotizhongxin,2013-03-10 03:00:00
221,2013,3,10,4,18.0,63.0,17.0,76.0,500.0,82.0,-1.3,1021.9,-14.8,0.0,NNE,0.0,Aotizhongxin,2013-03-10 04:00:00
222,2013,3,10,5,21.0,35.0,18.0,80.0,700.0,82.0,-1.8,1022.0,-10.9,0.0,W,1.7,Aotizhongxin,2013-03-10 05:00:00
223,2013,3,10,6,18.0,21.0,21.0,73.0,800.0,82.0,-2.0,1022.5,-11.8,0.0,N,0.0,Aotizhongxin,2013-03-10 06:00:00
224,2013,3,10,7,24.0,46.0,21.0,82.0,1500.0,82.0,3.5,1023.2,-14.7,0.0,SSW,2.3,Aotizhongxin,2013-03-10 07:00:00
225,2013,3,10,8,31.0,74.0,33.0,84.0,1300.0,82.0,5.3,1023.5,-15.9,0.0,SW,4.6,Aotizhongxin,2013-03-10 08:00:00
226,2013,3,10,9,26.0,75.0,34.0,69.0,900.0,82.0,6.8,1023.1,-15.9,0.0,SSW,5.2,Aotizhongxin,2013-03-10 09:00:00
227,2013,3,10,10,27.0,63.0,28.0,55.0,700.0,82.0,8.3,1022.4,-14.7,0.0,SSW,4.6,Aotizhongxin,2013-03-10 10:00:00
228,2013,3,10,11,30.0,59.0,20.0,40.0,800.0,82.0,9.8,1021.9,-14.2,0.0,S,2.7,Aotizhongxin,2013-03-10 11:00:00
229,2013,3,10,12,28.0,56.0,21.0,34.0,700.0,82.0,10.4,1021.0,-14.4,0.0,SSW,0.4,Aotizhongxin,2013-03-10 12:00:00
230,2013,3,10,13,34.0,52.0,20.0,30.0,600.0,82.0,11.2,1020.0,-13.8,0.0,S,2.8,Aotizhongxin,2013-03-10 13:00:00
231,2013,3,10,14,28.0,54.0,17.0,28.0,500.0,82.0,11.4,1019.0,-13.6,0.0,SSW,4.0,Aotizhongxin,2013-03-10 14:00:00
232,2013,3,10,15,37.0,71.0,17.0,27.0,500.0,82.0,11.3,1018.7,-14.5,0.0,SW,4.5,Aotizhongxin,2013-03-10 15:00:00
233,2013,3,10,16,36.0,94.0,18.0,26.0,500.0,84.0,10.4,1018.3,-13.7,0.0,SW,4.1,Aotizhongxin,2013-03-10 16:00:00
234,2013,3,10,17,38.0,117.0,25.0,33.0,500.0,84.0,9.1,1018.2,-13.4,0.0,SSW,4.4,Aotizhongxin,2013-03-10 17:00:00
235,2013,3,10,18,44.0,106.0,27.0,34.0,600.0,84.0,8.2,1018.5,-12.3,0.0,SSW,2.6,Aotizhongxin,2013-03-10 18:00:00
236,2013,3,10,19,60.0,102.0,28.0,39.0,700.0,84.0,7.7,1018.8,-11.1,0.0,SSW,2.3,Aotizhongxin,2013-03-10 19:00:00
237,2013,3,10,20,70.0,115.0,33.0,61.0,800.0,84.0,7.4,1018.8,-10.9,0.0,S,3.5,Aotizhongxin,2013-03-10 20:00:00
238,2013,3,10,21,64.0,114.0,28.0,62.0,800.0,84.0,6.5,1018.9,-10.3,0.0,SSW,2.7,Aotizhongxin,2013-03-10 21:00:00
239,2013,3,10,22,70.0,123.0,31.0,60.0,900.0,84.0,5.9,1018.5,-10.0,0.0,SW,2.4,Aotizhongxin,2013-03-10 22:00:00
240,2013,3,10,23,81.0,140.0,46.0,62.0,1000.0,84.0,3.0,1018.7,-9.0,0.0,SSW,0.9,Aotizhongxin,2013-03-10 23:00:00
241,2013,3,11,0,90.0,147.0,55.0,69.0,1100.0,84.0,0.3,1018.5,-8.7,0.0,SW,1.4,Aotizhongxin,2013-03-11 00:00:00
242,2013,3,11,1,95.0,156.0,57.0,78.0,1100.0,84.0,-0.7,1018.0,-7.3,0.0,SW,0.7,Aotizhongxin,2013-03-11 01:00:00
243,2013,3,11,2,95.0,140.0,53.0,76.0,1100.0,84.0,-1.7,1017.4,-7.0,0.0,WNW,0.5,Aotizhongxin,2013-03-11 02:00:00
244,2013,3,11,3,96.0,138.0,56.0,78.0,1100.0,84.0,-2.1,1017.2,-6.5,0.0,N,0.6,Aotizhongxin,2013-03-11 03:00:00
245,2013,3,11,4,97.0,140.0,55.0,80.0,1100.0,84.0,-1.6,1016.9,-7.9,0.0,NNE,1.1,Aotizhongxin,2013-03-11 04:00:00
246,2013,3,11,5,106.0,146.0,49.0,76.0,1200.0,84.0,-2.3,1016.9,-8.0,0.0,SE,0.1,Aotizhongxin,2013-03-11 05:00:00
247,2013,3,11,6,114.0,147.0,40.0,76.0,1600.0,84.0,-2.1,1017.0,-8.0,0.0,NE,0.9,Aotizhongxin,2013-03-11 06:00:00
248,2013,3,11,7,112.0,155.0,62.0,77.0,2100.0,84.0,1.3,1017.4,-8.3,0.0,NNE,1.9,Aotizhongxin,2013-03-11 07:00:00
249,2013,3,11,8,113.0,184.0,71.0,77.0,2600.0,84.0,3.1,1017.5,-8.6,0.0,NE,1.8,Aotizhongxin,2013-03-11 08:00:00
250,2013,3,11,9,120.0,196.0,96.0,89.0,2500.0,84.0,4.6,1016.8,-8.2,0.0,NE,1.8,Aotizhongxin,2013-03-11 09:00:00
251,2013,3,11,10,141.0,205.0,102.0,97.0,2500.0,84.0,6.7,1016.0,-8.1,0.0,NNE,1.4,Aotizhongxin,2013-03-11 10:00:00
252,2013,3,11,11,140.0,198.0,96.0,105.0,2299.0,84.0,7.6,1015.0,-8.1,0.0,N,1.3,Aotizhongxin,2013-03-11 11:00:00
253,2013,3,11,12,149.0,207.0,99.0,118.0,2200.0,84.0,9.7,1013.4,-7.5,0.0,NNW,1.6,Aotizhongxin,2013-03-11 12:00:00
254,2013,3,11,13,150.0,189.0,114.0,124.0,2100.0,84.0,11.3,1012.3,-7.1,0.0,S,3.5,Aotizhongxin,2013-03-11 13:00:00
255,2013,3,11,14,114.0,151.0,99.0,80.0,1100.0,84.0,11.4,1010.9,-7.5,0.0,SSE,2.5,Aotizhongxin,2013-03-11 14:00:00
256,2013,3,11,15,106.0,133.0,96.0,69.0,1000.0,84.0,10.7,1010.3,-6.2,0.0,SSW,2.1,Aotizhongxin,2013-03-11 15:00:00
257,2013,3,11,16,113.0,162.0,109.0,76.0,1100.0,76.0,10.4,1009.5,-6.5,0.0,SSW,3.4,Aotizhongxin,2013-03-11 16:00:00
258,2013,3,11,17,132.0,198.0,148.0,90.0,1700.0,76.0,9.7,1009.7,-5.8,0.0,SSW,2.1,Aotizhongxin,2013-03-11 17:00:00
259,2013,3,11,18,149.0,253.0,161.0,100.0,2100.0,71.0,9.7,1009.8,-5.1,0.0,S,2.0,Aotizhongxin,2013-03-11 18:00:00
260,2013,3,11,19,144.0,233.0,90.0,98.0,1500.0,51.0,9.6,1010.0,-4.4,0.0,S,1.5,Aotizhongxin,2013-03-11 19:00:00
261,2013,3,11,20,156.0,214.0,103.0,116.0,1899.0,47.0,9.8,1010.4,-2.8,0.0,SSE,1.3,Aotizhongxin,2013-03-11 20:00:00
262,2013,3,11,21,174.0,246.0,124.0,121.0,2200.0,47.0,9.6,1009.8,-2.7,0.0,SSW,1.5,Aotizhongxin,2013-03-11 21:00:00
263,2013,3,11,22,152.0,196.0,88.0,109.0,1600.0,47.0,9.3,1009.2,-4.0,0.0,SSW,1.5,Aotizhongxin,2013-03-11 22:00:00
264,2013,3,11,23,113.0,145.0,62.0,97.0,1300.0,47.0,8.6,1008.0,-4.6,0.0,SSE,1.1,Aotizhongxin,2013-03-11 23:00:00
265,2013,3,12,0,89.0,124.0,50.0,80.0,1100.0,47.0,6.3,1007.5,-2.8,0.0,WNW,1.0,Aotizhongxin,2013-03-12 00:00:00
266,2013,3,12,1,106.0,161.0,56.0,91.0,1600.0,47.0,4.8,1006.8,-2.8,0.0,SSE,0.0,Aotizhongxin,2013-03-12 01:00:00
267,2013,3,12,2,125.0,159.0,56.0,86.0,1899.0,47.0,5.3,1005.8,-1.0,0.0,ESE,0.2,Aotizhongxin,2013-03-12 02:00:00
268,2013,3,12,3,117.0,127.0,73.0,81.0,1649.0,47.0,6.4,1005.8,-1.0,0.1,N,2.2,Aotizhongxin,2013-03-12 03:00:00
269,2013,3,12,4,112.0,140.0,68.0,81.0,1399.0,47.0,4.3,1006.3,1.5,0.4,E,0.9,Aotizhongxin,2013-03-12 04:00:00
270,2013,3,12,5,140.0,237.0,34.0,74.0,2100.0,47.0,4.7,1006.1,1.5,0.1,NNE,1.3,Aotizhongxin,2013-03-12 05:00:00
271,2013,3,12,6,146.0,165.0,22.0,66.0,2100.0,47.0,4.1,1006.2,2.6,0.9,W,1.0,Aotizhongxin,2013-03-12 06:00:00
272,2013,3,12,7,115.0,121.0,21.0,77.0,2100.0,47.0,3.5,1006.9,2.2,0.9,NW,1.4,Aotizhongxin,2013-03-12 07:00:00
273,2013,3,12,8,120.0,122.0,17.0,78.0,1600.0,47.0,3.1,1006.9,1.9,0.4,N,1.5,Aotizhongxin,2013-03-12 08:00:00
274,2013,3,12,9,116.0,90.0,16.0,76.0,1600.0,47.0,3.4,1006.6,2.2,0.0,NNE,1.3,Aotizhongxin,2013-03-12 09:00:00
275,2013,3,12,10,123.0,94.0,16.0,71.0,1700.0,47.0,3.7,1006.8,2.2,0.0,N,0.9,Aotizhongxin,2013-03-12 10:00:00
276,2013,3,12,11,130.0,104.0,16.0,69.0,1800.0,47.0,4.4,1006.5,2.6,0.0,NNE,1.4,Aotizhongxin,2013-03-12 11:00:00
277,2013,3,12,12,132.0,87.0,14.0,75.0,1600.0,47.0,4.8,1006.8,2.2,0.0,N,1.5,Aotizhongxin,2013-03-12 12:00:00
278,2013,3,12,13,129.0,84.0,15.0,68.0,1500.0,47.0,5.3,1006.6,2.8,0.1,NE,1.8,Aotizhongxin,2013-03-12 13:00:00
279,2013,3,12,14,139.0,102.0,15.0,67.0,1600.0,47.0,5.6,1007.1,2.9,0.0,NNE,1.6,Aotizhongxin,2013-03-12 14:00:00
280,2013,3,12,15,135.0,93.0,15.0,63.0,1600.0,39.0,6.4,1007.6,3.2,0.0,N,1.5,Aotizhongxin,2013-03-12 15:00:00
281,2013,3,12,16,133.0,102.0,17.0,63.0,1500.0,28.0,6.6,1008.1,3.2,0.0,S,0.6,Aotizhongxin,2013-03-12 16:00:00
282,2013,3,12,17,141.0,107.0,19.0,70.0,1600.0,21.0,6.4,1009.4,3.4,0.0,E,1.4,Aotizhongxin,2013-03-12 17:00:00
283,2013,3,12,18,124.0,131.0,21.0,79.0,1800.0,20.0,5.8,1011.1,3.1,0.0,E,0.4,Aotizhongxin,2013-03-12 18:00:00
284,2013,3,12,19,137.0,140.0,20.0,75.0,2000.0,12.0,3.3,1012.5,2.1,0.0,WSW,0.5,Aotizhongxin,2013-03-12 19:00:00
285,2013,3,12,20,160.0,140.0,17.0,74.0,1800.0,12.0,2.9,1014.1,2.2,0.0,N,0.7,Aotizhongxin,2013-03-12 20:00:00
286,2013,3,12,21,140.0,101.0,16.0,68.0,1700.0,12.0,3.6,1015.5,2.6,0.0,NNE,0.8,Aotizhongxin,2013-03-12 21:00:00
287,2013,3,12,22,88.0,31.0,16.0,63.0,1100.0,12.0,1.9,1016.7,1.3,0.0,N,1.2,Aotizhongxin,2013-03-12 22:00:00
288,2013,3,12,23,50.0,50.0,30.0,54.0,800.0,17.0,3.8,1017.7,-5.7,0.0,NNE,0.9,Aotizhongxin,2013-03-12 23:00:00
289,2013,3,13,0,22.0,22.0,28.0,21.0,400.0,56.0,3.4,1018.5,-7.1,0.0,NNW,0.9,Aotizhongxin,2013-03-13 00:00:00
290,2013,3,13,1,10.0,10.0,16.0,14.0,300.0,68.0,2.7,1018.9,-9.0,0.0,NNE,2.1,Aotizhongxin,2013-03-13 01:00:00
291,2013,3,13,2,10.0,10.0,12.0,16.0,300.0,68.0,2.8,1019.3,-8.9,0.0,N,2.4,Aotizhongxin,2013-03-13 02:00:00
292,2013,3,13,3,7.0,7.0,11.0,15.0,300.0,69.0,2.4,1019.7,-8.6,0.0,N,1.3,Aotizhongxin,2013-03-13 03:00:00
293,2013,3,13,4,11.0,11.0,11.0,16.0,400.0,69.0,0.3,1020.5,-7.5,0.0,NW,0.9,Aotizhongxin,2013-03-13 04:00:00
294,2013,3,13,5,3.0,6.0,13.0,20.0,400.0,69.0,-0.9,1021.0,-8.1,0.0,NNE,0.9,Aotizhongxin,2013-03-13 05:00:00
295,2013,3,13,6,3.0,6.0,17.0,24.0,500.0,69.0,0.8,1022.2,-8.5,0.0,NNE,1.6,Aotizhongxin,2013-03-13 06:00:00
296,2013,3,13,7,3.0,8.0,21.0,40.0,600.0,69.0,3.7,1023.3,-10.0,0.0,NNE,2.9,Aotizhongxin,2013-03-13 07:00:00
297,2013,3,13,8,8.0,18.0,35.0,62.0,700.0,69.0,4.8,1024.6,-13.6,0.0,NNE,3.3,Aotizhongxin,2013-03-13 08:00:00
298,2013,3,13,9,20.0,24.0,27.0,43.0,600.0,69.0,5.5,1025.2,-10.7,0.0,ENE,3.9,Aotizhongxin,2013-03-13 09:00:00
299,2013,3,13,10,16.0,25.0,22.0,32.0,500.0,69.0,6.4,1025.2,-11.3,0.0,ENE,2.6,Aotizhongxin,2013-03-13 10:00:00
300,2013,3,13,11,14.0,6.0,14.0,26.0,400.0,69.0,6.6,1024.4,-12.6,0.0,NE,3.6,Aotizhongxin,2013-03-13 11:00:00
301,2013,3,13,12,12.0,6.0,10.0,19.0,400.0,71.0,7.6,1023.7,-11.7,0.0,ENE,3.5,Aotizhongxin,2013-03-13 12:00:00
302,2013,3,13,13,17.0,6.0,11.0,24.0,400.0,71.0,8.5,1022.9,-13.2,0.0,E,2.3,Aotizhongxin,2013-03-13 13:00:00
303,2013,3,13,14,15.0,6.0,10.0,19.0,400.0,77.0,9.5,1022.2,-14.4,0.0,NE,1.6,Aotizhongxin,2013-03-13 14:00:00
304,2013,3,13,15,3.0,9.0,11.0,24.0,400.0,77.0,9.7,1021.7,-13.5,0.0,SW,2.0,Aotizhongxin,2013-03-13 15:00:00
305,2013,3,13,16,3.0,6.0,11.0,26.0,400.0,77.0,9.1,1021.9,-12.1,0.0,S,1.8,Aotizhongxin,2013-03-13 16:00:00
306,2013,3,13,17,3.0,11.0,12.0,37.0,500.0,77.0,7.1,1022.3,-10.7,0.0,SSW,2.7,Aotizhongxin,2013-03-13 17:00:00
307,2013,3,13,18,23.0,38.0,12.0,52.0,600.0,77.0,6.1,1022.8,-9.0,0.0,SSW,2.5,Aotizhongxin,2013-03-13 18:00:00
308,2013,3,13,19,31.0,59.0,15.0,64.0,700.0,77.0,5.5,1023.5,-8.8,0.0,S,1.5,Aotizhongxin,2013-03-13 19:00:00
309,2013,3,13,20,37.0,47.0,16.0,64.0,700.0,77.0,5.0,1023.7,-9.6,0.0,SSW,2.9,Aotizhongxin,2013-03-13 20:00:00
310,2013,3,13,21,35.0,39.0,16.0,67.0,700.0,77.0,4.8,1024.0,-8.7,0.0,SSW,3.2,Aotizhongxin,2013-03-13 21:00:00
311,2013,3,13,22,37.0,39.0,18.0,67.0,700.0,77.0,4.0,1023.8,-8.1,0.0,SSW,3.2,Aotizhongxin,2013-03-13 22:00:00
312,2013,3,13,23,42.0,45.0,21.0,74.0,800.0,77.0,2.9,1024.1,-5.5,0.0,S,2.3,Aotizhongxin,2013-03-13 23:00:00
313,2013,3,14,0,62.0,113.0,19.0,71.0,1100.0,77.0,2.5,1024.2,-3.8,0.0,SSW,2.4,Aotizhongxin,2013-03-14 00:00:00
314,2013,3,14,1,71.0,88.0,11.0,67.0,1399.0,77.0,1.6,1024.5,-4.1,0.0,SSW,1.0,Aotizhongxin,2013-03-14 01:00:00
315,2013,3,14,2,60.0,66.0,10.0,65.0,1399.0,77.0,1.3,1023.9,-4.6,0.0,SSW,1.5,Aotizhongxin,2013-03-14 02:00:00
316,2013,3,14,3,65.0,53.0,11.0,60.0,1200.0,77.0,-0.1,1023.8,-4.7,0.0,WNW,0.5,Aotizhongxin,2013-03-14 03:00:00
317,2013,3,14,4,49.0,53.0,12.0,57.0,1200.0,77.0,-0.5,1023.9,-3.9,0.0,NE,2.4,Aotizhongxin,2013-03-14 04:00:00
318,2013,3,14,5,72.0,77.0,12.0,67.0,1500.0,77.0,-0.8,1024.3,-4.0,0.0,NNE,1.9,Aotizhongxin,2013-03-14 05:00:00
319,2013,3,14,6,73.0,75.0,10.0,64.0,1600.0,77.0,-0.8,1024.3,-4.2,0.0,NNE,2.2,Aotizhongxin,2013-03-14 06:00:00
320,2013,3,14,7,69.0,77.0,10.0,55.0,1399.0,77.0,-0.4,1024.6,-4.1,0.0,NE,2.1,Aotizhongxin,2013-03-14 07:00:00
321,2013,3,14,8,72.0,81.0,11.0,54.0,1500.0,77.0,0.5,1024.9,-4.2,0.0,NW,2.3,Aotizhongxin,2013-03-14 08:00:00
322,2013,3,14,9,84.0,95.0,22.0,57.0,1500.0,77.0,2.2,1024.3,-4.1,0.0,NW,1.5,Aotizhongxin,2013-03-14 09:00:00
323,2013,3,14,10,101.0,117.0,57.0,61.0,1600.0,77.0,3.9,1023.4,-3.9,0.0,WSW,1.7,Aotizhongxin,2013-03-14 10:00:00
324,2013,3,14,11,111.0,112.0,67.0,66.0,1600.0,77.0,5.5,1022.3,-3.6,0.0,S,1.2,Aotizhongxin,2013-03-14 11:00:00
325,2013,3,14,12,97.0,125.0,61.0,77.0,1700.0,77.0,7.2,1021.3,-3.7,0.0,SW,3.4,Aotizhongxin,2013-03-14 12:00:00
326,2013,3,14,13,104.0,117.0,65.0,78.0,1399.0,77.0,8.7,1020.0,-3.8,0.0,S,3.3,Aotizhongxin,2013-03-14 13:00:00
327,2013,3,14,14,108.0,115.0,111.0,60.0,900.0,74.0,9.9,1019.4,-4.5,0.0,SSW,3.8,Aotizhongxin,2013-03-14 14:00:00
328,2013,3,14,15,105.0,112.0,116.0,56.0,1000.0,74.0,9.3,1018.7,-4.3,0.0,S,3.2,Aotizhongxin,2013-03-14 15:00:00
329,2013,3,14,16,105.0,115.0,112.0,60.0,1000.0,64.0,8.6,1018.1,-3.9,0.0,SSW,3.1,Aotizhongxin,2013-03-14 16:00:00
330,2013,3,14,17,106.0,126.0,113.0,66.0,1000.0,52.0,7.6,1018.3,-3.6,0.0,SSW,3.5,Aotizhongxin,2013-03-14 17:00:00
331,2013,3,14,18,115.0,136.0,99.0,74.0,1100.0,52.0,6.8,1018.4,-2.9,0.0,SSW,1.6,Aotizhongxin,2013-03-14 18:00:00
332,2013,3,14,19,119.0,137.0,74.0,78.0,1100.0,52.0,6.2,1018.4,-2.7,0.0,S,1.3,Aotizhongxin,2013-03-14 19:00:00
333,2013,3,14,20,115.0,118.0,74.0,97.0,1200.0,52.0,5.9,1018.3,-2.0,0.0,SSW,1.3,Aotizhongxin,2013-03-14 20:00:00
334,2013,3,14,21,119.0,130.0,61.0,102.0,1399.0,52.0,3.5,1018.4,-1.9,0.0,WNW,0.6,Aotizhongxin,2013-03-14 21:00:00
335,2013,3,14,22,140.0,158.0,54.0,100.0,1600.0,52.0,1.4,1018.2,-1.8,0.0,SE,0.0,Aotizhongxin,2013-03-14 22:00:00
336,2013,3,14,23,162.0,179.0,54.0,97.0,1700.0,52.0,1.6,1017.7,-1.8,0.0,ENE,1.1,Aotizhongxin,2013-03-14 23:00:00
337,2013,3,15,0,165.0,176.0,46.0,91.0,1700.0,52.0,2.3,1017.8,-2.2,0.0,NE,1.2,Aotizhongxin,2013-03-15 00:00:00
338,2013,3,15,1,180.0,211.0,42.0,80.0,2700.0,52.0,2.4,1017.4,-2.5,0.0,NE,1.8,Aotizhongxin,2013-03-15 01:00:00
339,2013,3,15,2,183.0,218.0,44.0,85.0,2700.0,52.0,2.0,1016.6,-2.9,0.0,NE,1.1,Aotizhongxin,2013-03-15 02:00:00
340,2013,3,15,3,182.0,200.0,42.0,87.0,2500.0,52.0,1.5,1016.3,-2.8,0.0,NE,1.6,Aotizhongxin,2013-03-15 03:00:00
341,2013,3,15,4,173.0,189.0,36.0,82.0,2399.0,52.0,1.0,1016.2,-2.6,0.0,NE,0.8,Aotizhongxin,2013-03-15 04:00:00
342,2013,3,15,5,166.0,177.0,33.0,80.0,2200.0,52.0,0.7,1016.1,-2.5,0.0,NE,1.2,Aotizhongxin,2013-03-15 05:00:00
343,2013,3,15,6,163.0,170.0,37.0,79.0,2100.0,52.0,0.6,1016.0,-2.5,0.0,NE,1.2,Aotizhongxin,2013-03-15 06:00:00
344,2013,3,15,7,137.0,156.0,43.0,75.0,1899.0,52.0,2.4,1016.3,-2.3,0.0,NNE,1.0,Aotizhongxin,2013-03-15 07:00:00
345,2013,3,15,8,164.0,174.0,71.0,70.0,2100.0,52.0,4.2,1016.5,-2.2,0.0,NE,1.4,Aotizhongxin,2013-03-15 08:00:00
346,2013,3,15,9,172.0,185.0,117.0,75.0,2200.0,52.0,6.4,1015.9,-2.5,0.0,NNE,1.4,Aotizhongxin,2013-03-15 09:00:00
347,2013,3,15,10,173.0,186.0,118.0,75.0,2000.0,4.0,8.1,1015.1,-2.0,0.0,SE,1.6,Aotizhongxin,2013-03-15 10:00:00
348,2013,3,15,11,3.0,3.0,130.0,76.0,1600.0,15.0,9.0,1014.2,-2.0,0.0,NNW,1.4,Aotizhongxin,2013-03-15 11:00:00
349,2013,3,15,12,110.0,331.0,125.0,91.0,1700.0,17.0,10.3,1013.2,-2.1,0.0,WSW,1.6,Aotizhongxin,2013-03-15 12:00:00
350,2013,3,15,13,227.0,261.0,118.0,96.0,1700.0,52.0,12.0,1011.9,-1.2,0.0,SE,1.5,Aotizhongxin,2013-03-15 13:00:00
351,2013,3,15,14,236.0,279.0,107.0,112.0,1899.0,52.0,12.2,1011.4,-0.7,0.0,SSW,2.7,Aotizhongxin,2013-03-15 14:00:00
352,2013,3,15,15,256.0,305.0,102.0,147.0,2299.0,52.0,12.3,1010.9,-0.3,0.0,S,2.0,Aotizhongxin,2013-03-15 15:00:00
353,2013,3,15,16,287.0,343.0,100.0,150.0,2100.0,43.0,11.5,1010.9,0.3,0.0,SW,3.4,Aotizhongxin,2013-03-15 16:00:00
354,2013,3,15,17,278.0,320.0,91.0,113.0,1700.0,42.0,10.6,1011.6,0.9,0.0,SW,1.8,Aotizhongxin,2013-03-15 17:00:00
355,2013,3,15,18,269.0,319.0,79.0,96.0,1700.0,44.0,9.1,1012.2,1.5,0.0,WSW,1.0,Aotizhongxin,2013-03-15 18:00:00
356,2013,3,15,19,286.0,324.0,68.0,104.0,1800.0,44.0,7.0,1012.5,1.3,0.0,SSW,1.1,Aotizhongxin,2013-03-15 19:00:00
357,2013,3,15,20,304.0,343.0,64.0,126.0,2000.0,44.0,6.3,1013.8,1.4,0.0,ESE,0.0,Aotizhongxin,2013-03-15 20:00:00
358,2013,3,15,21,312.0,348.0,61.0,132.0,2100.0,44.0,7.1,1014.4,0.7,0.0,NNW,0.8,Aotizhongxin,2013-03-15 21:00:00
359,2013,3,15,22,316.0,367.0,63.0,126.0,2500.0,44.0,7.3,1015.3,0.9,0.0,NNE,1.0,Aotizhongxin,2013-03-15 22:00:00
360,2013,3,15,23,353.0,430.0,77.0,138.0,3200.0,44.0,7.3,1015.5,0.7,0.0,NNE,1.5,Aotizhongxin,2013-03-15 23:00:00
361,2013,3,16,0,355.0,411.0,63.0,118.0,3299.0,44.0,6.5,1015.6,0.6,0.0,NE,1.1,Aotizhongxin,2013-03-16 00:00:00
362,2013,3,16,1,328.0,357.0,49.0,111.0,2700.0,44.0,5.9,1015.9,0.2,0.0,NE,1.7,Aotizhongxin,2013-03-16 01:00:00
363,2013,3,16,2,308.0,330.0,49.0,113.0,2399.0,44.0,5.9,1016.5,0.2,0.0,NE,1.5,Aotizhongxin,2013-03-16 02:00:00
364,2013,3,16,3,304.0,332.0,55.0,108.0,2199.5,44.0,5.6,1017.0,0.4,0.0,WNW,1.0,Aotizhongxin,2013-03-16 03:00:00
365,2013,3,16,4,314.0,316.0,51.0,108.0,2000.0,44.0,3.9,1018.0,0.6,0.0,NNE,1.3,Aotizhongxin,2013-03-16 04:00:00
366,2013,3,16,5,276.0,300.0,47.0,91.0,1800.0,44.0,5.3,1018.7,0.3,0.0,N,1.6,Aotizhongxin,2013-03-16 05:00:00
367,2013,3,16,6,276.0,293.0,50.0,87.0,1800.0,44.0,4.8,1019.3,0.4,0.0,NE,1.3,Aotizhongxin,2013-03-16 06:00:00
368,2013,3,16,7,275.0,297.0,38.0,84.0,2100.0,44.0,6.0,1020.1,0.5,0.0,N,0.2,Aotizhongxin,2013-03-16 07:00:00
369,2013,3,16,8,278.0,294.0,44.0,82.0,2200.0,44.0,8.4,1020.7,1.3,0.0,W,1.1,Aotizhongxin,2013-03-16 08:00:00
370,2013,3,16,9,272.0,289.0,112.0,87.0,2100.0,44.0,10.7,1020.9,0.7,0.0,WSW,1.3,Aotizhongxin,2013-03-16 09:00:00
371,2013,3,16,10,264.0,273.0,138.0,90.0,1899.0,44.0,12.6,1020.2,0.0,0.0,SW,2.8,Aotizhongxin,2013-03-16 10:00:00
372,2013,3,16,11,270.0,243.0,109.0,88.0,1800.0,44.0,13.5,1019.9,-0.2,0.0,S,1.8,Aotizhongxin,2013-03-16 11:00:00
373,2013,3,16,12,227.0,207.0,88.0,84.0,1899.0,54.0,14.0,1018.5,-0.9,0.0,SE,2.2,Aotizhongxin,2013-03-16 12:00:00
374,2013,3,16,13,183.0,189.0,86.0,70.0,1899.0,80.0,14.1,1017.5,-0.4,0.0,SSW,2.5,Aotizhongxin,2013-03-16 13:00:00
375,2013,3,16,14,166.0,169.0,76.0,61.0,1700.0,92.0,14.5,1016.6,0.3,0.0,S,2.1,Aotizhongxin,2013-03-16 14:00:00
376,2013,3,16,15,150.0,167.0,71.0,62.0,1700.0,94.0,13.6,1015.6,1.2,0.0,S,2.0,Aotizhongxin,2013-03-16 15:00:00
377,2013,3,16,16,165.0,212.0,80.0,78.0,2299.0,94.0,12.9,1015.1,1.5,0.0,S,1.9,Aotizhongxin,2013-03-16 16:00:00
378,2013,3,16,17,185.0,204.0,85.0,81.0,2700.0,94.0,12.4,1014.8,1.7,0.0,S,2.1,Aotizhongxin,2013-03-16 17:00:00
379,2013,3,16,18,216.0,217.0,83.0,90.0,2899.0,94.0,12.0,1014.2,2.2,0.0,SSE,2.4,Aotizhongxin,2013-03-16 18:00:00
380,2013,3,16,19,188.0,217.0,75.0,101.0,2600.0,94.0,10.8,1014.7,2.6,0.0,S,1.2,Aotizhongxin,2013-03-16 19:00:00
381,2013,3,16,20,197.0,223.0,61.0,85.0,2200.0,94.0,10.0,1014.6,2.1,0.0,S,1.6,Aotizhongxin,2013-03-16 20:00:00
382,2013,3,16,21,228.0,242.0,56.0,90.0,2100.0,94.0,9.2,1014.1,1.8,0.0,SSW,2.7,Aotizhongxin,2013-03-16 21:00:00
383,2013,3,16,22,242.0,204.0,59.0,108.0,2100.0,94.0,8.3,1013.4,2.1,0.0,SSW,1.8,Aotizhongxin,2013-03-16 22:00:00
384,2013,3,16,23,210.0,204.0,58.0,92.0,1800.0,94.0,7.8,1012.6,2.0,0.0,S,1.5,Aotizhongxin,2013-03-16 23:00:00
385,2013,3,17,0,166.0,192.0,50.0,86.0,1500.0,94.0,7.2,1012.2,2.1,0.0,SSW,1.5,Aotizhongxin,2013-03-17 00:00:00
386,2013,3,17,1,162.0,194.0,48.0,90.0,1700.0,94.0,6.5,1011.2,1.8,0.0,WSW,1.3,Aotizhongxin,2013-03-17 01:00:00
387,2013,3,17,2,176.0,211.0,45.0,95.0,2100.0,94.0,5.6,1009.8,2.2,0.0,WSW,1.0,Aotizhongxin,2013-03-17 02:00:00
388,2013,3,17,3,217.0,219.0,43.0,98.0,2500.0,94.0,6.8,1008.8,2.3,0.0,WSW,1.4,Aotizhongxin,2013-03-17 03:00:00
389,2013,3,17,4,183.0,195.0,46.0,86.0,2299.0,94.0,5.9,1007.9,2.2,0.0,W,0.6,Aotizhongxin,2013-03-17 04:00:00
390,2013,3,17,5,180.0,188.0,50.0,71.0,2000.0,94.0,5.3,1007.5,2.5,0.0,WNW,0.7,Aotizhongxin,2013-03-17 05:00:00
391,2013,3,17,6,184.0,223.0,44.0,85.0,2200.0,94.0,4.2,1006.0,1.9,0.0,WSW,0.6,Aotizhongxin,2013-03-17 06:00:00
392,2013,3,17,7,206.0,210.0,40.0,83.0,2200.0,94.0,5.6,1005.8,2.1,0.0,NNE,0.6,Aotizhongxin,2013-03-17 07:00:00
393,2013,3,17,8,206.0,237.0,39.0,80.0,2700.0,94.0,7.6,1005.3,2.1,0.0,WSW,0.6,Aotizhongxin,2013-03-17 08:00:00
394,2013,3,17,9,257.0,259.0,84.0,92.0,2899.0,94.0,9.3,1004.7,2.4,0.0,WSW,0.7,Aotizhongxin,2013-03-17 09:00:00
395,2013,3,17,10,267.0,283.0,119.0,104.0,3100.0,94.0,10.6,1003.6,2.7,0.0,SW,0.8,Aotizhongxin,2013-03-17 10:00:00
396,2013,3,17,11,293.0,321.0,124.0,126.0,3399.0,94.0,12.9,1001.9,3.0,0.0,E,1.4,Aotizhongxin,2013-03-17 11:00:00
397,2013,3,17,12,322.0,326.0,126.0,146.0,3000.0,94.0,14.4,1000.1,2.9,0.0,SSW,1.2,Aotizhongxin,2013-03-17 12:00:00
398,2013,3,17,13,294.0,347.0,120.0,142.0,2799.0,94.0,15.1,998.7,3.2,0.0,S,2.1,Aotizhongxin,2013-03-17 13:00:00
399,2013,3,17,14,332.0,372.0,116.0,124.0,2700.0,94.0,15.9,997.5,3.7,0.0,S,1.5,Aotizhongxin,2013-03-17 14:00:00
400,2013,3,17,15,352.0,392.0,113.0,116.0,2600.0,102.0,15.5,996.6,3.9,0.0,S,1.8,Aotizhongxin,2013-03-17 15:00:00
401,2013,3,17,16,362.0,383.0,94.0,106.0,2299.0,105.0,15.3,996.2,4.0,0.0,SW,0.9,Aotizhongxin,2013-03-17 16:00:00
402,2013,3,17,17,356.0,369.0,92.0,98.0,2200.0,107.0,14.1,996.1,4.9,0.0,SSW,0.9,Aotizhongxin,2013-03-17 17:00:00
403,2013,3,17,18,344.0,367.0,80.0,105.0,2200.0,107.0,12.0,996.1,4.5,0.0,N,0.9,Aotizhongxin,2013-03-17 18:00:00
404,2013,3,17,19,357.0,395.0,64.0,136.0,2500.0,58.0,9.3,996.1,4.7,0.0,NE,0.0,Aotizhongxin,2013-03-17 19:00:00
405,2013,3,17,20,364.0,390.0,50.0,166.0,2799.0,107.0,11.5,996.3,4.7,0.0,NNE,1.7,Aotizhongxin,2013-03-17 20:00:00
406,2013,3,17,21,392.0,442.0,61.0,167.0,2899.0,107.0,10.9,996.2,3.9,0.0,NE,1.9,Aotizhongxin,2013-03-17 21:00:00
407,2013,3,17,22,423.0,462.0,64.0,174.0,3299.0,107.0,10.0,995.9,4.1,0.0,NNE,1.5,Aotizhongxin,2013-03-17 22:00:00
408,2013,3,17,23,434.0,455.0,56.0,157.0,3500.0,107.0,8.7,996.0,3.7,0.0,NE,1.9,Aotizhongxin,2013-03-17 23:00:00
409,2013,3,18,0,450.0,494.0,48.0,156.0,4099.0,107.0,9.0,995.9,2.8,0.0,N,1.8,Aotizhongxin,2013-03-18 00:00:00
410,2013,3,18,1,463.0,476.0,45.0,154.0,3799.0,107.0,8.8,996.3,-1.1,0.0,NNW,1.1,Aotizhongxin,2013-03-18 01:00:00
411,2013,3,18,2,308.0,476.0,57.0,111.0,2100.0,107.0,10.9,996.2,-7.4,0.0,NNE,2.3,Aotizhongxin,2013-03-18 02:00:00
412,2013,3,18,3,36.0,122.0,12.0,22.0,300.0,107.0,11.4,996.4,-10.2,0.0,NNW,4.7,Aotizhongxin,2013-03-18 03:00:00
413,2013,3,18,4,30.0,153.0,14.0,19.0,400.0,107.0,10.5,997.1,-7.7,0.0,N,3.6,Aotizhongxin,2013-03-18 04:00:00
414,2013,3,18,5,20.0,112.0,9.0,15.0,300.0,107.0,8.6,999.8,-8.0,0.0,NNE,4.4,Aotizhongxin,2013-03-18 05:00:00
415,2013,3,18,6,14.0,185.0,12.0,12.0,300.0,107.0,7.0,1001.4,-9.0,0.0,NNE,3.4,Aotizhongxin,2013-03-18 06:00:00
416,2013,3,18,7,13.0,68.0,17.0,15.0,400.0,107.0,6.2,1002.4,-12.4,0.0,NE,6.5,Aotizhongxin,2013-03-18 07:00:00
417,2013,3,18,8,3.0,6.0,7.0,15.0,400.0,107.0,6.5,1003.2,-16.9,0.0,NNE,4.8,Aotizhongxin,2013-03-18 08:00:00
418,2013,3,18,9,3.0,7.0,4.0,16.0,400.0,107.0,8.7,1003.5,-13.7,0.0,NNW,6.2,Aotizhongxin,2013-03-18 09:00:00
419,2013,3,18,10,13.0,6.0,4.0,11.0,400.0,107.0,9.4,1004.7,-17.7,0.0,NE,3.8,Aotizhongxin,2013-03-18 10:00:00
420,2013,3,18,11,6.0,6.0,6.0,47.0,400.0,107.0,10.5,1004.2,-15.9,0.0,NNW,4.4,Aotizhongxin,2013-03-18 11:00:00
421,2013,3,18,12,8.0,6.0,17.0,138.0,600.0,107.0,11.7,1003.6,-15.9,0.0,NNW,2.4,Aotizhongxin,2013-03-18 12:00:00
422,2013,3,18,13,12.0,6.0,9.0,10.0,400.0,107.0,11.9,1002.1,-16.7,0.0,N,3.2,Aotizhongxin,2013-03-18 13:00:00
423,2013,3,18,14,12.0,6.0,10.0,14.0,400.0,107.0,12.0,1000.9,-16.6,0.0,NNE,1.9,Aotizhongxin,2013-03-18 14:00:00
424,2013,3,18,15,14.0,6.0,10.0,16.0,400.0,107.0,11.5,1000.4,-12.1,0.0,S,1.7,Aotizhongxin,2013-03-18 15:00:00
425,2013,3,18,16,15.0,6.0,11.0,16.0,500.0,84.0,10.7,1000.0,-12.7,0.0,SSW,3.9,Aotizhongxin,2013-03-18 16:00:00
426,2013,3,18,17,3.0,9.0,10.0,40.0,500.0,65.0,9.7,1000.4,-12.9,0.0,S,4.4,Aotizhongxin,2013-03-18 17:00:00
427,2013,3,18,18,28.0,71.0,10.0,46.0,500.0,65.0,7.2,1001.3,-2.5,0.0,S,4.1,Aotizhongxin,2013-03-18 18:00:00
428,2013,3,18,19,78.0,285.0,45.0,62.0,1100.0,38.0,5.4,1002.9,-3.4,0.0,SSW,7.0,Aotizhongxin,2013-03-18 19:00:00
429,2013,3,18,20,55.0,133.0,38.0,50.0,800.0,42.0,4.4,1003.7,-3.6,0.1,S,4.7,Aotizhongxin,2013-03-18 20:00:00
430,2013,3,18,21,38.0,76.0,30.0,39.0,700.0,47.0,3.7,1004.0,-4.0,0.0,SSE,2.9,Aotizhongxin,2013-03-18 21:00:00
431,2013,3,18,22,37.0,59.0,23.0,42.0,800.0,41.0,2.9,1004.0,-4.1,0.0,S,2.0,Aotizhongxin,2013-03-18 22:00:00
432,2013,3,18,23,37.0,59.0,23.0,42.0,800.0,43.0,2.6,1004.9,-4.0,0.0,S,2.1,Aotizhongxin,2013-03-18 23:00:00
433,2013,3,19,0,31.0,46.0,20.0,38.0,1000.0,34.0,2.5,1005.5,-4.5,0.0,NNE,1.9,Aotizhongxin,2013-03-19 00:00:00
434,2013,3,19,1,30.0,46.0,22.0,48.0,800.0,29.0,2.0,1006.0,-4.5,0.0,NE,2.7,Aotizhongxin,2013-03-19 01:00:00
435,2013,3,19,2,31.0,42.0,23.0,52.0,800.0,27.0,1.2,1005.4,-4.5,0.0,NE,1.7,Aotizhongxin,2013-03-19 02:00:00
436,2013,3,19,3,33.0,41.0,15.0,50.0,787.5,21.666666666666668,0.8,1005.8,-3.0,0.0,ENE,1.5,Aotizhongxin,2013-03-19 03:00:00
437,2013,3,19,4,31.0,35.0,15.0,49.0,775.0,16.333333333333336,0.1,1005.4,-3.5,0.0,N,1.4,Aotizhongxin,2013-03-19 04:00:00
438,2013,3,19,5,29.0,31.0,13.0,62.0,762.5,11.0,0.1,1005.4,-3.8,0.0,NNE,1.3,Aotizhongxin,2013-03-19 05:00:00
439,2013,3,19,6,32.0,39.0,13.0,62.0,750.0,10.0,0.4,1006.6,-2.8,0.0,NNE,1.1,Aotizhongxin,2013-03-19 06:00:00
440,2013,3,19,7,30.0,36.0,10.0,60.0,737.5,6.0,1.6,1007.0,-2.4,0.0,NNE,1.7,Aotizhongxin,2013-03-19 07:00:00
441,2013,3,19,8,34.0,56.0,11.0,58.0,725.0,10.0,3.0,1007.4,-2.9,0.0,NE,2.7,Aotizhongxin,2013-03-19 08:00:00
442,2013,3,19,9,38.0,57.0,26.0,51.0,712.5,18.0,2.6,1008.2,-3.5,0.0,NNE,2.9,Aotizhongxin,2013-03-19 09:00:00
443,2013,3,19,10,51.0,66.0,30.0,48.0,700.0,24.0,3.0,1008.0,-2.9,0.0,NNE,1.9,Aotizhongxin,2013-03-19 10:00:00
444,2013,3,19,11,59.0,63.0,19.0,41.0,700.0,24.0,3.2,1007.9,-0.3,0.0,NNE,1.4,Aotizhongxin,2013-03-19 11:00:00
445,2013,3,19,12,60.0,63.0,20.0,35.0,700.0,28.0,3.5,1007.4,-0.2,0.0,N,2.1,Aotizhongxin,2013-03-19 12:00:00
446,2013,3,19,13,45.0,61.0,28.0,39.0,700.0,29.0,4.0,1007.3,0.0,0.0,NE,2.9,Aotizhongxin,2013-03-19 13:00:00
447,2013,3,19,14,50.0,58.0,21.0,36.0,700.0,29.0,4.8,1007.4,0.0,0.0,NE,2.3,Aotizhongxin,2013-03-19 14:00:00
448,2013,3,19,15,52.0,57.0,22.0,35.0,600.0,34.0,4.4,1008.2,0.2,0.0,NE,2.1,Aotizhongxin,2013-03-19 15:00:00
449,2013,3,19,16,45.0,49.0,19.0,33.0,600.0,36.0,3.5,1009.3,1.7,0.2,NE,1.7,Aotizhongxin,2013-03-19 16:00:00
450,2013,3,19,17,38.0,39.0,14.0,37.0,600.0,29.0,2.8,1009.8,1.8,0.7,NE,2.5,Aotizhongxin,2013-03-19 17:00:00
451,2013,3,19,18,28.0,28.0,10.0,40.0,700.0,25.0,2.3,1011.4,1.6,1.4,NE,1.8,Aotizhongxin,2013-03-19 18:00:00
452,2013,3,19,19,30.0,30.0,10.0,50.0,900.0,14.0,1.7,1013.2,1.0,1.4,NE,2.3,Aotizhongxin,2013-03-19 19:00:00
453,2013,3,19,20,38.0,24.0,9.0,61.0,800.0,6.0,0.9,1013.9,0.5,1.8,NE,1.6,Aotizhongxin,2013-03-19 20:00:00
454,2013,3,19,21,39.0,50.0,9.0,67.0,1200.0,2.0,0.9,1014.9,0.5,1.5,ESE,1.5,Aotizhongxin,2013-03-19 21:00:00
455,2013,3,19,22,65.0,81.0,8.0,64.0,1200.0,4.0,0.4,1015.6,0.1,1.3,SSE,1.4,Aotizhongxin,2013-03-19 22:00:00
456,2013,3,19,23,65.0,81.0,9.0,64.0,900.0,5.0,-0.1,1016.4,-0.5,0.7,S,1.6,Aotizhongxin,2013-03-19 23:00:00
457,2013,3,20,0,68.0,78.0,6.0,43.0,800.0,8.0,-0.3,1017.4,-0.6,1.0,SE,0.0,Aotizhongxin,2013-03-20 00:00:00
458,2013,3,20,1,47.0,47.0,5.0,40.0,800.0,10.0,-1.2,1018.1,-1.5,1.6,SW,1.2,Aotizhongxin,2013-03-20 01:00:00
459,2013,3,20,2,40.0,42.0,5.0,39.0,1100.0,9.0,-1.2,1018.5,-1.3,0.9,SSW,0.0,Aotizhongxin,2013-03-20 02:00:00
460,2013,3,20,3,52.0,42.0,5.0,39.0,1100.0,9.0,-1.1,1018.7,-1.2,1.5,NE,1.2,Aotizhongxin,2013-03-20 03:00:00
461,2013,3,20,4,52.0,35.0,5.0,40.0,1000.0,10.0,-2.1,1019.0,-2.4,2.5,E,1.6,Aotizhongxin,2013-03-20 04:00:00
462,2013,3,20,5,31.0,27.0,4.0,32.0,1000.0,20.0,-4.3,1019.4,-4.7,0.0,SSW,1.2,Aotizhongxin,2013-03-20 05:00:00
463,2013,3,20,6,23.0,6.0,3.0,22.0,700.0,27.0,-5.7,1019.6,-6.0,0.0,N,0.0,Aotizhongxin,2013-03-20 06:00:00
464,2013,3,20,7,27.0,6.0,3.0,32.0,1000.0,17.0,-2.3,1020.2,-2.3,0.0,SSW,0.1,Aotizhongxin,2013-03-20 07:00:00
465,2013,3,20,8,39.0,51.0,9.0,61.0,1300.0,4.0,-0.1,1020.7,-1.1,0.0,W,1.7,Aotizhongxin,2013-03-20 08:00:00
466,2013,3,20,9,42.0,23.0,24.0,72.0,1300.0,7.0,1.9,1021.0,-2.1,0.0,SW,2.3,Aotizhongxin,2013-03-20 09:00:00
467,2013,3,20,10,24.0,30.0,29.0,62.0,1200.0,17.0,2.6,1020.4,-4.0,0.0,W,3.0,Aotizhongxin,2013-03-20 10:00:00
468,2013,3,20,11,40.0,9.0,28.0,41.0,900.0,39.0,3.1,1019.4,-3.3,0.0,SW,1.7,Aotizhongxin,2013-03-20 11:00:00
469,2013,3,20,12,27.0,6.0,19.0,27.0,600.0,57.0,3.8,1018.8,-5.2,0.0,WSW,2.4,Aotizhongxin,2013-03-20 12:00:00
470,2013,3,20,13,33.0,68.0,27.0,38.0,1000.0,49.0,4.7,1017.7,-3.6,0.0,SSW,2.1,Aotizhongxin,2013-03-20 13:00:00
471,2013,3,20,14,51.0,27.0,20.0,27.0,800.0,68.0,5.4,1016.6,-3.4,0.0,SW,3.8,Aotizhongxin,2013-03-20 14:00:00
472,2013,3,20,15,30.0,32.0,15.0,27.0,700.0,70.0,5.4,1015.5,-4.2,0.0,W,3.2,Aotizhongxin,2013-03-20 15:00:00
473,2013,3,20,16,37.0,48.0,17.0,28.0,700.0,65.0,5.4,1015.1,-3.2,0.0,SW,4.0,Aotizhongxin,2013-03-20 16:00:00
474,2013,3,20,17,41.0,46.0,21.0,30.0,700.0,64.0,4.4,1014.5,-2.3,0.0,SW,3.4,Aotizhongxin,2013-03-20 17:00:00
475,2013,3,20,18,59.0,63.0,17.0,37.0,700.0,55.0,3.8,1014.2,-2.4,0.0,SW,3.4,Aotizhongxin,2013-03-20 18:00:00
476,2013,3,20,19,78.0,81.0,9.0,53.0,800.0,36.0,3.4,1014.2,-2.4,0.0,SW,3.9,Aotizhongxin,2013-03-20 19:00:00
477,2013,3,20,20,69.0,89.0,8.0,52.0,900.0,35.0,3.1,1013.8,-2.4,0.0,SW,2.9,Aotizhongxin,2013-03-20 20:00:00
478,2013,3,20,21,77.0,89.0,7.0,51.0,1000.0,33.0,2.8,1013.6,-2.5,0.0,SW,2.2,Aotizhongxin,2013-03-20 21:00:00
479,2013,3,20,22,81.0,96.0,7.0,54.0,1000.0,29.0,2.8,1012.7,-2.7,0.0,SW,2.2,Aotizhongxin,2013-03-20 22:00:00
480,2013,3,20,23,106.0,106.0,7.0,50.0,1000.0,32.0,2.2,1011.8,-2.9,0.0,WSW,1.9,Aotizhongxin,2013-03-20 23:00:00
481,2013,3,21,0,92.0,108.0,8.0,51.0,1000.0,26.0,1.9,1011.3,-2.6,0.0,SW,2.3,Aotizhongxin,2013-03-21 00:00:00
482,2013,3,21,1,112.0,116.0,7.0,47.0,1100.0,25.0,1.7,1010.6,-2.8,0.0,SW,2.4,Aotizhongxin,2013-03-21 01:00:00
483,2013,3,21,2,97.0,105.0,7.0,44.0,1000.0,23.0,1.0,1009.6,-2.8,0.0,WNW,1.0,Aotizhongxin,2013-03-21 02:00:00
484,2013,3,21,3,103.0,106.0,7.0,46.0,800.0,19.0,-0.8,1008.9,-2.7,0.0,NW,0.5,Aotizhongxin,2013-03-21 03:00:00
485,2013,3,21,4,78.0,80.0,6.0,56.0,900.0,9.0,-1.7,1008.5,-3.0,0.0,WNW,0.7,Aotizhongxin,2013-03-21 04:00:00
486,2013,3,21,5,73.0,79.0,6.0,54.0,900.0,9.0,-1.7,1008.0,-2.7,0.0,ESE,0.1,Aotizhongxin,2013-03-21 05:00:00
487,2013,3,21,6,73.0,83.0,5.0,58.0,900.0,3.0,-0.6,1007.6,-2.2,0.0,ENE,1.5,Aotizhongxin,2013-03-21 06:00:00
488,2013,3,21,7,112.0,114.0,6.0,68.0,1399.0,2.0,0.2,1006.9,-2.0,0.0,N,0.7,Aotizhongxin,2013-03-21 07:00:00
489,2013,3,21,8,116.0,119.0,8.0,70.0,1600.0,2.0,1.4,1005.9,-1.8,0.0,NNE,1.6,Aotizhongxin,2013-03-21 08:00:00
490,2013,3,21,9,120.0,129.0,12.0,71.0,1800.0,2.0,2.7,1005.3,-2.2,0.0,N,1.6,Aotizhongxin,2013-03-21 09:00:00
491,2013,3,21,10,130.0,141.0,23.0,75.0,1700.0,2.0,3.7,1004.5,-1.9,0.0,NNW,1.7,Aotizhongxin,2013-03-21 10:00:00
492,2013,3,21,11,142.0,163.0,39.0,82.0,1700.0,6.0,5.0,1003.0,-1.9,0.0,ENE,2.4,Aotizhongxin,2013-03-21 11:00:00
493,2013,3,21,12,162.0,172.0,44.0,88.0,1600.0,10.0,6.2,1002.1,-1.5,0.0,ENE,2.0,Aotizhongxin,2013-03-21 12:00:00
494,2013,3,21,13,178.0,187.0,44.0,90.0,1600.0,15.0,6.9,1001.3,-1.3,0.0,NNE,3.0,Aotizhongxin,2013-03-21 13:00:00
495,2013,3,21,14,181.0,194.0,42.0,101.0,1700.0,18.0,7.5,1000.4,-1.2,0.0,NNW,1.4,Aotizhongxin,2013-03-21 14:00:00
496,2013,3,21,15,187.0,202.0,38.0,98.0,1600.0,26.0,7.7,1000.0,-0.8,0.0,ENE,1.4,Aotizhongxin,2013-03-21 15:00:00
497,2013,3,21,16,188.0,205.0,40.0,107.0,1600.0,22.0,7.7,999.8,-0.8,0.0,N,1.7,Aotizhongxin,2013-03-21 16:00:00
498,2013,3,21,17,187.0,211.0,40.0,114.0,1600.0,20.0,6.9,1000.2,-0.1,0.0,NNW,2.3,Aotizhongxin,2013-03-21 17:00:00
499,2013,3,21,18,190.0,221.0,34.0,122.0,1600.0,15.0,6.1,1001.4,0.0,0.0,N,1.1,Aotizhongxin,2013-03-21 18:00:00
500,2013,3,21,19,202.0,240.0,24.0,129.0,1700.0,7.0,5.5,1002.5,0.1,0.0,NE,1.4,Aotizhongxin,2013-03-21 19:00:00
501,2013,3,21,20,202.0,219.0,21.0,115.0,1600.0,14.0,5.2,1003.7,-0.2,0.0,ENE,2.5,Aotizhongxin,2013-03-21 20:00:00
502,2013,3,21,21,205.0,218.0,22.0,122.0,1700.0,6.0,4.8,1004.4,0.0,0.0,ENE,1.4,Aotizhongxin,2013-03-21 21:00:00
503,2013,3,21,22,217.0,236.0,19.0,128.0,1899.0,2.0,4.7,1005.5,0.1,0.0,NE,2.7,Aotizhongxin,2013-03-21 22:00:00
504,2013,3,21,23,228.0,234.0,18.0,122.0,1899.0,2.0,4.1,1006.8,0.1,0.0,NE,2.2,Aotizhongxin,2013-03-21 23:00:00
505,2013,3,22,0,202.0,209.0,18.0,115.0,1700.0,2.0,3.4,1007.6,-0.1,0.0,ENE,0.8,Aotizhongxin,2013-03-22 00:00:00
506,2013,3,22,1,172.0,179.0,18.0,101.0,1600.0,3.0,1.7,1008.7,-0.1,0.0,NE,0.6,Aotizhongxin,2013-03-22 01:00:00
507,2013,3,22,2,160.0,168.0,20.0,95.0,1399.0,2.0,1.1,1009.5,-0.4,0.0,NE,1.1,Aotizhongxin,2013-03-22 02:00:00
508,2013,3,22,3,117.0,170.0,30.0,87.0,1200.0,2.0,2.4,1010.1,-5.3,0.0,NE,2.0,Aotizhongxin,2013-03-22 03:00:00
509,2013,3,22,4,160.0,170.0,24.0,95.0,1200.0,14.0,4.4,1010.7,-11.3,0.0,NNE,2.0,Aotizhongxin,2013-03-22 04:00:00
510,2013,3,22,5,65.0,171.0,24.0,51.0,900.0,32.0,4.0,1011.6,-11.6,0.0,NE,2.0,Aotizhongxin,2013-03-22 05:00:00
511,2013,3,22,6,18.0,168.0,12.0,43.0,500.0,36.0,2.7,1012.9,-8.4,0.0,ENE,0.9,Aotizhongxin,2013-03-22 06:00:00
512,2013,3,22,7,26.0,33.0,18.0,68.0,700.0,14.0,5.8,1013.9,-7.8,0.0,ENE,1.4,Aotizhongxin,2013-03-22 07:00:00
513,2013,3,22,8,10.0,15.0,24.0,66.0,600.0,19.0,7.6,1014.8,-9.3,0.0,ENE,2.3,Aotizhongxin,2013-03-22 08:00:00
514,2013,3,22,9,146.0,152.0,28.0,94.0,600.0,38.0,8.6,1014.8,-9.9,0.0,SE,1.5,Aotizhongxin,2013-03-22 09:00:00
515,2013,3,22,10,142.0,147.0,27.0,93.0,600.0,43.0,8.1,1014.4,-4.1,0.0,SW,4.4,Aotizhongxin,2013-03-22 10:00:00
516,2013,3,22,11,137.0,143.0,27.0,91.0,700.0,48.0,8.7,1013.7,-5.6,0.0,S,2.8,Aotizhongxin,2013-03-22 11:00:00
517,2013,3,22,12,63.0,157.0,51.0,57.0,1200.0,39.0,9.2,1012.5,-3.7,0.0,WSW,5.0,Aotizhongxin,2013-03-22 12:00:00
518,2013,3,22,13,56.0,130.0,41.0,48.0,1000.0,48.0,9.8,1011.9,-1.3,0.0,SW,3.9,Aotizhongxin,2013-03-22 13:00:00
519,2013,3,22,14,75.0,176.0,31.0,52.0,1200.0,56.0,10.0,1011.1,-2.0,0.0,SW,4.2,Aotizhongxin,2013-03-22 14:00:00
520,2013,3,22,15,83.0,196.0,31.0,47.0,1100.0,64.0,9.6,1010.6,-2.1,0.0,SSW,4.6,Aotizhongxin,2013-03-22 15:00:00
521,2013,3,22,16,66.0,181.0,29.0,44.0,900.0,66.0,9.3,1010.2,-2.0,0.0,SSW,2.9,Aotizhongxin,2013-03-22 16:00:00
522,2013,3,22,17,78.0,170.0,30.0,46.0,900.0,66.0,8.9,1010.3,-2.4,0.0,SSW,3.9,Aotizhongxin,2013-03-22 17:00:00
523,2013,3,22,18,76.0,157.0,29.0,47.0,900.0,66.0,8.1,1010.7,-3.4,0.0,SSW,3.0,Aotizhongxin,2013-03-22 18:00:00
524,2013,3,22,19,68.0,136.0,26.0,54.0,900.0,59.0,7.8,1011.0,-3.7,0.0,S,2.7,Aotizhongxin,2013-03-22 19:00:00
525,2013,3,22,20,66.0,119.0,24.0,69.0,800.0,42.0,7.1,1011.8,-3.8,0.0,SSE,3.3,Aotizhongxin,2013-03-22 20:00:00
526,2013,3,22,21,64.0,118.0,24.0,69.0,800.0,31.0,5.6,1011.7,-3.8,0.0,S,2.1,Aotizhongxin,2013-03-22 21:00:00
527,2013,3,22,22,59.0,100.0,23.0,68.0,900.0,22.0,4.3,1011.8,-3.5,0.0,SSE,1.9,Aotizhongxin,2013-03-22 22:00:00
528,2013,3,22,23,61.0,105.0,16.0,89.0,1200.0,2.0,3.1,1011.1,-3.3,0.0,SE,1.9,Aotizhongxin,2013-03-22 23:00:00
529,2013,3,23,0,64.0,93.0,15.0,85.0,1500.0,2.0,2.7,1010.7,-3.0,0.0,SSE,1.7,Aotizhongxin,2013-03-23 00:00:00
530,2013,3,23,1,60.0,81.0,13.0,80.0,1399.0,4.0,2.2,1009.8,-2.7,0.0,SSE,2.1,Aotizhongxin,2013-03-23 01:00:00
531,2013,3,23,2,51.0,76.0,13.0,84.0,1300.0,2.0,2.0,1009.1,-2.7,0.0,SSW,0.9,Aotizhongxin,2013-03-23 02:00:00
532,2013,3,23,3,51.0,70.0,12.0,85.0,1300.0,2.0,1.5,1008.5,-2.5,0.0,WNW,0.6,Aotizhongxin,2013-03-23 03:00:00
533,2013,3,23,4,44.0,71.0,10.0,85.0,1300.0,2.0,0.8,1007.7,-2.3,0.0,N,1.3,Aotizhongxin,2013-03-23 04:00:00
534,2013,3,23,5,44.0,71.0,10.0,76.0,1300.0,2.0,0.8,1007.5,-2.1,0.0,NE,1.1,Aotizhongxin,2013-03-23 05:00:00
535,2013,3,23,6,51.0,69.0,8.0,70.0,1300.0,2.0,1.0,1007.4,-1.9,0.0,NNE,1.5,Aotizhongxin,2013-03-23 06:00:00
536,2013,3,23,7,53.0,71.0,8.0,65.0,1300.0,2.0,1.8,1006.4,-3.1,0.0,SSW,2.1,Aotizhongxin,2013-03-23 07:00:00
537,2013,3,23,8,62.0,75.0,12.0,65.0,1300.0,2.0,3.4,1005.3,-4.6,0.0,ESE,2.3,Aotizhongxin,2013-03-23 08:00:00
538,2013,3,23,9,78.0,105.0,32.0,69.0,1300.0,2.0,4.5,1005.4,-5.0,0.0,NE,1.5,Aotizhongxin,2013-03-23 09:00:00
539,2013,3,23,10,79.0,104.0,70.0,72.0,1300.0,10.0,4.2,1005.2,-4.5,0.0,NNE,1.9,Aotizhongxin,2013-03-23 10:00:00
540,2013,3,23,11,80.0,111.0,83.0,70.0,1300.0,17.0,5.0,1004.8,-4.6,0.0,NE,4.1,Aotizhongxin,2013-03-23 11:00:00
541,2013,3,23,12,81.0,111.0,76.0,66.0,1300.0,22.0,5.1,1004.4,-5.0,0.0,N,0.9,Aotizhongxin,2013-03-23 12:00:00
542,2013,3,23,13,77.0,110.0,78.0,70.0,1300.0,24.0,7.4,1003.8,-3.8,0.0,ENE,0.8,Aotizhongxin,2013-03-23 13:00:00
543,2013,3,23,14,84.0,105.0,74.0,70.0,1300.0,25.0,10.3,1003.4,-3.1,0.0,ENE,2.3,Aotizhongxin,2013-03-23 14:00:00
544,2013,3,23,15,89.0,132.0,75.0,72.0,1300.0,27.0,10.6,1004.8,-3.5,0.0,NE,1.3,Aotizhongxin,2013-03-23 15:00:00
545,2013,3,23,16,86.0,165.0,67.0,72.0,1300.0,29.0,11.9,1006.0,-7.5,0.0,NNW,8.3,Aotizhongxin,2013-03-23 16:00:00
546,2013,3,23,17,63.0,234.0,33.0,46.0,1300.0,51.0,9.0,1008.2,-8.6,0.0,NNE,3.7,Aotizhongxin,2013-03-23 17:00:00
547,2013,3,23,18,18.0,114.0,7.0,12.0,1300.0,75.0,7.1,1010.5,-10.2,0.0,NNE,4.1,Aotizhongxin,2013-03-23 18:00:00
548,2013,3,23,19,14.0,56.0,4.0,16.0,1300.0,70.0,6.0,1012.8,-12.6,0.0,NNE,4.3,Aotizhongxin,2013-03-23 19:00:00
549,2013,3,23,20,14.0,40.0,4.0,16.0,1300.0,73.0,5.2,1014.4,-12.8,0.0,NNE,2.3,Aotizhongxin,2013-03-23 20:00:00
550,2013,3,23,21,11.0,30.0,3.0,13.0,1300.0,78.0,4.6,1015.3,-15.3,0.0,NNE,3.9,Aotizhongxin,2013-03-23 21:00:00
551,2013,3,23,22,7.0,16.0,3.0,12.0,1300.0,78.0,3.9,1016.0,-14.9,0.0,NNE,2.8,Aotizhongxin,2013-03-23 22:00:00
552,2013,3,23,23,5.0,18.0,3.0,12.0,1300.0,76.0,3.5,1016.7,-14.7,0.0,NE,2.1,Aotizhongxin,2013-03-23 23:00:00
553,2013,3,24,0,6.0,14.0,3.0,11.0,1300.0,75.0,2.7,1017.3,-14.0,0.0,NNE,2.2,Aotizhongxin,2013-03-24 00:00:00
554,2013,3,24,1,8.0,31.0,7.0,25.0,1300.0,57.0,2.0,1017.6,-13.4,0.0,NNE,2.4,Aotizhongxin,2013-03-24 01:00:00
555,2013,3,24,2,10.0,24.0,6.0,27.0,1300.0,53.0,2.0,1017.7,-14.2,0.0,NNE,3.4,Aotizhongxin,2013-03-24 02:00:00
556,2013,3,24,3,11.0,22.0,6.0,31.0,1300.0,46.0,1.6,1017.5,-14.1,0.0,NNE,3.3,Aotizhongxin,2013-03-24 03:00:00
557,2013,3,24,4,13.0,25.0,7.0,37.0,1300.0,41.0,1.5,1017.7,-14.6,0.0,N,4.4,Aotizhongxin,2013-03-24 04:00:00
558,2013,3,24,5,13.0,25.0,7.0,37.0,1300.0,36.0,1.0,1018.4,-13.9,0.0,NNE,2.8,Aotizhongxin,2013-03-24 05:00:00
559,2013,3,24,6,18.0,36.0,7.0,52.0,1300.0,26.0,1.1,1018.7,-13.8,0.0,NNE,2.2,Aotizhongxin,2013-03-24 06:00:00
560,2013,3,24,7,11.0,15.0,10.0,40.0,1300.0,39.0,2.8,1019.3,-14.4,0.0,N,2.3,Aotizhongxin,2013-03-24 07:00:00
561,2013,3,24,8,14.0,26.0,10.0,38.0,1300.0,45.0,4.3,1019.5,-15.1,0.0,NNE,3.1,Aotizhongxin,2013-03-24 08:00:00
562,2013,3,24,9,14.0,19.0,12.0,24.0,1300.0,56.0,5.6,1019.5,-16.3,0.0,NNW,3.9,Aotizhongxin,2013-03-24 09:00:00
563,2013,3,24,10,3.0,10.0,11.0,16.0,1300.0,67.0,5.9,1019.0,-16.0,0.0,NNW,3.0,Aotizhongxin,2013-03-24 10:00:00
564,2013,3,24,11,11.0,13.0,11.0,16.0,1300.0,70.0,7.5,1017.8,-15.4,0.0,NNW,2.7,Aotizhongxin,2013-03-24 11:00:00
565,2013,3,24,12,10.0,12.0,13.0,15.0,1300.0,71.0,8.8,1016.3,-15.0,0.0,ENE,1.8,Aotizhongxin,2013-03-24 12:00:00
566,2013,3,24,13,3.0,8.0,12.0,12.0,1300.0,76.0,9.7,1014.8,-12.2,0.0,W,2.7,Aotizhongxin,2013-03-24 13:00:00
567,2013,3,24,14,4.0,8.0,10.0,12.0,1300.0,78.0,10.4,1013.6,-15.2,0.0,N,2.0,Aotizhongxin,2013-03-24 14:00:00
568,2013,3,24,15,3.0,10.0,10.0,12.0,1300.0,81.0,10.6,1012.9,-12.1,0.0,SSW,1.9,Aotizhongxin,2013-03-24 15:00:00
569,2013,3,24,16,9.0,16.0,11.0,13.0,1300.0,81.0,9.5,1012.7,-12.4,0.0,WSW,3.4,Aotizhongxin,2013-03-24 16:00:00
570,2013,3,24,17,14.0,24.0,10.0,24.0,1300.0,73.0,7.9,1012.6,-11.5,0.0,WSW,3.7,Aotizhongxin,2013-03-24 17:00:00
571,2013,3,24,18,23.0,48.0,10.0,41.0,1300.0,61.0,6.9,1013.1,-10.8,0.0,SW,4.0,Aotizhongxin,2013-03-24 18:00:00
572,2013,3,24,19,32.0,74.0,11.0,62.0,1300.0,49.266,6.3,1014.0,-10.0,0.0,SW,3.3,Aotizhongxin,2013-03-24 19:00:00
573,2013,3,24,20,43.0,101.0,19.0,67.0,1300.0,36.6282,5.9,1014.5,-10.0,0.0,SW,2.4,Aotizhongxin,2013-03-24 20:00:00
574,2013,3,24,21,56.0,120.0,32.0,76.0,1300.0,26.775,5.2,1014.7,-9.4,0.0,WSW,2.2,Aotizhongxin,2013-03-24 21:00:00
575,2013,3,24,22,61.0,114.0,29.0,86.0,1300.0,18.6354,2.6,1015.2,-8.2,0.0,WSW,1.1,Aotizhongxin,2013-03-24 22:00:00
576,2013,3,24,23,55.0,108.0,29.0,78.0,1300.0,23.0,0.9,1015.8,-7.6,0.0,NW,0.4,Aotizhongxin,2013-03-24 23:00:00
577,2013,3,25,0,56.0,108.0,30.0,79.0,1300.0,7.2828,0.3,1016.2,-4.3,0.0,E,0.4,Aotizhongxin,2013-03-25 00:00:00
578,2013,3,25,1,66.0,121.0,51.0,99.0,1300.0,0.6426,-0.3,1016.4,-6.3,0.0,SE,1.1,Aotizhongxin,2013-03-25 01:00:00
579,2013,3,25,2,73.0,121.0,42.0,105.0,1300.0,1.071,0.5,1017.0,-6.8,0.0,NNE,1.3,Aotizhongxin,2013-03-25 02:00:00
580,2013,3,25,3,79.0,140.0,26.0,95.0,1300.0,1.4994,0.3,1017.4,-5.1,0.0,NE,1.2,Aotizhongxin,2013-03-25 03:00:00
581,2013,3,25,4,80.0,136.0,18.0,92.0,1300.0,1.9278,-0.6,1017.7,-4.5,0.0,NNE,1.3,Aotizhongxin,2013-03-25 04:00:00
582,2013,3,25,5,71.0,113.0,10.0,87.0,1300.0,2.3562,-1.1,1018.1,-4.8,0.0,NE,1.7,Aotizhongxin,2013-03-25 05:00:00
583,2013,3,25,6,71.0,95.0,8.0,83.0,1300.0,2.7846,-0.9,1018.1,-4.6,0.0,NNE,1.5,Aotizhongxin,2013-03-25 06:00:00
584,2013,3,25,7,77.0,101.0,8.0,83.0,1300.0,3.213,0.8,1018.5,-4.6,0.0,NE,1.9,Aotizhongxin,2013-03-25 07:00:00
585,2013,3,25,8,108.0,166.0,58.0,83.0,1300.0,3.6414,2.7,1018.6,-4.8,0.0,ESE,0.6,Aotizhongxin,2013-03-25 08:00:00
586,2013,3,25,9,120.0,166.0,150.0,85.0,1300.0,4.0698,4.3,1018.4,-5.0,0.0,E,2.0,Aotizhongxin,2013-03-25 09:00:00
587,2013,3,25,10,121.0,160.0,129.0,94.0,1300.0,7.2828,6.5,1017.4,-5.2,0.0,ESE,1.1,Aotizhongxin,2013-03-25 10:00:00
588,2013,3,25,11,110.0,136.0,89.0,88.0,1300.0,21.6342,7.8,1016.8,-5.0,0.0,ESE,1.9,Aotizhongxin,2013-03-25 11:00:00
589,2013,3,25,12,111.0,124.0,73.0,85.0,1300.0,32.7726,9.2,1015.5,-5.5,0.0,SSE,2.3,Aotizhongxin,2013-03-25 12:00:00
590,2013,3,25,13,119.0,142.0,69.0,100.0,1300.0,32.9868,10.0,1014.5,-5.6,0.0,S,3.1,Aotizhongxin,2013-03-25 13:00:00
591,2013,3,25,14,124.0,168.0,60.0,102.0,1300.0,43.2684,10.6,1013.5,-5.4,0.0,SW,1.9,Aotizhongxin,2013-03-25 14:00:00
592,2013,3,25,15,133.0,165.0,56.0,88.0,1300.0,65.7594,10.8,1013.0,-5.7,0.0,SSW,3.0,Aotizhongxin,2013-03-25 15:00:00
593,2013,3,25,16,118.0,147.0,47.0,61.0,1300.0,82.0,10.3,1012.5,-6.1,0.0,SW,4.5,Aotizhongxin,2013-03-25 16:00:00
594,2013,3,25,17,109.0,140.0,47.0,63.0,1100.0,76.0,9.8,1012.5,-6.1,0.0,WSW,3.6,Aotizhongxin,2013-03-25 17:00:00
595,2013,3,25,18,113.0,163.0,42.0,63.0,1100.0,78.0,9.2,1012.6,-5.1,0.0,SSW,1.9,Aotizhongxin,2013-03-25 18:00:00
596,2013,3,25,19,123.0,174.0,50.0,79.0,1200.0,61.0,8.9,1012.7,-6.5,0.0,SSW,2.9,Aotizhongxin,2013-03-25 19:00:00
597,2013,3,25,20,146.0,203.0,61.0,108.0,1399.0,40.0,8.5,1013.1,-6.9,0.0,SSW,3.4,Aotizhongxin,2013-03-25 20:00:00
598,2013,3,25,21,117.0,162.0,46.0,98.0,1200.0,38.0,7.9,1012.6,-7.0,0.0,SSW,2.2,Aotizhongxin,2013-03-25 21:00:00
599,2013,3,25,22,109.0,151.0,44.0,94.0,1200.0,33.0,5.4,1012.2,-4.5,0.0,W,0.8,Aotizhongxin,2013-03-25 22:00:00
600,2013,3,25,23,100.0,138.0,46.0,80.0,1100.0,34.0,2.7,1011.9,-3.6,0.0,WNW,0.4,Aotizhongxin,2013-03-25 23:00:00
601,2013,3,26,0,101.0,161.0,45.0,102.0,1000.0,16.0,1.7,1011.8,-1.9,0.0,NW,0.7,Aotizhongxin,2013-03-26 00:00:00
602,2013,3,26,1,100.0,166.0,49.0,108.0,1000.0,7.0,1.1,1011.4,-2.3,0.0,W,0.4,Aotizhongxin,2013-03-26 01:00:00
603,2013,3,26,2,105.0,168.0,50.0,113.0,1200.0,2.0,0.2,1011.1,-3.4,0.0,SSW,0.5,Aotizhongxin,2013-03-26 02:00:00
604,2013,3,26,3,131.0,200.0,71.0,108.0,1299.5,2.0,-0.3,1010.5,-2.8,0.0,SSW,0.1,Aotizhongxin,2013-03-26 03:00:00
605,2013,3,26,4,172.0,223.0,79.0,109.0,1399.0,2.0,-0.4,1010.5,-2.3,0.0,NE,0.9,Aotizhongxin,2013-03-26 04:00:00
606,2013,3,26,5,190.0,260.0,66.0,95.0,1600.0,2.0,-0.2,1010.5,-2.4,0.0,ENE,0.8,Aotizhongxin,2013-03-26 05:00:00
607,2013,3,26,6,190.0,243.0,48.0,85.0,1500.0,2.0,1.1,1011.2,-2.7,0.0,NE,1.2,Aotizhongxin,2013-03-26 06:00:00
608,2013,3,26,7,182.0,219.0,23.0,71.0,1500.0,2.0,3.2,1010.6,-3.8,0.0,NE,1.4,Aotizhongxin,2013-03-26 07:00:00
609,2013,3,26,8,185.0,237.0,50.0,102.0,2500.0,2.0,4.8,1010.3,-2.5,0.0,NE,1.2,Aotizhongxin,2013-03-26 08:00:00
610,2013,3,26,9,194.0,279.0,76.0,118.0,2899.0,2.0,6.6,1010.1,-3.9,0.0,WSW,0.8,Aotizhongxin,2013-03-26 09:00:00
611,2013,3,26,10,209.0,292.0,84.0,122.0,2600.0,2.0,8.2,1009.5,-4.0,0.0,SW,0.8,Aotizhongxin,2013-03-26 10:00:00
612,2013,3,26,11,209.0,264.0,76.0,104.0,1800.0,6.0,9.7,1008.6,-0.2,0.0,SW,2.6,Aotizhongxin,2013-03-26 11:00:00
613,2013,3,26,12,220.0,256.0,76.0,95.0,1500.0,17.0,10.7,1007.6,-0.2,0.0,SSE,2.7,Aotizhongxin,2013-03-26 12:00:00
614,2013,3,26,13,223.0,256.0,78.0,90.0,1399.0,28.0,11.8,1006.3,0.5,0.0,SSW,2.9,Aotizhongxin,2013-03-26 13:00:00
615,2013,3,26,14,214.0,241.0,73.0,85.0,1300.0,39.0,12.3,1005.3,-0.3,0.0,SW,5.4,Aotizhongxin,2013-03-26 14:00:00
616,2013,3,26,15,200.0,240.0,92.0,85.0,1399.0,47.0,12.8,1004.3,0.2,0.0,SW,4.3,Aotizhongxin,2013-03-26 15:00:00
617,2013,3,26,16,209.0,282.0,101.0,93.0,1500.0,43.0,12.9,1003.4,0.3,0.0,SSW,3.1,Aotizhongxin,2013-03-26 16:00:00
618,2013,3,26,17,199.0,274.0,112.0,107.0,1600.0,29.0,12.5,1003.6,0.6,0.0,SW,3.8,Aotizhongxin,2013-03-26 17:00:00
619,2013,3,26,18,204.0,277.0,123.0,116.0,1899.0,20.0,11.8,1003.7,1.4,0.0,SSW,1.2,Aotizhongxin,2013-03-26 18:00:00
620,2013,3,26,19,204.0,277.0,123.0,116.0,2099.0,10.4958,11.4,1004.1,2.1,0.0,S,1.3,Aotizhongxin,2013-03-26 19:00:00
621,2013,3,26,20,226.0,302.0,99.0,139.0,2299.0,2.0,10.3,1005.0,0.9,0.0,NNW,2.1,Aotizhongxin,2013-03-26 20:00:00
622,2013,3,26,21,222.0,298.0,87.0,137.0,2399.0,2.0,7.7,1004.5,2.4,0.0,ESE,0.1,Aotizhongxin,2013-03-26 21:00:00
623,2013,3,26,22,229.0,326.0,66.0,132.0,2399.0,2.0,6.2,1004.2,1.9,0.0,NNE,0.5,Aotizhongxin,2013-03-26 22:00:00
624,2013,3,26,23,181.0,291.0,55.0,119.0,1700.0,2.0,7.1,1003.5,3.3,0.0,SSW,1.1,Aotizhongxin,2013-03-26 23:00:00
625,2013,3,27,0,143.0,230.0,44.0,86.0,1100.0,2.0,8.0,1002.9,3.8,0.0,SSW,1.5,Aotizhongxin,2013-03-27 00:00:00
626,2013,3,27,1,131.0,212.0,34.0,67.0,900.0,8.0,7.3,1002.8,3.9,0.0,SW,1.9,Aotizhongxin,2013-03-27 01:00:00
627,2013,3,27,2,128.0,187.0,35.0,55.0,900.0,11.0,6.1,1002.2,3.6,0.0,SSW,1.0,Aotizhongxin,2013-03-27 02:00:00
628,2013,3,27,3,129.0,163.0,33.875,54.0,900.0,6.5,4.3,1001.7,3.0,0.0,W,0.8,Aotizhongxin,2013-03-27 03:00:00
629,2013,3,27,4,135.0,161.0,32.75,54.0,900.0,2.0,2.9,1001.5,1.9,0.0,W,0.9,Aotizhongxin,2013-03-27 04:00:00
630,2013,3,27,5,135.0,153.0,31.625,64.0,1000.0,2.0,2.8,1001.4,2.2,0.0,SSW,0.5,Aotizhongxin,2013-03-27 05:00:00
631,2013,3,27,6,138.0,147.0,30.5,63.0,1000.0,2.0,4.2,1003.3,1.1,0.0,NE,1.4,Aotizhongxin,2013-03-27 06:00:00
632,2013,3,27,7,186.0,193.0,29.375,66.0,1700.0,2.0,5.3,1004.2,2.1,0.0,NNE,1.6,Aotizhongxin,2013-03-27 07:00:00
633,2013,3,27,8,221.0,319.0,28.25,65.0,2399.0,2.0,7.6,1004.6,3.6,0.0,NE,2.0,Aotizhongxin,2013-03-27 08:00:00
634,2013,3,27,9,159.0,216.0,27.125,61.0,1500.0,2.0,10.6,1004.5,3.8,0.0,ENE,3.3,Aotizhongxin,2013-03-27 09:00:00
635,2013,3,27,10,182.0,243.0,26.0,55.0,1399.0,7.0,14.5,1003.8,0.0,0.0,NE,2.5,Aotizhongxin,2013-03-27 10:00:00
636,2013,3,27,11,186.0,206.0,53.0,58.0,1300.0,23.0,17.2,1003.3,-2.0,0.0,ENE,4.4,Aotizhongxin,2013-03-27 11:00:00
637,2013,3,27,12,132.0,129.0,50.0,49.0,900.0,51.0,18.6,1003.2,-5.5,0.0,NNW,5.4,Aotizhongxin,2013-03-27 12:00:00
638,2013,3,27,13,45.0,70.0,30.0,24.0,500.0,76.0,19.5,1002.8,-5.5,0.0,NW,3.3,Aotizhongxin,2013-03-27 13:00:00
639,2013,3,27,14,45.0,70.0,30.0,24.0,300.0,89.0,18.9,1002.9,-6.7,0.0,N,5.0,Aotizhongxin,2013-03-27 14:00:00
640,2013,3,27,15,14.0,34.0,11.0,12.0,400.0,92.0,18.2,1003.4,-8.1,0.0,N,5.8,Aotizhongxin,2013-03-27 15:00:00
641,2013,3,27,16,13.0,49.0,8.0,12.0,400.0,93.6054,17.2,1003.9,-10.6,0.0,N,4.4,Aotizhongxin,2013-03-27 16:00:00
642,2013,3,27,17,14.0,42.0,7.0,13.0,400.0,90.0,14.5,1005.5,-12.7,0.0,NE,3.9,Aotizhongxin,2013-03-27 17:00:00
643,2013,3,27,18,12.0,18.0,4.0,15.0,400.0,85.0,12.7,1007.2,-13.3,0.0,NNE,3.5,Aotizhongxin,2013-03-27 18:00:00
644,2013,3,27,19,10.0,26.0,4.0,19.0,400.0,82.0,11.6,1009.0,-15.1,0.0,NE,4.2,Aotizhongxin,2013-03-27 19:00:00
645,2013,3,27,20,11.0,21.0,4.0,25.0,400.0,75.0,10.9,1010.5,-14.8,0.0,NNE,2.7,Aotizhongxin,2013-03-27 20:00:00
646,2013,3,27,21,12.0,21.0,4.0,34.0,500.0,66.0,10.4,1012.2,-15.2,0.0,NNE,3.2,Aotizhongxin,2013-03-27 21:00:00
647,2013,3,27,22,9.0,20.0,4.0,28.0,400.0,69.0,9.7,1013.0,-15.0,0.0,NE,2.3,Aotizhongxin,2013-03-27 22:00:00
648,2013,3,27,23,9.0,20.0,4.0,28.0,400.0,61.0,8.1,1014.0,-14.2,0.0,ENE,2.8,Aotizhongxin,2013-03-27 23:00:00
649,2013,3,28,0,16.0,33.0,6.0,34.0,400.0,60.0,6.8,1014.4,-14.1,0.0,ENE,2.3,Aotizhongxin,2013-03-28 00:00:00
650,2013,3,28,1,16.0,34.0,7.0,34.0,400.0,66.0,5.9,1014.7,-11.7,0.0,ENE,2.0,Aotizhongxin,2013-03-28 01:00:00
651,2013,3,28,2,6.0,20.0,9.0,28.0,400.0,62.0,5.3,1014.8,-13.7,0.0,ENE,3.0,Aotizhongxin,2013-03-28 02:00:00
652,2013,3,28,3,12.0,21.0,7.0,40.0,400.0,51.0,4.5,1014.8,-12.5,0.0,NE,2.1,Aotizhongxin,2013-03-28 03:00:00
653,2013,3,28,4,12.0,22.0,8.0,40.0,400.0,52.0,4.3,1015.7,-13.6,0.0,NE,2.0,Aotizhongxin,2013-03-28 04:00:00
654,2013,3,28,5,10.0,23.0,8.0,32.0,400.0,56.0,4.3,1016.3,-15.1,0.0,NE,2.3,Aotizhongxin,2013-03-28 05:00:00
655,2013,3,28,6,13.0,22.0,17.0,38.0,400.0,48.0,4.6,1016.9,-14.8,0.0,E,1.0,Aotizhongxin,2013-03-28 06:00:00
656,2013,3,28,7,8.0,18.0,14.0,39.0,400.0,48.0,5.4,1017.3,-15.8,0.0,NNE,2.1,Aotizhongxin,2013-03-28 07:00:00
657,2013,3,28,8,13.0,32.0,13.0,53.0,500.0,38.0,6.8,1017.6,-15.9,0.0,NE,1.8,Aotizhongxin,2013-03-28 08:00:00
658,2013,3,28,9,13.0,32.0,13.0,53.0,500.0,52.0,7.4,1017.7,-16.1,0.0,ENE,1.4,Aotizhongxin,2013-03-28 09:00:00
659,2013,3,28,10,10.0,30.0,10.0,41.0,500.0,59.0,8.8,1017.6,-11.8,0.0,SE,1.4,Aotizhongxin,2013-03-28 10:00:00
660,2013,3,28,11,13.0,35.0,10.0,43.0,500.0,52.0,9.5,1017.1,-8.6,0.0,N,3.4,Aotizhongxin,2013-03-28 11:00:00
661,2013,3,28,12,10.0,39.0,10.0,26.0,500.0,67.0,10.7,1016.3,-10.8,0.0,NNW,2.7,Aotizhongxin,2013-03-28 12:00:00
662,2013,3,28,13,13.0,50.0,13.0,15.0,500.0,81.0,11.2,1015.0,-8.1,0.0,WSW,5.1,Aotizhongxin,2013-03-28 13:00:00
663,2013,3,28,14,17.0,17.0,10.0,10.0,400.0,87.0,12.7,1014.1,-9.1,0.0,W,3.5,Aotizhongxin,2013-03-28 14:00:00
664,2013,3,28,15,9.0,24.0,9.0,9.0,400.0,88.0,13.8,1013.5,-14.2,0.0,NW,3.2,Aotizhongxin,2013-03-28 15:00:00
665,2013,3,28,16,3.0,6.0,6.0,12.0,400.0,88.0,14.2,1013.5,-13.0,0.0,NW,1.9,Aotizhongxin,2013-03-28 16:00:00
666,2013,3,28,17,10.0,14.0,9.0,15.0,400.0,86.0,12.9,1013.3,-14.0,0.0,WNW,1.7,Aotizhongxin,2013-03-28 17:00:00
667,2013,3,28,18,10.0,14.0,9.0,15.0,500.0,82.0,9.5,1014.2,-2.8,0.0,WSW,3.9,Aotizhongxin,2013-03-28 18:00:00
668,2013,3,28,19,49.0,146.0,14.0,42.0,700.0,62.0,8.5,1014.9,-1.9,0.0,SW,3.6,Aotizhongxin,2013-03-28 19:00:00
669,2013,3,28,20,95.0,193.0,22.0,70.0,1100.0,40.0,8.2,1015.6,-1.9,0.0,SW,1.4,Aotizhongxin,2013-03-28 20:00:00
670,2013,3,28,21,109.0,176.0,25.0,80.0,1300.0,33.0,6.4,1016.2,-2.2,0.0,S,0.4,Aotizhongxin,2013-03-28 21:00:00
671,2013,3,28,22,108.0,159.0,26.0,93.0,1500.0,20.0,4.6,1016.1,-1.8,0.0,WSW,0.2,Aotizhongxin,2013-03-28 22:00:00
672,2013,3,28,23,105.0,155.0,29.0,94.0,1399.0,12.0,2.8,1016.0,-2.3,0.0,NE,1.0,Aotizhongxin,2013-03-28 23:00:00
673,2013,3,29,0,93.0,127.0,31.0,104.0,1300.0,5.0,2.1,1016.3,-3.8,0.0,NE,1.4,Aotizhongxin,2013-03-29 00:00:00
674,2013,3,29,1,66.0,73.0,23.0,102.0,900.0,2.0,2.6,1016.6,-5.8,0.0,ENE,1.1,Aotizhongxin,2013-03-29 01:00:00
675,2013,3,29,2,76.0,168.0,22.0,104.0,1000.0,2.0,2.2,1016.4,-5.7,0.0,ESE,0.4,Aotizhongxin,2013-03-29 02:00:00
676,2013,3,29,3,84.0,151.0,24.0,102.0,1100.0,2.0,3.5,1016.3,-4.7,0.0,ENE,1.5,Aotizhongxin,2013-03-29 03:00:00
677,2013,3,29,4,84.0,128.0,25.0,96.0,1100.0,2.0,3.2,1016.9,-6.0,0.0,NE,1.3,Aotizhongxin,2013-03-29 04:00:00
678,2013,3,29,5,84.0,128.0,25.0,96.0,1300.0,2.0,2.2,1017.6,-5.9,0.0,NE,1.2,Aotizhongxin,2013-03-29 05:00:00
679,2013,3,29,6,94.0,168.0,25.0,89.0,1399.0,2.0,2.6,1018.0,-5.8,0.0,NE,2.0,Aotizhongxin,2013-03-29 06:00:00
680,2013,3,29,7,90.0,163.0,21.0,84.0,1600.0,2.0,4.2,1018.4,-4.5,0.0,NNE,1.5,Aotizhongxin,2013-03-29 07:00:00
681,2013,3,29,8,91.0,158.0,45.0,86.0,2799.0,2.0,6.5,1018.8,-5.8,0.0,E,2.3,Aotizhongxin,2013-03-29 08:00:00
682,2013,3,29,9,100.0,156.0,102.0,87.0,3299.0,4.0,7.9,1018.3,-7.4,0.0,NNE,1.4,Aotizhongxin,2013-03-29 09:00:00
683,2013,3,29,10,100.0,156.0,102.0,88.0,2699.5,12.4236,8.7,1017.6,-7.9,0.0,ENE,2.3,Aotizhongxin,2013-03-29 10:00:00
684,2013,3,29,11,73.0,102.0,61.0,76.0,2100.0,30.0,9.6,1016.3,-8.5,0.0,ENE,1.5,Aotizhongxin,2013-03-29 11:00:00
685,2013,3,29,12,75.0,99.0,57.0,70.0,1899.0,40.0,9.1,1015.8,-7.2,0.0,E,1.9,Aotizhongxin,2013-03-29 12:00:00
686,2013,3,29,13,88.0,146.0,58.0,65.0,2000.0,48.0,9.8,1014.9,-6.1,0.0,NW,0.4,Aotizhongxin,2013-03-29 13:00:00
687,2013,3,29,14,113.0,161.0,61.0,82.0,2100.0,39.0,9.6,1014.4,-6.7,0.0,ESE,0.8,Aotizhongxin,2013-03-29 14:00:00
688,2013,3,29,15,114.0,152.0,53.0,86.0,1899.0,39.0,9.5,1014.2,-5.2,0.0,ENE,1.7,Aotizhongxin,2013-03-29 15:00:00
689,2013,3,29,16,108.0,146.0,49.0,93.0,1700.0,33.0,9.6,1014.1,-5.9,0.0,N,0.8,Aotizhongxin,2013-03-29 16:00:00
690,2013,3,29,17,109.0,146.0,49.0,94.0,1500.0,27.6318,9.1,1013.9,-6.0,0.0,NE,2.5,Aotizhongxin,2013-03-29 17:00:00
691,2013,3,29,18,91.0,131.0,54.0,93.0,1300.0,30.0,8.3,1014.3,-3.9,0.0,ENE,1.9,Aotizhongxin,2013-03-29 18:00:00
692,2013,3,29,19,92.0,141.0,48.0,106.0,1200.0,22.0,7.5,1015.0,-1.5,0.0,ESE,2.4,Aotizhongxin,2013-03-29 19:00:00
693,2013,3,29,20,93.0,237.0,41.0,101.0,1399.0,11.0,6.0,1016.1,-3.4,0.0,SE,2.3,Aotizhongxin,2013-03-29 20:00:00
694,2013,3,29,21,70.0,136.0,48.0,81.0,1200.0,16.0,5.3,1016.7,-3.3,0.0,S,1.8,Aotizhongxin,2013-03-29 21:00:00
695,2013,3,29,22,64.0,110.0,49.0,72.0,900.0,16.0,5.2,1016.7,-2.9,0.0,ESE,2.0,Aotizhongxin,2013-03-29 22:00:00
696,2013,3,29,23,57.0,87.0,59.0,67.0,900.0,17.0,4.7,1017.1,-3.3,0.0,ENE,1.3,Aotizhongxin,2013-03-29 23:00:00
697,2013,3,30,0,57.0,87.0,59.0,67.0,900.0,16.0,4.3,1017.1,-4.5,0.0,E,1.4,Aotizhongxin,2013-03-30 00:00:00
698,2013,3,30,1,66.0,84.0,48.0,67.0,1500.0,13.0,3.8,1017.0,-5.7,0.0,ENE,2.2,Aotizhongxin,2013-03-30 01:00:00
699,2013,3,30,2,60.0,90.0,54.0,70.0,2000.0,10.0,2.9,1016.8,-3.5,0.0,ENE,1.5,Aotizhongxin,2013-03-30 02:00:00
700,2013,3,30,3,67.0,97.0,58.0,71.0,2100.0,8.0,2.9,1016.9,-4.3,0.0,ENE,1.8,Aotizhongxin,2013-03-30 03:00:00
701,2013,3,30,4,71.0,99.0,74.0,74.0,2299.0,5.0,2.5,1016.7,-4.3,0.0,E,1.4,Aotizhongxin,2013-03-30 04:00:00
702,2013,3,30,5,73.0,118.0,90.0,85.0,2700.0,3.0,2.6,1016.7,-6.0,0.0,NNE,0.4,Aotizhongxin,2013-03-30 05:00:00
703,2013,3,30,6,66.0,103.0,87.0,84.0,2799.0,9.0,2.5,1017.4,-5.2,0.0,NNE,1.7,Aotizhongxin,2013-03-30 06:00:00
704,2013,3,30,7,70.0,128.0,86.0,83.0,2799.0,9.0,4.1,1017.7,-4.9,0.0,N,0.7,Aotizhongxin,2013-03-30 07:00:00
705,2013,3,30,8,82.0,145.0,94.0,92.0,2799.0,3.0,5.7,1018.4,-6.6,0.0,N,2.3,Aotizhongxin,2013-03-30 08:00:00
706,2013,3,30,9,77.0,133.0,107.0,85.0,2600.0,14.0,7.3,1018.3,-5.8,0.0,NE,2.8,Aotizhongxin,2013-03-30 09:00:00
707,2013,3,30,10,79.0,129.0,99.0,72.0,2399.0,31.0,8.4,1018.2,-5.5,0.0,SSW,1.3,Aotizhongxin,2013-03-30 10:00:00
708,2013,3,30,11,79.0,129.0,99.0,72.0,2200.0,42.0,9.4,1017.6,-5.7,0.0,NE,2.1,Aotizhongxin,2013-03-30 11:00:00
709,2013,3,30,12,92.0,134.0,86.0,62.0,2000.0,53.0,10.3,1016.6,-3.1,0.0,SE,1.7,Aotizhongxin,2013-03-30 12:00:00
710,2013,3,30,13,81.0,108.0,74.0,46.0,1500.0,72.0,10.8,1015.7,-1.6,0.0,SSW,1.9,Aotizhongxin,2013-03-30 13:00:00
711,2013,3,30,14,94.0,126.0,72.0,51.0,1600.0,76.0,10.9,1015.0,0.0,0.0,S,1.8,Aotizhongxin,2013-03-30 14:00:00
712,2013,3,30,15,94.0,126.0,72.0,51.0,1500.0,75.0,10.8,1014.6,-0.7,0.0,SSE,2.4,Aotizhongxin,2013-03-30 15:00:00
713,2013,3,30,16,95.0,123.0,49.0,46.0,900.0,72.0,10.0,1014.5,-0.5,0.0,SE,2.5,Aotizhongxin,2013-03-30 16:00:00
714,2013,3,30,17,88.0,110.0,47.0,50.0,800.0,70.0,9.0,1015.1,-0.3,0.0,SSE,2.4,Aotizhongxin,2013-03-30 17:00:00
715,2013,3,30,18,80.0,105.0,40.0,56.0,700.0,66.0,7.7,1015.5,0.9,0.0,S,1.7,Aotizhongxin,2013-03-30 18:00:00
716,2013,3,30,19,84.0,98.0,28.0,56.0,700.0,57.0,6.8,1016.9,1.3,0.0,S,1.5,Aotizhongxin,2013-03-30 19:00:00
717,2013,3,30,20,88.0,104.0,20.0,68.0,800.0,40.0,6.1,1017.6,1.0,0.0,SSE,1.4,Aotizhongxin,2013-03-30 20:00:00
718,2013,3,30,21,88.0,104.0,20.0,68.0,800.0,27.0,5.5,1017.8,1.2,0.0,SSW,1.5,Aotizhongxin,2013-03-30 21:00:00
719,2013,3,30,22,86.0,92.0,15.0,76.0,800.0,24.0,5.5,1017.9,1.6,0.0,SSW,1.8,Aotizhongxin,2013-03-30 22:00:00
720,2013,3,30,23,92.0,96.0,12.0,85.0,800.0,13.0,5.0,1017.7,1.5,0.0,SSW,1.5,Aotizhongxin,2013-03-30 23:00:00
721,2013,3,31,0,102.0,104.0,11.0,87.0,800.0,5.0,4.9,1017.9,1.6,0.0,SSW,1.3,Aotizhongxin,2013-03-31 00:00:00
722,2013,3,31,1,108.0,117.0,11.0,85.0,900.0,3.0,4.8,1017.4,1.6,0.0,SW,1.8,Aotizhongxin,2013-03-31 01:00:00
723,2013,3,31,2,110.0,111.0,11.0,87.0,1000.0,2.0,4.8,1016.9,2.0,0.0,WSW,1.1,Aotizhongxin,2013-03-31 02:00:00
724,2013,3,31,3,96.0,115.0,10.0,78.0,1399.0,2.0,4.9,1016.4,2.1,0.0,SW,0.4,Aotizhongxin,2013-03-31 03:00:00
725,2013,3,31,4,101.0,110.0,10.0,80.0,1399.0,2.0,4.8,1016.1,2.2,0.0,SSE,1.2,Aotizhongxin,2013-03-31 04:00:00
726,2013,3,31,5,96.0,115.0,10.0,80.0,1399.0,2.0,4.5,1016.0,2.2,0.0,SSW,1.7,Aotizhongxin,2013-03-31 05:00:00
727,2013,3,31,6,120.0,131.0,10.0,74.0,1300.0,2.0,4.4,1015.9,1.9,0.0,SE,1.4,Aotizhongxin,2013-03-31 06:00:00
728,2013,3,31,7,132.0,146.0,10.0,71.0,1200.0,2.0,4.7,1016.4,2.2,0.0,S,0.7,Aotizhongxin,2013-03-31 07:00:00
729,2013,3,31,8,132.0,146.0,10.0,71.0,1300.0,2.0,4.9,1016.0,2.4,0.0,SE,1.5,Aotizhongxin,2013-03-31 08:00:00
730,2013,3,31,9,151.0,179.0,11.0,60.0,1399.0,2.0,5.4,1015.5,2.6,0.0,SE,1.3,Aotizhongxin,2013-03-31 09:00:00
731,2013,3,31,10,151.0,179.0,11.0,60.0,1300.0,2.0,5.7,1014.8,2.3,0.0,SSW,0.6,Aotizhongxin,2013-03-31 10:00:00
732,2013,3,31,11,187.0,223.0,13.0,53.0,1200.0,2.0,5.8,1014.2,2.6,0.0,NNE,1.6,Aotizhongxin,2013-03-31 11:00:00
733,2013,3,31,12,205.0,231.0,14.0,57.0,1300.0,2.0,6.2,1012.9,2.5,0.0,N,2.4,Aotizhongxin,2013-03-31 12:00:00
734,2013,3,31,13,212.0,222.0,16.0,65.0,1399.0,6.0,5.9,1011.9,2.5,0.0,N,2.9,Aotizhongxin,2013-03-31 13:00:00
735,2013,3,31,14,221.0,230.0,22.0,73.0,1399.0,6.0,6.0,1010.5,2.8,0.0,NE,2.0,Aotizhongxin,2013-03-31 14:00:00
736,2013,3,31,15,225.0,247.0,18.0,69.0,1300.0,2.0,6.7,1009.7,2.9,0.0,N,1.7,Aotizhongxin,2013-03-31 15:00:00
737,2013,3,31,16,226.0,250.0,18.0,67.0,1300.0,7.0,6.9,1009.4,3.0,0.0,N,1.6,Aotizhongxin,2013-03-31 16:00:00
738,2013,3,31,17,228.0,245.0,24.0,75.0,1399.0,8.0,6.3,1009.2,2.9,0.0,NNE,1.7,Aotizhongxin,2013-03-31 17:00:00
739,2013,3,31,18,228.0,245.0,24.0,75.0,1399.0,3.0,5.7,1009.6,2.7,0.0,N,2.3,Aotizhongxin,2013-03-31 18:00:00
740,2013,3,31,19,227.0,251.0,21.0,86.0,1500.0,2.0,5.6,1009.6,2.8,0.0,NE,1.3,Aotizhongxin,2013-03-31 19:00:00
741,2013,3,31,20,235.0,239.0,16.0,81.0,1500.0,2.0,6.1,1009.8,2.7,0.0,NE,1.2,Aotizhongxin,2013-03-31 20:00:00
742,2013,3,31,21,235.0,272.0,17.0,71.0,1600.0,2.0,5.9,1009.9,2.9,0.0,NNE,1.8,Aotizhongxin,2013-03-31 21:00:00
743,2013,3,31,22,229.0,280.0,17.0,69.0,1700.0,2.0,6.5,1009.7,2.9,0.0,NE,2.0,Aotizhongxin,2013-03-31 22:00:00
744,2013,3,31,23,225.0,268.0,16.0,70.0,1600.0,2.0,6.3,1009.1,3.1,0.0,NW,0.4,Aotizhongxin,2013-03-31 23:00:00
745,2013,4,1,0,226.0,246.0,16.0,77.0,1600.0,2.0,6.6,1009.5,3.4,0.0,NE,0.8,Aotizhongxin,2013-04-01 00:00:00
746,2013,4,1,1,233.0,253.0,18.0,76.0,1899.0,2.0,6.6,1008.6,3.9,0.0,ESE,0.7,Aotizhongxin,2013-04-01 01:00:00
747,2013,4,1,2,240.0,272.0,19.0,72.0,1899.0,2.0,6.4,1008.6,4.1,0.0,E,1.1,Aotizhongxin,2013-04-01 02:00:00
748,2013,4,1,3,242.0,267.0,20.0,78.0,2299.0,2.0,5.5,1007.9,3.5,0.0,E,0.8,Aotizhongxin,2013-04-01 03:00:00
749,2013,4,1,4,242.0,267.0,20.0,78.0,2600.0,2.0,4.6,1007.5,3.1,0.0,ENE,0.5,Aotizhongxin,2013-04-01 04:00:00
750,2013,4,1,5,238.0,246.0,22.0,80.0,3000.0,2.0,3.4,1007.9,2.5,0.0,NE,0.5,Aotizhongxin,2013-04-01 05:00:00
751,2013,4,1,6,238.0,246.0,22.0,80.0,3200.0,2.0,5.0,1008.5,0.2,0.0,WNW,2.3,Aotizhongxin,2013-04-01 06:00:00
752,2013,4,1,7,228.0,232.0,19.0,80.0,3299.0,2.0,11.9,1008.2,-4.3,0.0,NW,4.0,Aotizhongxin,2013-04-01 07:00:00
753,2013,4,1,8,68.0,41.0,41.0,46.0,800.0,34.0,12.7,1009.2,-3.2,0.0,NW,5.1,Aotizhongxin,2013-04-01 08:00:00
754,2013,4,1,9,16.0,93.0,21.0,17.0,400.0,58.0,11.9,1010.0,-2.7,0.0,N,4.8,Aotizhongxin,2013-04-01 09:00:00
755,2013,4,1,10,13.0,57.0,15.0,12.0,300.0,61.0,12.2,1010.9,-3.6,0.0,NNW,6.7,Aotizhongxin,2013-04-01 10:00:00
756,2013,4,1,11,20.0,71.0,21.0,15.0,400.0,57.0,14.7,1010.6,-3.2,0.0,N,4.3,Aotizhongxin,2013-04-01 11:00:00
757,2013,4,1,12,27.0,66.0,22.0,18.0,600.0,62.0,15.7,1011.1,-4.8,0.0,NNW,5.2,Aotizhongxin,2013-04-01 12:00:00
758,2013,4,1,13,36.0,46.0,20.0,14.0,700.0,86.0,16.1,1011.2,-6.9,0.0,NNW,7.3,Aotizhongxin,2013-04-01 13:00:00
759,2013,4,1,14,34.0,45.0,19.0,13.0,800.0,100.0,16.7,1011.5,-7.8,0.0,NNW,6.2,Aotizhongxin,2013-04-01 14:00:00
760,2013,4,1,15,43.0,77.0,23.0,24.0,800.0,84.0,16.5,1012.3,-7.9,0.0,N,6.3,Aotizhongxin,2013-04-01 15:00:00
761,2013,4,1,16,43.0,77.0,23.0,24.0,700.0,103.0,15.9,1013.0,-9.2,0.0,NNE,4.5,Aotizhongxin,2013-04-01 16:00:00
762,2013,4,1,17,15.0,17.0,14.0,14.0,700.0,103.0,14.6,1013.7,-8.8,0.0,N,2.7,Aotizhongxin,2013-04-01 17:00:00
763,2013,4,1,18,13.0,17.0,10.0,16.0,700.0,96.0,12.8,1014.5,-10.3,0.0,NNE,2.6,Aotizhongxin,2013-04-01 18:00:00
764,2013,4,1,19,13.0,14.0,8.0,18.0,600.0,84.0,11.5,1015.7,-10.1,0.0,NNE,1.4,Aotizhongxin,2013-04-01 19:00:00
765,2013,4,1,20,10.0,16.0,5.0,25.0,500.0,69.0,10.4,1017.2,-11.6,0.0,NNE,2.4,Aotizhongxin,2013-04-01 20:00:00
766,2013,4,1,21,14.0,17.0,5.0,27.0,400.0,65.0,9.9,1017.6,-16.4,0.0,NE,1.9,Aotizhongxin,2013-04-01 21:00:00
767,2013,4,1,22,13.0,13.0,4.0,17.0,400.0,75.0,6.0,1017.6,-12.1,0.0,NE,1.1,Aotizhongxin,2013-04-01 22:00:00
768,2013,4,1,23,13.0,6.0,4.0,17.0,400.0,72.0,3.4,1018.1,-10.3,0.0,S,0.5,Aotizhongxin,2013-04-01 23:00:00
769,2013,4,2,0,3.0,6.0,3.0,20.0,400.0,74.0,5.0,1018.0,-12.5,0.0,NNE,1.3,Aotizhongxin,2013-04-02 00:00:00
770,2013,4,2,1,10.0,11.0,3.0,25.0,400.0,66.0,1.7,1017.7,-3.8,0.0,WSW,1.3,Aotizhongxin,2013-04-02 01:00:00
771,2013,4,2,2,9.0,12.0,6.0,63.0,400.0,29.0,0.5,1017.4,-6.6,0.0,W,0.6,Aotizhongxin,2013-04-02 02:00:00
772,2013,4,2,3,9.0,12.0,6.0,63.0,500.0,2.0,0.0,1016.9,-7.1,0.0,SSW,0.7,Aotizhongxin,2013-04-02 03:00:00
773,2013,4,2,4,17.0,59.0,7.0,99.0,700.0,2.0,1.1,1016.5,-2.3,0.0,SSW,1.4,Aotizhongxin,2013-04-02 04:00:00
774,2013,4,2,5,55.0,59.0,11.0,95.0,1399.0,2.0,3.6,1016.6,0.5,0.0,WSW,1.2,Aotizhongxin,2013-04-02 05:00:00
775,2013,4,2,6,102.0,249.0,12.0,88.0,1800.0,2.0,2.9,1016.5,0.5,0.0,WNW,1.2,Aotizhongxin,2013-04-02 06:00:00
776,2013,4,2,7,118.0,146.0,13.0,82.0,2000.0,2.0,6.3,1016.2,-1.6,0.0,SW,0.5,Aotizhongxin,2013-04-02 07:00:00
777,2013,4,2,8,126.0,147.0,43.0,84.0,2000.0,2.0,8.3,1015.6,-1.0,0.0,WNW,0.9,Aotizhongxin,2013-04-02 08:00:00
778,2013,4,2,9,126.0,147.0,43.0,84.0,2200.0,6.0,10.6,1015.2,1.7,0.0,WSW,2.4,Aotizhongxin,2013-04-02 09:00:00
779,2013,4,2,10,162.0,177.0,87.0,92.0,2100.0,22.0626,12.4,1014.0,-0.2,0.0,WSW,2.1,Aotizhongxin,2013-04-02 10:00:00
780,2013,4,2,11,161.0,167.0,70.0,91.0,2000.0,40.0,14.3,1012.4,-0.2,0.0,SSW,1.0,Aotizhongxin,2013-04-02 11:00:00
781,2013,4,2,12,145.0,155.0,60.0,77.0,1800.0,64.0,15.1,1011.0,0.9,0.0,S,3.6,Aotizhongxin,2013-04-02 12:00:00
782,2013,4,2,13,131.0,145.0,48.0,55.0,1600.0,93.0,16.6,1009.4,-0.2,0.0,SSW,3.3,Aotizhongxin,2013-04-02 13:00:00
783,2013,4,2,14,136.0,168.0,43.0,47.0,1399.0,107.0,17.7,1008.0,-0.6,0.0,SW,4.6,Aotizhongxin,2013-04-02 14:00:00
784,2013,4,2,15,132.0,178.0,46.0,42.0,1300.0,126.0,18.2,1006.7,-0.6,0.0,SW,4.1,Aotizhongxin,2013-04-02 15:00:00
785,2013,4,2,16,117.0,211.0,50.0,43.0,1200.0,121.0,17.5,1006.3,-1.2,0.0,SSW,3.1,Aotizhongxin,2013-04-02 16:00:00
786,2013,4,2,17,134.0,206.0,65.0,54.0,1399.0,118.0,16.9,1005.8,-0.8,0.0,SW,2.6,Aotizhongxin,2013-04-02 17:00:00
787,2013,4,2,18,135.0,207.0,65.0,55.0,1300.0,110.0,15.9,1005.6,-1.2,0.0,SSW,3.1,Aotizhongxin,2013-04-02 18:00:00
788,2013,4,2,19,108.0,170.0,58.0,72.0,1200.0,76.0,15.2,1005.9,-1.0,0.0,SW,2.2,Aotizhongxin,2013-04-02 19:00:00
789,2013,4,2,20,108.0,170.0,59.0,72.0,1100.0,83.0,13.6,1005.7,-1.2,0.0,SW,1.9,Aotizhongxin,2013-04-02 20:00:00
790,2013,4,2,21,111.0,176.0,48.0,73.0,1100.0,64.0,10.6,1005.6,1.1,0.0,SW,1.4,Aotizhongxin,2013-04-02 21:00:00
791,2013,4,2,22,111.0,168.0,56.0,80.0,1100.0,41.0,8.5,1005.5,0.9,0.0,S,0.1,Aotizhongxin,2013-04-02 22:00:00
792,2013,4,2,23,124.0,227.0,58.0,99.0,1200.0,28.0,8.4,1005.3,0.6,0.0,WSW,1.4,Aotizhongxin,2013-04-02 23:00:00
793,2013,4,3,0,124.0,227.0,58.0,99.0,1300.0,2.0,8.4,1004.7,0.1,0.0,SW,1.0,Aotizhongxin,2013-04-03 00:00:00
794,2013,4,3,1,142.0,223.0,48.0,135.0,1700.0,2.0,7.6,1004.4,1.4,0.0,SW,1.0,Aotizhongxin,2013-04-03 01:00:00
795,2013,4,3,2,142.0,223.0,48.0,135.0,1899.0,2.0,6.6,1004.3,0.9,0.0,SW,1.3,Aotizhongxin,2013-04-03 02:00:00
796,2013,4,3,3,168.0,253.0,44.0,139.0,1800.0,2.0,6.5,1004.2,0.6,0.0,WSW,1.3,Aotizhongxin,2013-04-03 03:00:00
797,2013,4,3,4,168.0,253.0,44.0,139.0,1600.0,2.0,5.9,1004.3,1.0,0.0,SW,1.3,Aotizhongxin,2013-04-03 04:00:00
798,2013,4,3,5,147.0,214.0,37.0,120.0,1600.0,2.0,5.4,1004.8,0.4,0.0,WSW,1.2,Aotizhongxin,2013-04-03 05:00:00
799,2013,4,3,6,154.0,229.0,32.0,114.0,1700.0,2.0,6.4,1005.4,0.3,0.0,WSW,1.3,Aotizhongxin,2013-04-03 06:00:00
800,2013,4,3,7,153.0,238.0,42.0,108.0,1600.0,2.0,9.7,1006.1,0.3,0.0,W,2.5,Aotizhongxin,2013-04-03 07:00:00
801,2013,4,3,8,154.0,205.0,63.0,97.0,1500.0,11.0,12.7,1006.3,-0.2,0.0,W,2.0,Aotizhongxin,2013-04-03 08:00:00
802,2013,4,3,9,142.0,205.0,62.0,97.0,1500.0,22.0,15.7,1006.7,-0.5,0.0,NE,1.9,Aotizhongxin,2013-04-03 09:00:00
803,2013,4,3,10,129.0,197.0,53.0,74.0,1300.0,58.0,18.0,1006.8,-1.3,0.0,ENE,3.6,Aotizhongxin,2013-04-03 10:00:00
804,2013,4,3,11,129.0,197.0,53.0,74.0,1100.0,73.0,19.6,1006.6,2.0,0.0,ESE,1.4,Aotizhongxin,2013-04-03 11:00:00
805,2013,4,3,12,157.0,263.0,61.0,80.0,1399.0,89.0,19.6,1006.3,2.0,0.0,SSE,3.4,Aotizhongxin,2013-04-03 12:00:00
806,2013,4,3,13,173.0,275.0,65.0,63.0,1800.0,114.0,19.6,1005.9,2.4,0.0,ESE,1.3,Aotizhongxin,2013-04-03 13:00:00
807,2013,4,3,14,208.0,351.0,102.0,93.0,3200.0,97.0,17.9,1006.2,1.8,0.0,S,3.4,Aotizhongxin,2013-04-03 14:00:00
808,2013,4,3,15,180.0,358.0,100.0,70.0,2799.0,115.0,16.9,1006.5,0.9,0.0,S,4.1,Aotizhongxin,2013-04-03 15:00:00
809,2013,4,3,16,122.0,251.0,67.0,60.0,1600.0,99.0,15.6,1007.0,-0.6,0.0,SSE,2.9,Aotizhongxin,2013-04-03 16:00:00
810,2013,4,3,17,89.0,191.0,52.0,48.0,1100.0,95.0,14.0,1007.6,-0.9,0.0,SE,2.6,Aotizhongxin,2013-04-03 17:00:00
811,2013,4,3,18,89.0,191.0,52.0,48.0,800.0,86.0,12.8,1008.3,-2.3,0.0,SSE,1.6,Aotizhongxin,2013-04-03 18:00:00
812,2013,4,3,19,56.0,92.0,29.0,55.0,800.0,73.0,11.7,1009.3,-1.1,0.0,SSW,1.1,Aotizhongxin,2013-04-03 19:00:00
813,2013,4,3,20,42.0,73.0,23.0,56.0,700.0,58.0,10.0,1009.9,-0.8,0.0,W,1.7,Aotizhongxin,2013-04-03 20:00:00
814,2013,4,3,21,36.0,62.0,26.0,64.0,600.0,44.0,9.6,1010.4,-1.8,0.0,SSW,0.8,Aotizhongxin,2013-04-03 21:00:00
815,2013,4,3,22,36.0,62.0,26.0,64.0,700.0,27.0,8.9,1009.8,-2.1,0.0,SSW,0.7,Aotizhongxin,2013-04-03 22:00:00
816,2013,4,3,23,40.0,77.0,31.0,73.0,800.0,27.0,6.9,1010.3,-1.8,0.0,WSW,0.5,Aotizhongxin,2013-04-03 23:00:00
817,2013,4,4,0,40.0,77.0,31.0,73.0,1200.0,30.0,7.1,1010.3,1.0,0.0,SSW,0.6,Aotizhongxin,2013-04-04 00:00:00
818,2013,4,4,1,40.0,84.0,40.0,71.0,1600.0,35.0,8.7,1009.9,-2.6,0.0,SE,1.4,Aotizhongxin,2013-04-04 01:00:00
819,2013,4,4,2,41.0,80.0,66.0,63.0,1700.0,38.0,8.7,1009.9,-2.6,0.0,S,1.4,Aotizhongxin,2013-04-04 02:00:00
820,2013,4,4,3,48.0,94.0,82.0,70.0,2000.0,31.0,8.5,1009.7,-2.5,0.0,S,1.4,Aotizhongxin,2013-04-04 03:00:00
821,2013,4,4,4,46.0,81.0,70.0,57.0,2000.0,40.0,8.0,1009.3,-3.8,0.0,SSW,1.7,Aotizhongxin,2013-04-04 04:00:00
822,2013,4,4,5,46.0,81.0,70.0,57.0,2000.0,36.0,8.0,1009.3,-4.2,0.0,SSW,2.4,Aotizhongxin,2013-04-04 05:00:00
823,2013,4,4,6,48.0,84.0,60.0,70.0,1899.0,26.0,8.2,1009.3,-3.7,0.0,SSW,1.9,Aotizhongxin,2013-04-04 06:00:00
824,2013,4,4,7,63.0,119.0,98.0,78.0,2399.0,20.0,8.5,1009.7,-3.7,0.0,W,1.7,Aotizhongxin,2013-04-04 07:00:00
825,2013,4,4,8,78.0,144.0,132.0,86.0,3000.0,15.0,9.0,1010.0,-3.6,0.0,WSW,1.8,Aotizhongxin,2013-04-04 08:00:00
826,2013,4,4,9,80.0,138.0,126.0,91.0,2899.0,13.0,9.4,1010.3,-3.5,0.0,WNW,1.5,Aotizhongxin,2013-04-04 09:00:00
827,2013,4,4,10,69.0,121.0,109.0,85.0,2700.0,23.0,9.5,1009.5,-3.8,0.0,NNE,0.7,Aotizhongxin,2013-04-04 10:00:00
828,2013,4,4,11,74.0,130.0,102.0,85.0,2700.0,24.0,10.2,1008.5,-3.9,0.0,NNW,1.5,Aotizhongxin,2013-04-04 11:00:00
829,2013,4,4,12,84.0,143.0,97.0,93.0,2600.0,20.0,10.5,1008.2,-4.0,0.0,NNW,1.1,Aotizhongxin,2013-04-04 12:00:00
830,2013,4,4,13,84.0,143.0,97.0,93.0,2600.0,24.0,10.7,1007.2,-3.8,0.0,N,2.7,Aotizhongxin,2013-04-04 13:00:00
831,2013,4,4,14,90.0,165.0,92.0,99.0,2600.0,18.0,8.3,1007.1,1.7,0.1,NNE,2.2,Aotizhongxin,2013-04-04 14:00:00
832,2013,4,4,15,85.0,190.0,81.0,94.0,2399.0,21.0,6.8,1007.1,3.9,0.0,NNE,2.0,Aotizhongxin,2013-04-04 15:00:00
833,2013,4,4,16,75.0,141.0,32.0,81.0,2000.0,20.0,6.0,1007.4,4.2,1.4,NNE,1.7,Aotizhongxin,2013-04-04 16:00:00
834,2013,4,4,17,63.0,102.0,19.0,88.0,2100.0,12.0,5.8,1007.8,4.0,0.7,NE,1.8,Aotizhongxin,2013-04-04 17:00:00
835,2013,4,4,18,63.0,102.0,19.0,88.0,2200.0,2.0,5.7,1008.5,4.2,1.3,NNE,1.9,Aotizhongxin,2013-04-04 18:00:00
836,2013,4,4,19,83.0,85.0,14.0,106.0,2399.0,2.0,5.6,1009.3,4.6,1.9,NE,1.2,Aotizhongxin,2013-04-04 19:00:00
837,2013,4,4,20,72.0,90.0,14.0,108.0,2399.0,2.0,5.6,1009.7,4.7,0.9,NE,1.3,Aotizhongxin,2013-04-04 20:00:00
838,2013,4,4,21,72.0,90.0,14.0,108.0,2399.0,2.0,5.7,1010.1,4.8,0.1,NE,1.7,Aotizhongxin,2013-04-04 21:00:00
839,2013,4,4,22,76.0,86.0,13.0,96.0,2399.0,2.0,5.8,1010.1,5.1,0.7,N,0.0,Aotizhongxin,2013-04-04 22:00:00
840,2013,4,4,23,80.0,88.0,13.0,90.0,2299.0,2.0,5.9,1010.7,5.3,1.1,NE,1.7,Aotizhongxin,2013-04-04 23:00:00
841,2013,4,5,0,80.0,88.0,13.0,90.0,2299.0,2.0,5.9,1010.9,5.5,0.3,NE,1.2,Aotizhongxin,2013-04-05 00:00:00
842,2013,4,5,1,84.0,91.0,13.0,85.0,2200.0,2.0,6.1,1011.4,5.7,0.2,E,0.7,Aotizhongxin,2013-04-05 01:00:00
843,2013,4,5,2,88.0,89.0,13.0,81.0,2200.0,2.0,6.1,1011.5,5.7,0.4,NE,0.4,Aotizhongxin,2013-04-05 02:00:00
844,2013,4,5,3,88.0,89.0,13.0,81.0,2200.0,2.0,6.3,1010.9,5.9,0.8,E,0.7,Aotizhongxin,2013-04-05 03:00:00
845,2013,4,5,4,109.0,81.0,14.0,80.0,2000.0,2.0,6.2,1010.8,5.9,0.5,N,0.9,Aotizhongxin,2013-04-05 04:00:00
846,2013,4,5,5,112.0,80.0,13.0,67.0,1899.0,2.0,6.1,1010.7,5.8,0.1,NE,0.9,Aotizhongxin,2013-04-05 05:00:00
847,2013,4,5,6,112.0,79.0,13.0,67.0,1899.0,2.0,6.3,1010.9,6.0,0.0,ENE,1.6,Aotizhongxin,2013-04-05 06:00:00
848,2013,4,5,7,116.0,87.0,13.0,64.0,2000.0,2.0,6.9,1011.4,6.3,0.1,NE,1.1,Aotizhongxin,2013-04-05 07:00:00
849,2013,4,5,8,111.0,83.0,16.0,54.0,1800.0,2.0,8.0,1012.1,6.6,0.0,WSW,1.2,Aotizhongxin,2013-04-05 08:00:00
850,2013,4,5,9,104.0,71.0,15.0,51.0,1800.0,8.0,9.7,1012.4,7.1,0.0,W,0.7,Aotizhongxin,2013-04-05 09:00:00
851,2013,4,5,10,104.0,101.0,15.0,51.0,2000.0,9.0,12.1,1012.5,3.6,0.0,NNW,2.7,Aotizhongxin,2013-04-05 10:00:00
852,2013,4,5,11,90.0,100.0,20.0,59.0,1600.0,20.0,13.1,1012.5,-2.4,0.0,WNW,3.8,Aotizhongxin,2013-04-05 11:00:00
853,2013,4,5,12,26.0,26.0,28.0,24.0,700.0,48.0,13.0,1012.3,-3.8,0.0,WNW,3.5,Aotizhongxin,2013-04-05 12:00:00
854,2013,4,5,13,26.0,26.0,28.0,24.0,400.0,65.0,13.4,1011.7,-4.8,0.0,NW,4.2,Aotizhongxin,2013-04-05 13:00:00
855,2013,4,5,14,12.0,12.0,11.0,10.0,400.0,69.0,12.4,1012.1,-3.4,0.0,N,5.5,Aotizhongxin,2013-04-05 14:00:00
856,2013,4,5,15,12.0,12.0,11.0,10.0,400.0,70.0,11.0,1012.9,-2.1,0.0,N,4.3,Aotizhongxin,2013-04-05 15:00:00
857,2013,4,5,16,5.0,16.0,9.0,11.0,300.0,67.0,10.7,1013.3,-3.8,0.0,NNW,4.0,Aotizhongxin,2013-04-05 16:00:00
858,2013,4,5,17,5.0,16.0,9.0,11.0,300.0,66.0,10.0,1014.1,-6.0,0.0,NNE,3.2,Aotizhongxin,2013-04-05 17:00:00
859,2013,4,5,18,13.0,13.0,7.0,13.0,400.0,72.0,8.8,1015.7,-7.0,0.0,N,4.0,Aotizhongxin,2013-04-05 18:00:00
860,2013,4,5,19,3.0,6.0,3.0,12.0,300.0,76.0,7.7,1017.3,-8.8,0.0,N,4.0,Aotizhongxin,2013-04-05 19:00:00
861,2013,4,5,20,3.0,6.0,3.0,10.0,300.0,80.0,7.3,1017.9,-8.7,0.0,N,4.1,Aotizhongxin,2013-04-05 20:00:00
862,2013,4,5,21,3.0,6.0,3.0,10.0,300.0,80.0,6.5,1017.8,-9.0,0.0,NNE,2.4,Aotizhongxin,2013-04-05 21:00:00
863,2013,4,5,22,3.0,6.0,3.0,10.0,300.0,75.0,5.9,1018.1,-8.8,0.0,NE,2.0,Aotizhongxin,2013-04-05 22:00:00
864,2013,4,5,23,3.0,6.0,3.0,11.0,300.0,72.0,5.0,1017.6,-7.8,0.0,NNE,1.6,Aotizhongxin,2013-04-05 23:00:00
865,2013,4,6,0,3.0,7.0,3.0,13.0,300.0,69.0,4.9,1016.9,-7.9,0.0,NE,2.1,Aotizhongxin,2013-04-06 00:00:00
866,2013,4,6,1,3.0,6.0,3.0,13.0,300.0,66.0,2.3,1016.4,-3.0,0.0,WNW,0.6,Aotizhongxin,2013-04-06 01:00:00
867,2013,4,6,2,3.0,6.0,3.0,13.0,300.0,61.0,3.4,1015.7,-7.4,0.0,NNE,1.3,Aotizhongxin,2013-04-06 02:00:00
868,2013,4,6,3,3.0,6.0,3.0,17.0,300.0,56.0,0.6,1015.0,-5.9,0.0,W,0.7,Aotizhongxin,2013-04-06 03:00:00
869,2013,4,6,4,3.0,6.0,4.0,21.0,400.0,45.0,-0.8,1014.9,-4.7,0.0,SSE,0.5,Aotizhongxin,2013-04-06 04:00:00
870,2013,4,6,5,3.0,8.0,4.0,30.0,400.0,47.0,-1.3,1014.9,-4.3,0.0,W,0.4,Aotizhongxin,2013-04-06 05:00:00
871,2013,4,6,6,3.0,6.0,4.0,26.0,400.0,30.0,0.8,1015.0,-2.1,0.0,WSW,0.6,Aotizhongxin,2013-04-06 06:00:00
872,2013,4,6,7,12.0,32.0,4.0,40.0,500.0,30.0,6.3,1014.9,-6.3,0.0,NE,1.5,Aotizhongxin,2013-04-06 07:00:00
873,2013,4,6,8,18.0,19.0,10.0,45.0,500.0,42.0,8.5,1014.7,-8.6,0.0,NNE,2.3,Aotizhongxin,2013-04-06 08:00:00
874,2013,4,6,9,6.0,14.0,15.0,35.0,600.0,47.0,9.8,1014.3,-7.0,0.0,NW,1.5,Aotizhongxin,2013-04-06 09:00:00
875,2013,4,6,10,18.0,21.0,14.0,31.0,600.0,52.0,10.8,1013.4,-10.1,0.0,NNW,4.2,Aotizhongxin,2013-04-06 10:00:00
876,2013,4,6,11,16.0,22.0,12.0,32.0,400.0,73.0,11.3,1012.1,-7.1,0.0,W,1.6,Aotizhongxin,2013-04-06 11:00:00
877,2013,4,6,12,14.0,7.0,8.0,15.0,500.0,75.0,12.6,1010.6,-5.0,0.0,W,2.5,Aotizhongxin,2013-04-06 12:00:00
878,2013,4,6,13,3.0,7.0,10.0,14.0,500.0,76.0,14.4,1009.4,-9.7,0.0,NW,2.3,Aotizhongxin,2013-04-06 13:00:00
879,2013,4,6,14,3.0,9.0,10.0,15.0,400.0,81.0,14.9,1008.4,-10.7,0.0,NNW,2.6,Aotizhongxin,2013-04-06 14:00:00
880,2013,4,6,15,16.0,13.0,10.0,14.0,400.0,85.0,15.1,1006.9,-10.6,0.0,WNW,1.6,Aotizhongxin,2013-04-06 15:00:00
881,2013,4,6,16,4.0,12.0,8.0,11.0,400.0,89.0,15.2,1006.1,-9.7,0.0,NNE,1.3,Aotizhongxin,2013-04-06 16:00:00
882,2013,4,6,17,3.0,6.0,4.0,9.0,400.0,88.0,14.7,1005.6,-2.3,0.0,SW,1.2,Aotizhongxin,2013-04-06 17:00:00
883,2013,4,6,18,3.0,12.0,6.0,11.0,400.0,86.0,12.4,1005.7,-8.2,0.0,SW,2.8,Aotizhongxin,2013-04-06 18:00:00
884,2013,4,6,19,3.0,14.0,8.0,14.0,600.0,47.0,11.7,1005.8,-7.7,0.0,SW,3.7,Aotizhongxin,2013-04-06 19:00:00
885,2013,4,6,20,22.0,68.0,8.0,54.0,700.0,25.0,10.6,1006.2,-6.7,0.0,SW,2.5,Aotizhongxin,2013-04-06 20:00:00
886,2013,4,6,21,35.0,84.0,9.0,67.0,600.0,43.0,9.8,1006.0,-7.0,0.0,SSW,2.6,Aotizhongxin,2013-04-06 21:00:00
887,2013,4,6,22,35.0,84.0,9.0,67.0,500.0,58.0,9.2,1005.7,-6.7,0.0,SSW,1.9,Aotizhongxin,2013-04-06 22:00:00
888,2013,4,6,23,32.0,85.0,16.0,42.0,600.0,40.0,8.2,1005.5,-6.0,0.0,SW,2.5,Aotizhongxin,2013-04-06 23:00:00
889,2013,4,7,0,40.0,91.0,17.0,57.0,600.0,30.0,6.6,1005.2,-2.8,0.0,SW,1.4,Aotizhongxin,2013-04-07 00:00:00
890,2013,4,7,1,46.0,115.0,22.0,65.0,600.0,29.0,4.0,1004.4,-2.4,0.0,WSW,1.0,Aotizhongxin,2013-04-07 01:00:00
891,2013,4,7,2,51.0,110.0,33.0,63.0,700.0,23.0,2.9,1004.1,-1.8,0.0,W,0.6,Aotizhongxin,2013-04-07 02:00:00
892,2013,4,7,3,64.0,106.0,25.0,84.0,700.0,3.0,2.0,1004.0,-0.6,0.0,E,0.1,Aotizhongxin,2013-04-07 03:00:00
893,2013,4,7,4,64.0,149.0,25.0,84.0,700.0,2.0,2.7,1004.3,-2.2,0.0,ENE,1.5,Aotizhongxin,2013-04-07 04:00:00
894,2013,4,7,5,66.0,114.0,23.0,83.0,1800.0,2.0,3.0,1004.9,-1.7,0.0,NE,1.4,Aotizhongxin,2013-04-07 05:00:00
895,2013,4,7,6,72.0,151.0,18.0,85.0,3100.0,2.0,3.1,1005.1,-1.7,0.0,NE,2.2,Aotizhongxin,2013-04-07 06:00:00
896,2013,4,7,7,91.0,142.0,8.0,82.0,2100.0,4.0,4.8,1005.4,-1.9,0.0,NE,1.9,Aotizhongxin,2013-04-07 07:00:00
897,2013,4,7,8,66.0,81.0,9.0,69.0,1899.0,14.0,6.3,1005.2,-1.1,0.0,ENE,2.5,Aotizhongxin,2013-04-07 08:00:00
898,2013,4,7,9,63.0,82.0,29.0,67.0,1600.0,22.0,7.5,1004.6,-1.7,0.0,ENE,1.8,Aotizhongxin,2013-04-07 09:00:00
899,2013,4,7,10,62.0,84.0,50.0,61.0,1500.0,26.0,9.3,1003.8,-1.2,0.0,ESE,1.7,Aotizhongxin,2013-04-07 10:00:00
900,2013,4,7,11,71.0,93.0,53.0,65.0,1300.0,36.0,10.9,1002.7,-0.9,0.0,E,1.1,Aotizhongxin,2013-04-07 11:00:00
901,2013,4,7,12,86.0,115.0,50.0,62.0,1200.0,43.0,12.7,1001.3,0.1,0.0,E,2.0,Aotizhongxin,2013-04-07 12:00:00
902,2013,4,7,13,94.0,119.0,48.0,64.0,1100.0,51.0,13.6,999.7,0.2,0.0,SSW,1.4,Aotizhongxin,2013-04-07 13:00:00
903,2013,4,7,14,75.0,92.0,58.0,70.0,1200.0,58.0,15.1,998.5,-3.3,0.0,WSW,2.2,Aotizhongxin,2013-04-07 14:00:00
904,2013,4,7,15,116.0,135.0,74.0,70.0,1300.0,64.0,15.3,997.9,-2.7,0.0,W,0.8,Aotizhongxin,2013-04-07 15:00:00
905,2013,4,7,16,125.0,157.0,77.0,68.0,1399.0,78.0,14.9,996.9,-2.5,0.0,SW,2.5,Aotizhongxin,2013-04-07 16:00:00
906,2013,4,7,17,125.0,182.0,71.0,73.0,1200.0,66.0,13.3,997.7,1.9,0.0,SSE,1.7,Aotizhongxin,2013-04-07 17:00:00
907,2013,4,7,18,84.0,158.0,44.0,82.0,1000.0,41.0,12.2,1000.0,0.6,0.0,NE,2.8,Aotizhongxin,2013-04-07 18:00:00
908,2013,4,7,19,86.0,136.0,50.0,78.0,1000.0,46.0,12.0,1001.2,0.4,0.0,NE,1.8,Aotizhongxin,2013-04-07 19:00:00
909,2013,4,7,20,99.0,133.0,58.0,86.0,1100.0,35.0,11.8,1002.8,1.1,0.0,NNW,4.0,Aotizhongxin,2013-04-07 20:00:00
910,2013,4,7,21,90.0,131.0,68.0,77.0,1300.0,35.0,10.5,1003.1,3.3,0.0,NE,2.7,Aotizhongxin,2013-04-07 21:00:00
911,2013,4,7,22,83.0,184.0,45.0,65.0,1000.0,38.0,9.5,1002.5,3.2,0.0,N,0.0,Aotizhongxin,2013-04-07 22:00:00
912,2013,4,7,23,83.0,184.0,45.0,65.0,700.0,37.0,8.3,1002.2,3.1,0.0,NE,1.0,Aotizhongxin,2013-04-07 23:00:00
913,2013,4,8,0,63.0,42.0,23.0,47.0,700.0,30.0,6.3,1002.2,3.6,0.0,NNW,1.1,Aotizhongxin,2013-04-08 00:00:00
914,2013,4,8,1,42.0,43.0,21.0,54.0,700.0,15.0,5.2,1003.0,3.7,0.0,SW,1.1,Aotizhongxin,2013-04-08 01:00:00
915,2013,4,8,2,44.0,105.0,18.0,69.0,700.0,2.0,9.5,1004.2,-11.2,0.0,WNW,3.3,Aotizhongxin,2013-04-08 02:00:00
916,2013,4,8,3,44.0,106.0,16.0,76.0,500.0,35.0,8.8,1003.6,-13.6,0.0,NNW,4.5,Aotizhongxin,2013-04-08 03:00:00
917,2013,4,8,4,31.0,177.0,14.0,52.0,400.0,72.0,7.5,1004.6,-15.4,0.0,N,2.2,Aotizhongxin,2013-04-08 04:00:00
918,2013,4,8,5,39.0,177.0,7.0,13.0,400.0,72.0,7.3,1005.5,-16.9,0.0,NNW,4.5,Aotizhongxin,2013-04-08 05:00:00
919,2013,4,8,6,35.0,137.0,8.0,15.0,400.0,74.0,7.1,1006.5,-17.1,0.0,NNW,4.1,Aotizhongxin,2013-04-08 06:00:00
920,2013,4,8,7,31.0,91.0,6.0,14.0,500.0,73.0,7.9,1007.3,-13.1,0.0,NW,3.9,Aotizhongxin,2013-04-08 07:00:00
921,2013,4,8,8,24.0,132.0,8.0,16.0,500.0,72.0,8.8,1007.4,-11.2,0.0,WNW,5.6,Aotizhongxin,2013-04-08 08:00:00
922,2013,4,8,9,24.0,132.0,7.0,15.0,400.0,74.0,10.1,1007.6,-9.6,0.0,WNW,5.6,Aotizhongxin,2013-04-08 09:00:00
923,2013,4,8,10,15.0,101.0,5.0,13.0,400.0,77.0,10.3,1007.5,-12.4,0.0,NNW,6.1,Aotizhongxin,2013-04-08 10:00:00
924,2013,4,8,11,16.0,80.0,4.0,10.0,400.0,78.0,11.4,1006.8,-12.1,0.0,NNW,5.0,Aotizhongxin,2013-04-08 11:00:00
925,2013,4,8,12,13.0,69.0,4.0,9.0,400.0,81.0,11.7,1006.8,-11.2,0.0,NW,7.6,Aotizhongxin,2013-04-08 12:00:00
926,2013,4,8,13,13.0,69.0,4.0,9.0,400.0,82.0,12.3,1006.9,-10.1,0.0,NW,7.0,Aotizhongxin,2013-04-08 13:00:00
927,2013,4,8,14,16.0,110.0,4.0,8.0,400.0,83.0,12.2,1006.8,-10.8,0.0,NW,4.3,Aotizhongxin,2013-04-08 14:00:00
928,2013,4,8,15,15.0,149.0,3.0,6.0,400.0,81.0,10.1,1007.5,-10.1,0.0,NNW,7.4,Aotizhongxin,2013-04-08 15:00:00
929,2013,4,8,16,32.0,274.0,5.0,9.0,400.0,80.0,10.8,1007.9,-11.3,0.0,NNW,3.5,Aotizhongxin,2013-04-08 16:00:00
930,2013,4,8,17,32.0,231.0,4.0,9.0,400.0,75.0,9.8,1008.4,-12.8,0.0,NNW,5.4,Aotizhongxin,2013-04-08 17:00:00
931,2013,4,8,18,19.0,230.0,5.0,12.0,400.0,77.0,9.2,1009.3,-12.6,0.0,NW,5.0,Aotizhongxin,2013-04-08 18:00:00
932,2013,4,8,19,14.0,139.0,3.0,12.0,400.0,78.0,8.7,1010.3,-12.5,0.0,NNW,6.1,Aotizhongxin,2013-04-08 19:00:00
933,2013,4,8,20,13.0,113.0,3.0,12.0,400.0,78.0,8.4,1010.9,-11.6,0.0,NW,5.8,Aotizhongxin,2013-04-08 20:00:00
934,2013,4,8,21,15.0,105.0,3.0,12.0,400.0,77.0,8.1,1010.9,-11.8,0.0,NNW,4.5,Aotizhongxin,2013-04-08 21:00:00
935,2013,4,8,22,18.0,89.0,4.0,11.0,400.0,77.0,7.7,1010.6,-11.1,0.0,NNW,4.7,Aotizhongxin,2013-04-08 22:00:00
936,2013,4,8,23,12.0,71.0,4.0,10.0,400.0,78.0,7.3,1010.2,-10.5,0.0,NNW,5.1,Aotizhongxin,2013-04-08 23:00:00
937,2013,4,9,0,9.0,72.0,4.0,8.0,400.0,76.0,6.6,1010.4,-9.4,0.0,NW,4.1,Aotizhongxin,2013-04-09 00:00:00
938,2013,4,9,1,12.0,55.0,7.0,9.0,400.0,75.0,6.2,1010.5,-8.2,0.0,NW,2.9,Aotizhongxin,2013-04-09 01:00:00
939,2013,4,9,2,10.0,43.0,7.0,11.0,400.0,74.0,6.0,1010.8,-9.5,0.0,NNW,4.2,Aotizhongxin,2013-04-09 02:00:00
940,2013,4,9,3,8.0,40.0,8.0,12.0,400.0,69.0,6.2,1011.4,-9.7,0.0,N,4.8,Aotizhongxin,2013-04-09 03:00:00
941,2013,4,9,4,11.0,21.0,8.0,18.0,400.0,68.0,6.0,1012.3,-10.3,0.0,NNW,5.4,Aotizhongxin,2013-04-09 04:00:00
942,2013,4,9,5,12.0,22.0,8.0,20.0,400.0,72.0,5.1,1013.3,-9.9,0.0,NW,1.3,Aotizhongxin,2013-04-09 05:00:00
943,2013,4,9,6,9.0,18.0,7.0,16.0,400.0,71.0,6.1,1013.7,-10.2,0.0,NNW,6.0,Aotizhongxin,2013-04-09 06:00:00
944,2013,4,9,7,10.0,18.0,8.0,18.0,400.0,69.0,7.0,1013.9,-9.0,0.0,NNW,3.7,Aotizhongxin,2013-04-09 07:00:00
945,2013,4,9,8,12.0,20.0,7.0,22.0,400.0,75.0,7.5,1015.1,-9.9,0.0,NNW,6.2,Aotizhongxin,2013-04-09 08:00:00
946,2013,4,9,9,12.0,25.0,6.0,16.0,400.0,77.0,8.5,1015.7,-9.5,0.0,NW,5.2,Aotizhongxin,2013-04-09 09:00:00
947,2013,4,9,10,11.0,34.0,7.0,13.0,400.0,80.0,9.5,1015.9,-8.6,0.0,NW,5.2,Aotizhongxin,2013-04-09 10:00:00
948,2013,4,9,11,12.0,24.0,5.0,10.0,400.0,82.0,11.0,1015.4,-7.3,0.0,WNW,3.8,Aotizhongxin,2013-04-09 11:00:00
949,2013,4,9,12,12.0,24.0,5.0,10.0,400.0,85.0,11.4,1015.1,-9.6,0.0,NNW,3.9,Aotizhongxin,2013-04-09 12:00:00
950,2013,4,9,13,13.0,21.0,5.0,9.0,400.0,89.0,11.5,1015.1,-9.0,0.0,N,5.0,Aotizhongxin,2013-04-09 13:00:00
951,2013,4,9,14,12.0,27.0,5.0,10.0,400.0,88.0,11.3,1015.0,-8.1,0.0,NNE,4.5,Aotizhongxin,2013-04-09 14:00:00
952,2013,4,9,15,17.0,25.0,5.0,10.0,400.0,87.0,11.3,1014.4,-8.6,0.0,NNE,3.7,Aotizhongxin,2013-04-09 15:00:00
953,2013,4,9,16,4.0,25.0,5.0,11.0,400.0,83.0,10.3,1015.3,-7.0,0.0,NNW,7.0,Aotizhongxin,2013-04-09 16:00:00
954,2013,4,9,17,14.0,27.0,4.0,11.0,400.0,82.0,9.2,1015.5,-7.1,0.0,NNW,3.8,Aotizhongxin,2013-04-09 17:00:00
955,2013,4,9,18,13.0,33.0,5.0,12.0,400.0,80.0,8.2,1015.6,-7.5,0.0,NW,2.0,Aotizhongxin,2013-04-09 18:00:00
956,2013,4,9,19,13.0,33.0,5.0,12.0,500.0,75.0,8.2,1016.8,-10.2,0.0,N,3.8,Aotizhongxin,2013-04-09 19:00:00
957,2013,4,9,20,12.0,18.0,5.0,19.0,500.0,74.0,7.3,1017.3,-10.5,0.0,N,2.2,Aotizhongxin,2013-04-09 20:00:00
958,2013,4,9,21,18.0,26.0,4.0,25.0,400.0,74.0,6.7,1017.3,-10.6,0.0,NNW,1.6,Aotizhongxin,2013-04-09 21:00:00
959,2013,4,9,22,15.0,25.0,3.0,21.0,400.0,70.0,6.4,1017.5,-10.0,0.0,N,3.1,Aotizhongxin,2013-04-09 22:00:00
960,2013,4,9,23,12.0,18.0,4.0,23.0,400.0,60.0,5.7,1017.2,-9.4,0.0,NNW,1.7,Aotizhongxin,2013-04-09 23:00:00
961,2013,4,10,0,13.0,23.0,4.0,33.0,400.0,60.0,4.6,1016.9,-9.2,0.0,NNW,1.7,Aotizhongxin,2013-04-10 00:00:00
962,2013,4,10,1,13.0,26.0,4.0,32.0,400.0,44.5536,3.2,1016.6,-6.0,0.0,N,1.4,Aotizhongxin,2013-04-10 01:00:00
963,2013,4,10,2,13.0,26.0,6.0,46.0,400.0,41.5548,5.1,1016.4,-8.4,0.0,NNW,2.4,Aotizhongxin,2013-04-10 02:00:00
964,2013,4,10,3,13.0,22.0,7.0,48.0,500.0,40.698,4.5,1016.1,-8.3,0.0,NNW,1.6,Aotizhongxin,2013-04-10 03:00:00
965,2013,4,10,4,12.0,31.0,10.0,50.0,500.0,50.1228,5.1,1015.8,-8.4,0.0,NNW,3.9,Aotizhongxin,2013-04-10 04:00:00
966,2013,4,10,5,10.0,27.0,10.0,34.0,400.0,52.0506,4.9,1015.8,-8.3,0.0,N,1.9,Aotizhongxin,2013-04-10 05:00:00
967,2013,4,10,6,10.0,21.0,9.0,31.0,500.0,56.5488,5.3,1016.0,-7.9,0.0,NNW,2.7,Aotizhongxin,2013-04-10 06:00:00
968,2013,4,10,7,10.0,21.0,10.0,25.0,500.0,56.763,7.3,1016.1,-8.7,0.0,NNW,3.1,Aotizhongxin,2013-04-10 07:00:00
969,2013,4,10,8,12.0,24.0,10.0,26.0,500.0,56.9772,8.5,1015.9,-9.5,0.0,N,5.0,Aotizhongxin,2013-04-10 08:00:00
970,2013,4,10,9,11.0,22.0,10.0,20.0,500.0,66.6162,9.4,1015.6,-9.2,0.0,N,3.8,Aotizhongxin,2013-04-10 09:00:00
971,2013,4,10,10,10.0,22.0,10.0,20.0,500.0,75.6126,11.0,1015.1,-9.9,0.0,NNW,6.4,Aotizhongxin,2013-04-10 10:00:00
972,2013,4,10,11,14.0,18.0,8.0,13.0,500.0,78.183,11.3,1014.0,-10.3,0.0,N,4.8,Aotizhongxin,2013-04-10 11:00:00
973,2013,4,10,12,5.0,11.0,6.0,12.0,500.0,78.6114,11.6,1013.3,-7.8,0.0,NNW,3.0,Aotizhongxin,2013-04-10 12:00:00
974,2013,4,10,13,16.0,30.0,5.0,10.0,400.0,81.1818,12.0,1012.7,-8.5,0.0,N,4.4,Aotizhongxin,2013-04-10 13:00:00
975,2013,4,10,14,15.0,29.0,5.0,10.0,400.0,82.0386,12.5,1011.1,-9.3,0.0,NNW,3.0,Aotizhongxin,2013-04-10 14:00:00
976,2013,4,10,15,10.0,60.0,4.0,8.0,400.0,80.1108,12.0,1010.9,-9.7,0.0,NE,2.1,Aotizhongxin,2013-04-10 15:00:00
977,2013,4,10,16,3.0,6.0,4.0,13.0,400.0,78.6114,12.8,1010.8,-12.5,0.0,WNW,4.2,Aotizhongxin,2013-04-10 16:00:00
978,2013,4,10,17,7.0,20.0,4.0,13.0,400.0,77.9688,11.4,1011.0,-9.6,0.0,NE,2.0,Aotizhongxin,2013-04-10 17:00:00
979,2013,4,10,18,11.0,25.0,4.0,19.0,500.0,71.757,10.3,1011.7,-10.0,0.0,N,0.9,Aotizhongxin,2013-04-10 18:00:00
980,2013,4,10,19,11.0,24.0,3.0,29.0,500.0,63.189,8.7,1012.1,-11.3,0.0,N,1.5,Aotizhongxin,2013-04-10 19:00:00
981,2013,4,10,20,18.0,45.0,5.0,37.0,600.0,53.1216,6.3,1012.9,-4.5,0.0,NNE,0.5,Aotizhongxin,2013-04-10 20:00:00
982,2013,4,10,21,24.0,78.0,7.0,75.0,700.0,17.9928,4.0,1013.1,-4.2,0.0,SW,0.7,Aotizhongxin,2013-04-10 21:00:00
983,2013,4,10,22,22.0,54.0,6.0,87.0,700.0,9.4248,2.7,1013.4,-3.2,0.0,S,0.6,Aotizhongxin,2013-04-10 22:00:00
984,2013,4,10,23,23.0,55.0,7.0,88.0,900.0,2.0,2.1,1013.5,-5.1,0.0,SW,0.7,Aotizhongxin,2013-04-10 23:00:00
985,2013,4,11,0,36.0,108.0,8.0,98.0,1200.0,2.0,2.3,1013.4,-5.8,0.0,NE,0.8,Aotizhongxin,2013-04-11 00:00:00
986,2013,4,11,1,34.0,87.0,11.0,103.0,1000.0,2.0,3.8,1013.6,-4.7,0.0,NNE,1.1,Aotizhongxin,2013-04-11 01:00:00
987,2013,4,11,2,36.0,147.0,11.0,103.0,900.0,2.0,2.9,1013.6,-4.3,0.0,NE,0.6,Aotizhongxin,2013-04-11 02:00:00
988,2013,4,11,3,25.0,72.0,14.0,101.0,600.0,2.0,3.2,1013.8,-7.3,0.0,N,1.3,Aotizhongxin,2013-04-11 03:00:00
989,2013,4,11,4,17.0,56.0,11.0,97.0,700.0,2.0,3.2,1013.7,-5.0,0.0,NE,1.2,Aotizhongxin,2013-04-11 04:00:00
990,2013,4,11,5,25.0,77.0,14.0,95.0,800.0,2.0,2.5,1014.0,-5.9,0.0,NE,0.9,Aotizhongxin,2013-04-11 05:00:00
991,2013,4,11,6,25.0,69.0,19.0,93.0,900.0,2.0,4.6,1014.8,-9.2,0.0,N,1.8,Aotizhongxin,2013-04-11 06:00:00
992,2013,4,11,7,24.0,61.0,22.0,91.0,1100.0,2.0,8.9,1015.0,-8.7,0.0,NE,1.7,Aotizhongxin,2013-04-11 07:00:00
993,2013,4,11,8,35.0,31.0,25.0,88.0,900.0,24.2046,10.5,1015.1,-11.0,0.0,NNE,2.6,Aotizhongxin,2013-04-11 08:00:00
994,2013,4,11,9,21.0,31.0,21.0,66.0,700.0,56.9772,11.6,1015.3,-11.3,0.0,N,3.9,Aotizhongxin,2013-04-11 09:00:00
995,2013,4,11,10,14.0,25.0,16.0,31.0,600.0,67.473,12.8,1014.8,-11.0,0.0,NNE,3.3,Aotizhongxin,2013-04-11 10:00:00
996,2013,4,11,11,13.0,26.0,9.0,17.0,500.0,74.7558,14.0,1013.7,-10.7,0.0,NNW,4.8,Aotizhongxin,2013-04-11 11:00:00
997,2013,4,11,12,16.0,27.0,9.0,17.0,450.0,78.8256,15.3,1012.4,-6.9,0.0,WNW,4.5,Aotizhongxin,2013-04-11 12:00:00
998,2013,4,11,13,19.0,27.0,6.0,11.0,400.0,88.893,16.4,1011.8,-8.8,0.0,NW,2.3,Aotizhongxin,2013-04-11 13:00:00
999,2013,4,11,14,4.0,14.0,4.0,11.0,400.0,91.4634,17.0,1011.0,-9.9,0.0,WNW,5.0,Aotizhongxin,2013-04-11 14:00:00
1000,2013,4,11,15,16.0,17.0,2.2848,8.6226,400.0,91.6776,17.5,1010.2,-8.6,0.0,WNW,4.2,Aotizhongxin,2013-04-11 15:00:00
1001,2013,4,11,16,10.0,18.0,3.0,10.0,400.0,90.8208,18.1,1010.3,-11.8,0.0,NW,2.3,Aotizhongxin,2013-04-11 16:00:00
1002,2013,4,11,17,10.0,18.0,3.0,10.0,400.0,88.2504,16.7,1010.4,-12.9,0.0,NW,2.5,Aotizhongxin,2013-04-11 17:00:00
1003,2013,4,11,18,17.0,23.0,4.0,17.0,400.0,84.8232,14.9,1010.7,-13.3,0.0,NNE,2.0,Aotizhongxin,2013-04-11 18:00:00
1004,2013,4,11,19,5.0,32.0,4.0,38.0,500.0,62.118,11.4,1011.3,-10.8,0.0,ESE,0.8,Aotizhongxin,2013-04-11 19:00:00
1005,2013,4,11,20,4.0,32.0,4.0,38.0,600.0,33.8436,8.5,1011.9,-1.6,0.0,W,1.0,Aotizhongxin,2013-04-11 20:00:00
1006,2013,4,11,21,38.0,100.0,9.0,109.0,1100.0,0.2142,7.1,1012.2,-4.4,0.0,N,0.2,Aotizhongxin,2013-04-11 21:00:00
1007,2013,4,11,22,56.0,239.0,15.0,111.0,1300.0,2.0,6.0,1012.3,-3.1,0.0,SW,1.0,Aotizhongxin,2013-04-11 22:00:00
1008,2013,4,11,23,50.0,192.0,11.0,113.0,1200.0,2.0,5.7,1012.1,-3.4,0.0,SW,1.7,Aotizhongxin,2013-04-11 23:00:00
1009,2013,4,12,0,50.0,215.0,11.0,112.0,1100.0,2.0,7.8,1011.6,-3.7,0.0,SW,1.5,Aotizhongxin,2013-04-12 00:00:00
1010,2013,4,12,1,56.0,184.0,15.0,127.0,800.0,2.0,6.1,1011.2,-1.6,0.0,WNW,0.8,Aotizhongxin,2013-04-12 01:00:00
1011,2013,4,12,2,49.0,143.0,15.0,120.0,700.0,2.0,5.6,1010.8,-3.2,0.0,ENE,0.6,Aotizhongxin,2013-04-12 02:00:00
1012,2013,4,12,3,49.0,107.0,15.0,118.0,700.0,2.0,4.6,1010.5,-3.9,0.0,NE,1.0,Aotizhongxin,2013-04-12 03:00:00
1013,2013,4,12,4,44.0,107.0,18.0,117.0,900.0,2.0,3.3,1010.4,-4.7,0.0,NE,1.1,Aotizhongxin,2013-04-12 04:00:00
1014,2013,4,12,5,60.0,150.0,26.0,111.0,900.0,2.0,4.1,1010.5,-6.2,0.0,NE,0.6,Aotizhongxin,2013-04-12 05:00:00
1015,2013,4,12,6,46.0,110.0,23.0,103.0,900.0,2.0,5.7,1011.0,-5.9,0.0,NE,1.1,Aotizhongxin,2013-04-12 06:00:00
1016,2013,4,12,7,48.0,110.0,27.0,93.0,1000.0,2.0,10.2,1010.7,-6.6,0.0,SE,1.1,Aotizhongxin,2013-04-12 07:00:00
1017,2013,4,12,8,48.0,94.0,26.0,85.0,900.0,4.0,12.3,1010.6,-6.2,0.0,N,1.0,Aotizhongxin,2013-04-12 08:00:00
1018,2013,4,12,9,50.0,123.0,24.0,87.0,900.0,8.0,15.5,1010.5,-8.1,0.0,NE,1.2,Aotizhongxin,2013-04-12 09:00:00
1019,2013,4,12,10,50.0,122.0,23.0,86.0,1000.0,9.0,17.1,1009.4,-5.4,0.0,S,1.7,Aotizhongxin,2013-04-12 10:00:00
1020,2013,4,12,11,53.0,94.0,22.0,92.0,900.0,24.0,19.2,1008.2,-5.0,0.0,SSW,1.9,Aotizhongxin,2013-04-12 11:00:00
1021,2013,4,12,12,45.0,95.0,20.0,104.0,1000.0,24.0,20.9,1006.6,-2.9,0.0,SSW,2.9,Aotizhongxin,2013-04-12 12:00:00
1022,2013,4,12,13,62.0,110.0,18.0,104.0,900.0,38.0,21.7,1005.2,-2.3,0.0,SSW,2.8,Aotizhongxin,2013-04-12 13:00:00
1023,2013,4,12,14,58.0,109.0,16.0,44.0,600.0,88.0,22.6,1004.0,-0.2,0.0,SSW,3.8,Aotizhongxin,2013-04-12 14:00:00
1024,2013,4,12,15,46.0,109.0,14.0,34.0,500.0,88.0,22.2,1003.0,0.7,0.0,SW,4.3,Aotizhongxin,2013-04-12 15:00:00
1025,2013,4,12,16,48.0,128.0,18.564,34.2851,533.3333333333334,86.751,22.5,1002.5,0.9,0.0,SSW,3.7,Aotizhongxin,2013-04-12 16:00:00
1026,2013,4,12,17,65.0,168.0,35.0,52.0,566.6666666666666,72.6138,21.6,1002.3,0.7,0.0,SSW,2.0,Aotizhongxin,2013-04-12 17:00:00
1027,2013,4,12,18,58.0,149.0,29.0,52.0,600.0,66.0,20.7,1002.7,2.0,0.0,W,1.9,Aotizhongxin,2013-04-12 18:00:00
1028,2013,4,12,19,57.0,149.0,25.0,76.0,700.0,40.0,19.7,1003.4,0.7,0.0,SW,2.7,Aotizhongxin,2013-04-12 19:00:00
1029,2013,4,12,20,52.0,143.0,30.0,84.0,800.0,26.0,18.4,1003.1,1.4,0.0,SW,2.5,Aotizhongxin,2013-04-12 20:00:00
1030,2013,4,12,21,60.0,161.0,36.0,97.0,800.0,13.0,18.3,1002.5,1.7,0.0,WSW,2.2,Aotizhongxin,2013-04-12 21:00:00
1031,2013,4,12,22,65.0,170.0,38.0,93.0,800.0,14.0,17.0,1001.4,2.2,0.0,SW,2.6,Aotizhongxin,2013-04-12 22:00:00
1032,2013,4,12,23,73.0,191.0,39.0,82.0,800.0,15.0,16.6,1000.8,2.9,0.0,SW,2.8,Aotizhongxin,2013-04-12 23:00:00
1033,2013,4,13,0,70.0,191.0,42.0,71.0,700.0,18.0,15.4,999.6,4.1,0.0,W,1.3,Aotizhongxin,2013-04-13 00:00:00
1034,2013,4,13,1,78.0,185.0,49.0,65.0,700.0,18.0,11.4,998.7,6.1,0.0,WSW,0.0,Aotizhongxin,2013-04-13 01:00:00
1035,2013,4,13,2,88.0,203.0,47.0,78.0,800.0,7.0,9.9,997.5,5.9,0.0,ESE,0.9,Aotizhongxin,2013-04-13 02:00:00
1036,2013,4,13,3,88.0,203.0,47.0,78.0,900.0,2.0,10.4,997.1,3.0,0.0,NE,1.5,Aotizhongxin,2013-04-13 03:00:00
1037,2013,4,13,4,92.0,174.0,39.0,83.0,1000.0,2.0,9.1,996.5,3.1,0.0,NE,0.7,Aotizhongxin,2013-04-13 04:00:00
1038,2013,4,13,5,97.0,179.0,37.0,94.0,1300.0,2.0,8.9,996.1,2.9,0.0,NE,0.8,Aotizhongxin,2013-04-13 05:00:00
1039,2013,4,13,6,107.0,187.0,35.0,94.0,1300.0,2.0,11.2,996.7,2.2,0.0,NE,2.0,Aotizhongxin,2013-04-13 06:00:00
1040,2013,4,13,7,100.0,197.0,33.0,87.0,1200.0,2.0,13.9,996.8,2.5,0.0,NE,1.5,Aotizhongxin,2013-04-13 07:00:00
1041,2013,4,13,8,100.0,196.0,33.0,86.0,1300.0,2.0,16.9,996.8,2.5,0.0,NE,1.4,Aotizhongxin,2013-04-13 08:00:00
1042,2013,4,13,9,112.0,223.0,43.0,91.0,1300.0,2.0,19.2,996.9,3.4,0.0,NE,3.4,Aotizhongxin,2013-04-13 09:00:00
1043,2013,4,13,10,127.0,263.0,53.0,104.0,1300.0,8.0,24.4,996.8,0.0,0.0,N,3.3,Aotizhongxin,2013-04-13 10:00:00
1044,2013,4,13,11,154.0,268.0,53.0,113.0,1300.0,26.0,26.1,996.7,2.1,0.0,NE,3.2,Aotizhongxin,2013-04-13 11:00:00
1045,2013,4,13,12,92.0,143.0,36.0,83.0,1000.0,42.0,24.2,997.1,3.5,0.0,NNW,4.5,Aotizhongxin,2013-04-13 12:00:00
1046,2013,4,13,13,23.0,103.0,18.0,16.0,400.0,70.0,25.2,997.7,3.2,0.0,WNW,5.9,Aotizhongxin,2013-04-13 13:00:00
1047,2013,4,13,14,23.0,84.0,17.0,14.0,400.0,74.0,24.6,997.9,2.1,0.0,N,4.5,Aotizhongxin,2013-04-13 14:00:00
1048,2013,4,13,15,20.0,74.0,15.0,12.0,300.0,82.0,24.0,998.1,1.0,0.0,NNW,3.7,Aotizhongxin,2013-04-13 15:00:00
1049,2013,4,13,16,20.0,74.0,14.0,11.0,300.0,80.0,23.0,998.8,-0.5,0.0,NNW,3.1,Aotizhongxin,2013-04-13 16:00:00
1050,2013,4,13,17,13.0,40.0,11.0,11.0,300.0,84.0,21.1,999.8,-2.1,0.0,NNW,4.5,Aotizhongxin,2013-04-13 17:00:00
1051,2013,4,13,18,16.0,44.0,7.0,11.0,400.0,84.0,19.1,1000.7,-3.1,0.0,NNW,5.1,Aotizhongxin,2013-04-13 18:00:00
1052,2013,4,13,19,10.0,54.0,5.0,10.0,400.0,80.0,17.9,1001.9,-4.8,0.0,NNW,5.0,Aotizhongxin,2013-04-13 19:00:00
1053,2013,4,13,20,17.0,63.0,5.0,20.0,400.0,72.0,16.9,1003.4,-7.6,0.0,N,5.2,Aotizhongxin,2013-04-13 20:00:00
1054,2013,4,13,21,11.0,32.0,6.0,22.0,400.0,70.0,16.0,1004.5,-9.1,0.0,NNW,6.6,Aotizhongxin,2013-04-13 21:00:00
1055,2013,4,13,22,12.0,47.0,4.0,13.0,300.0,80.0,14.9,1005.7,-9.3,0.0,NNE,4.2,Aotizhongxin,2013-04-13 22:00:00
1056,2013,4,13,23,8.0,56.0,4.0,17.0,400.0,74.0,13.4,1006.5,-7.9,0.0,NE,1.5,Aotizhongxin,2013-04-13 23:00:00
1057,2013,4,14,0,8.0,25.0,3.0,25.0,400.0,66.0,11.8,1007.2,-9.9,0.0,NE,3.6,Aotizhongxin,2013-04-14 00:00:00
1058,2013,4,14,1,6.0,21.0,4.0,22.0,400.0,67.0,10.3,1007.5,-4.5,0.0,NE,1.9,Aotizhongxin,2013-04-14 01:00:00
1059,2013,4,14,2,8.0,13.0,4.0,28.0,400.0,60.0,7.0,1007.8,-1.7,0.0,SE,0.7,Aotizhongxin,2013-04-14 02:00:00
1060,2013,4,14,3,11.0,31.0,4.0,45.0,400.0,41.0,5.8,1007.6,-2.8,0.0,NE,1.3,Aotizhongxin,2013-04-14 03:00:00
1061,2013,4,14,4,30.0,127.0,7.0,81.0,500.0,10.0,7.0,1007.9,-6.7,0.0,E,1.3,Aotizhongxin,2013-04-14 04:00:00
1062,2013,4,14,5,16.0,56.0,7.0,55.0,400.0,37.0,5.8,1008.7,-10.1,0.0,ENE,0.8,Aotizhongxin,2013-04-14 05:00:00
1063,2013,4,14,6,8.0,33.0,3.0,36.0,400.0,50.0,7.1,1009.2,-10.2,0.0,S,0.4,Aotizhongxin,2013-04-14 06:00:00
1064,2013,4,14,7,11.0,38.0,5.0,37.0,400.0,50.0,10.1,1009.3,-8.6,0.0,W,1.3,Aotizhongxin,2013-04-14 07:00:00
1065,2013,4,14,8,5.0,40.0,5.0,42.0,400.0,46.0,10.8,1009.2,0.8,0.0,WSW,1.7,Aotizhongxin,2013-04-14 08:00:00
1066,2013,4,14,9,19.0,79.0,9.0,37.0,600.0,50.0,11.6,1008.7,0.4,0.0,S,1.6,Aotizhongxin,2013-04-14 09:00:00
1067,2013,4,14,10,19.0,79.0,9.0,37.0,800.0,45.0,13.0,1007.7,-0.7,0.0,SW,2.4,Aotizhongxin,2013-04-14 10:00:00
1068,2013,4,14,11,34.0,152.0,22.0,46.0,1000.0,49.0,13.1,1006.3,-0.2,0.0,SW,2.6,Aotizhongxin,2013-04-14 11:00:00
1069,2013,4,14,12,64.0,137.0,32.0,48.0,900.0,63.0,14.3,1005.1,-0.2,0.0,SSW,3.4,Aotizhongxin,2013-04-14 12:00:00
1070,2013,4,14,13,51.0,128.0,22.0,36.0,700.0,70.0,15.4,1003.8,-1.7,0.0,SW,5.5,Aotizhongxin,2013-04-14 13:00:00
1071,2013,4,14,14,56.0,151.0,20.0,32.0,600.0,81.0,16.2,1002.2,-1.4,0.0,SW,4.5,Aotizhongxin,2013-04-14 14:00:00
1072,2013,4,14,15,49.0,138.0,19.0,28.0,600.0,89.0,16.2,1001.2,-1.9,0.0,SW,4.0,Aotizhongxin,2013-04-14 15:00:00
1073,2013,4,14,16,46.0,165.0,17.0,27.0,600.0,94.0,16.2,1000.6,-1.0,0.0,SSW,3.8,Aotizhongxin,2013-04-14 16:00:00
1074,2013,4,14,17,50.0,152.0,17.0,29.0,600.0,93.0,15.3,999.8,-1.3,0.0,SW,3.6,Aotizhongxin,2013-04-14 17:00:00
1075,2013,4,14,18,56.0,174.0,21.0,38.0,600.0,85.0,14.4,999.7,-1.7,0.0,SSW,2.3,Aotizhongxin,2013-04-14 18:00:00
1076,2013,4,14,19,57.0,164.0,20.0,38.0,600.0,84.0,14.6,999.9,-1.5,0.0,SSW,3.1,Aotizhongxin,2013-04-14 19:00:00
1077,2013,4,14,20,57.0,164.0,20.0,38.0,600.0,74.0,14.1,999.8,-1.5,0.0,SSW,1.9,Aotizhongxin,2013-04-14 20:00:00
1078,2013,4,14,21,54.0,168.0,16.0,46.0,600.0,48.0,13.2,999.9,-1.2,0.0,S,1.7,Aotizhongxin,2013-04-14 21:00:00
1079,2013,4,14,22,55.0,194.0,15.0,70.0,1100.0,34.0,12.2,999.9,-0.4,0.0,S,2.8,Aotizhongxin,2013-04-14 22:00:00
1080,2013,4,14,23,67.0,196.0,32.0,75.0,1700.0,29.0,11.0,1000.3,0.1,0.0,SSW,1.3,Aotizhongxin,2013-04-14 23:00:00
1081,2013,4,15,0,65.0,169.0,35.0,77.0,1700.0,25.0,9.6,1000.0,0.2,0.0,SW,1.6,Aotizhongxin,2013-04-15 00:00:00
1082,2013,4,15,1,61.0,156.0,32.0,78.0,1399.0,19.0,8.0,999.5,-0.3,0.0,SE,0.5,Aotizhongxin,2013-04-15 01:00:00
1083,2013,4,15,2,62.0,171.0,31.0,78.0,1500.0,16.0,6.9,999.3,2.4,0.0,NNE,0.5,Aotizhongxin,2013-04-15 02:00:00
1084,2013,4,15,3,71.0,182.0,28.0,93.0,1600.0,3.0,7.8,999.2,0.5,0.0,NNE,1.1,Aotizhongxin,2013-04-15 03:00:00
1085,2013,4,15,4,71.0,182.0,27.0,93.0,1100.0,2.0,6.9,998.7,0.8,0.0,NE,1.3,Aotizhongxin,2013-04-15 04:00:00
1086,2013,4,15,5,77.0,168.0,26.0,96.0,1300.0,2.0,6.4,999.2,1.1,0.0,NE,0.6,Aotizhongxin,2013-04-15 05:00:00
1087,2013,4,15,6,77.0,167.0,26.0,95.0,1399.0,2.0,8.1,1000.2,0.6,0.0,ENE,1.2,Aotizhongxin,2013-04-15 06:00:00
1088,2013,4,15,7,68.0,146.0,26.0,98.0,1200.0,6.0,10.7,1000.2,-0.2,0.0,ENE,1.1,Aotizhongxin,2013-04-15 07:00:00
1089,2013,4,15,8,52.0,121.0,59.0,84.0,1300.0,17.0,13.0,1000.1,-2.1,0.0,E,1.4,Aotizhongxin,2013-04-15 08:00:00
1090,2013,4,15,9,69.0,155.0,74.0,86.0,1899.0,19.0,14.2,1000.0,-2.7,0.0,NE,1.2,Aotizhongxin,2013-04-15 09:00:00
1091,2013,4,15,10,82.0,150.0,116.0,86.0,2399.0,25.0,15.7,998.9,-1.9,0.0,S,1.7,Aotizhongxin,2013-04-15 10:00:00
1092,2013,4,15,11,82.0,150.0,116.0,86.0,2000.0,36.0,17.1,997.3,-0.6,0.0,SSE,2.1,Aotizhongxin,2013-04-15 11:00:00
1093,2013,4,15,12,49.0,173.0,96.0,82.0,1800.0,52.0,18.1,997.0,-0.2,0.0,SSE,4.1,Aotizhongxin,2013-04-15 12:00:00
1094,2013,4,15,13,82.0,174.0,73.0,64.0,1600.0,81.0,19.5,995.6,1.4,0.0,SSE,1.9,Aotizhongxin,2013-04-15 13:00:00
1095,2013,4,15,14,88.0,203.0,69.0,63.0,1700.0,93.0,19.5,994.9,1.4,0.0,SE,3.4,Aotizhongxin,2013-04-15 14:00:00
1096,2013,4,15,15,88.0,203.0,69.0,62.0,1700.0,95.0,18.4,994.5,2.6,0.0,SE,3.1,Aotizhongxin,2013-04-15 15:00:00
1097,2013,4,15,16,114.0,260.0,57.0,73.0,1800.0,94.0,17.9,994.2,4.5,0.0,S,2.0,Aotizhongxin,2013-04-15 16:00:00
1098,2013,4,15,17,115.0,241.0,56.0,67.0,1600.0,100.0,16.4,994.8,5.4,0.0,SSE,3.3,Aotizhongxin,2013-04-15 17:00:00
1099,2013,4,15,18,115.0,241.0,56.0,67.0,800.0,86.0,14.1,995.5,5.4,0.0,SE,2.6,Aotizhongxin,2013-04-15 18:00:00
1100,2013,4,15,19,83.0,242.0,37.0,54.0,800.0,56.0,12.6,996.7,4.3,0.0,SE,2.6,Aotizhongxin,2013-04-15 19:00:00
1101,2013,4,15,20,61.0,207.0,29.0,58.0,600.0,60.0,11.6,997.7,3.9,0.0,SE,0.9,Aotizhongxin,2013-04-15 20:00:00
1102,2013,4,15,21,54.0,181.0,27.0,45.0,700.0,65.0,11.0,997.5,4.0,0.0,S,1.5,Aotizhongxin,2013-04-15 21:00:00
1103,2013,4,15,22,53.0,181.0,26.0,45.0,800.0,56.0,11.0,997.1,1.5,0.0,ESE,1.5,Aotizhongxin,2013-04-15 22:00:00
1104,2013,4,15,23,54.0,144.0,22.0,53.0,900.0,59.0,10.8,997.4,0.8,0.0,ENE,1.5,Aotizhongxin,2013-04-15 23:00:00
1105,2013,4,16,0,50.0,147.0,39.0,47.0,1399.0,57.0,10.7,998.2,1.2,0.0,NE,1.2,Aotizhongxin,2013-04-16 00:00:00
1106,2013,4,16,1,50.0,147.0,39.0,46.0,1300.0,58.0,9.8,997.4,4.0,0.0,SW,1.2,Aotizhongxin,2013-04-16 01:00:00
1107,2013,4,16,2,46.0,136.0,53.0,46.0,1300.0,56.0,9.4,996.4,2.5,0.0,S,1.1,Aotizhongxin,2013-04-16 02:00:00
1108,2013,4,16,3,63.0,157.0,51.0,71.0,1399.0,34.0,9.2,997.4,2.3,0.0,NE,1.0,Aotizhongxin,2013-04-16 03:00:00
1109,2013,4,16,4,62.0,156.0,50.0,71.0,1300.0,12.0,8.7,998.1,2.3,0.0,NNW,0.7,Aotizhongxin,2013-04-16 04:00:00
1110,2013,4,16,5,50.0,156.0,46.0,69.66666666666667,1300.0,11.0,8.5,998.7,2.3,0.0,NE,1.1,Aotizhongxin,2013-04-16 05:00:00
1111,2013,4,16,6,58.0,185.0,35.0,68.33333333333333,1300.0,2.0,10.1,999.6,2.4,0.0,NE,1.9,Aotizhongxin,2013-04-16 06:00:00
1112,2013,4,16,7,57.0,185.0,35.0,67.0,1300.0,7.0,13.3,1000.5,3.1,0.0,NNW,1.8,Aotizhongxin,2013-04-16 07:00:00
1113,2013,4,16,8,78.0,208.0,48.0,65.66666666666667,1300.0,15.0,15.1,1001.4,2.6,0.0,NE,1.6,Aotizhongxin,2013-04-16 08:00:00
1114,2013,4,16,9,83.0,224.0,48.0,64.33333333333333,1300.0,32.0,17.7,1001.8,2.4,0.0,ESE,3.1,Aotizhongxin,2013-04-16 09:00:00
1115,2013,4,16,10,76.0,185.0,47.0,63.0,1100.0,58.0,19.1,1002.0,-0.4,0.0,NE,3.3,Aotizhongxin,2013-04-16 10:00:00
1116,2013,4,16,11,72.0,188.0,40.0,56.0,1000.0,69.0,20.2,1001.7,-2.2,0.0,N,2.8,Aotizhongxin,2013-04-16 11:00:00
1117,2013,4,16,12,72.0,187.0,40.0,55.0,600.0,76.0,20.8,1001.4,-1.7,0.0,N,3.9,Aotizhongxin,2013-04-16 12:00:00
1118,2013,4,16,13,51.0,132.0,28.0,36.0,500.0,92.0,21.6,1000.8,-1.0,0.0,NE,2.3,Aotizhongxin,2013-04-16 13:00:00
1119,2013,4,16,14,37.0,114.0,21.0,26.0,400.0,101.0,22.0,1000.1,-0.7,0.0,NNE,1.8,Aotizhongxin,2013-04-16 14:00:00
1120,2013,4,16,15,30.0,73.0,14.0,17.0,400.0,99.75,21.9,1000.1,-2.1,0.0,N,1.9,Aotizhongxin,2013-04-16 15:00:00
1121,2013,4,16,16,21.0,60.0,11.0,16.0,300.0,98.5,22.2,1000.2,-3.3,0.0,W,1.1,Aotizhongxin,2013-04-16 16:00:00
1122,2013,4,16,17,27.0,65.0,9.0,23.0,400.0,97.25,19.7,1000.5,2.1,0.0,SSE,5.3,Aotizhongxin,2013-04-16 17:00:00
1123,2013,4,16,18,41.0,113.0,14.0,30.0,500.0,96.0,15.4,1002.0,0.0,0.0,SW,4.9,Aotizhongxin,2013-04-16 18:00:00
1124,2013,4,16,19,41.0,113.0,14.0,30.0,1300.0,83.0,13.6,1003.9,-0.8,0.0,SW,3.6,Aotizhongxin,2013-04-16 19:00:00
1125,2013,4,16,20,93.0,312.0,38.0,60.0,1200.0,81.0,11.1,1005.5,-0.7,0.0,S,3.9,Aotizhongxin,2013-04-16 20:00:00
1126,2013,4,16,21,78.0,242.0,29.0,46.0,1000.0,94.0,10.0,1005.8,-0.8,0.0,S,2.2,Aotizhongxin,2013-04-16 21:00:00
1127,2013,4,16,22,78.0,242.0,29.0,46.0,900.0,80.0,9.5,1007.5,-0.4,0.0,SSW,2.5,Aotizhongxin,2013-04-16 22:00:00
1128,2013,4,16,23,55.0,139.0,22.0,67.0,700.0,57.0,9.1,1008.0,1.0,0.0,SSW,3.0,Aotizhongxin,2013-04-16 23:00:00
1129,2013,4,17,0,51.0,94.0,20.0,59.0,600.0,49.0,9.0,1007.6,1.2,0.0,SSW,2.0,Aotizhongxin,2013-04-17 00:00:00
1130,2013,4,17,1,51.0,94.0,19.0,59.0,400.0,53.0,8.7,1007.2,1.6,0.0,SSW,1.5,Aotizhongxin,2013-04-17 01:00:00
1131,2013,4,17,2,43.0,76.0,18.0,47.0,500.0,57.0,8.8,1007.4,1.7,0.0,WSW,2.0,Aotizhongxin,2013-04-17 02:00:00
1132,2013,4,17,3,35.0,77.0,18.0,35.0,500.0,66.0,8.6,1006.7,1.5,0.0,SW,1.9,Aotizhongxin,2013-04-17 03:00:00
1133,2013,4,17,4,33.0,67.0,17.0,31.0,700.0,68.0,8.5,1006.1,1.6,0.0,S,1.1,Aotizhongxin,2013-04-17 04:00:00
1134,2013,4,17,5,34.0,62.0,16.0,32.0,600.0,63.0,8.6,1006.6,0.6,0.0,SSW,1.7,Aotizhongxin,2013-04-17 05:00:00
1135,2013,4,17,6,40.0,61.0,17.0,38.0,800.0,54.0,9.2,1007.0,0.6,0.0,SW,1.6,Aotizhongxin,2013-04-17 06:00:00
1136,2013,4,17,7,39.0,68.0,20.0,39.0,900.0,52.0,10.0,1007.1,-0.2,0.0,SW,2.0,Aotizhongxin,2013-04-17 07:00:00
1137,2013,4,17,8,43.0,74.0,25.0,56.0,800.0,41.0,10.6,1006.3,-1.2,0.0,SW,4.4,Aotizhongxin,2013-04-17 08:00:00
1138,2013,4,17,9,43.0,74.0,25.0,56.0,700.0,47.0,12.1,1005.6,-2.2,0.0,S,2.9,Aotizhongxin,2013-04-17 09:00:00
1139,2013,4,17,10,37.0,100.0,24.0,50.0,700.0,50.0,13.4,1004.6,-1.0,0.0,S,3.8,Aotizhongxin,2013-04-17 10:00:00
1140,2013,4,17,11,40.0,88.0,28.0,46.0,700.0,58.0,14.6,1004.0,-1.9,0.0,S,2.3,Aotizhongxin,2013-04-17 11:00:00
1141,2013,4,17,12,51.0,86.0,25.0,46.0,600.0,63.0,15.8,1003.3,-2.2,0.0,SSW,2.2,Aotizhongxin,2013-04-17 12:00:00
1142,2013,4,17,13,51.0,86.0,25.0,46.0,500.0,80.0,16.0,1002.5,-1.6,0.0,SSW,1.8,Aotizhongxin,2013-04-17 13:00:00
1143,2013,4,17,14,52.0,74.0,22.0,38.0,800.0,80.0,17.1,1002.4,-2.1,0.0,WSW,1.0,Aotizhongxin,2013-04-17 14:00:00
1144,2013,4,17,15,60.0,83.0,29.0,40.0,900.0,78.0,17.1,1002.0,-1.6,0.0,SSE,1.2,Aotizhongxin,2013-04-17 15:00:00
1145,2013,4,17,16,74.0,111.0,34.0,53.0,1100.0,82.0,16.7,1002.5,-1.0,0.0,SW,1.9,Aotizhongxin,2013-04-17 16:00:00
1146,2013,4,17,17,74.0,110.0,33.0,52.0,900.0,76.0,15.6,1003.4,-1.1,0.0,E,1.9,Aotizhongxin,2013-04-17 17:00:00
1147,2013,4,17,18,61.0,126.0,20.0,62.0,700.0,68.0,14.0,1004.4,-1.6,0.0,ESE,1.4,Aotizhongxin,2013-04-17 18:00:00
1148,2013,4,17,19,53.0,127.0,17.0,70.0,600.0,53.0,13.1,1006.2,-2.4,0.0,ESE,1.1,Aotizhongxin,2013-04-17 19:00:00
1149,2013,4,17,20,50.0,116.0,14.0,79.0,600.0,41.0,12.1,1008.0,-1.5,0.0,N,0.5,Aotizhongxin,2013-04-17 20:00:00
1150,2013,4,17,21,47.0,99.0,12.0,75.0,600.0,39.0,13.1,1008.9,-3.7,0.0,NE,2.2,Aotizhongxin,2013-04-17 21:00:00
1151,2013,4,17,22,47.0,99.0,12.0,75.0,600.0,29.0,12.4,1010.4,-4.7,0.0,NNE,3.7,Aotizhongxin,2013-04-17 22:00:00
1152,2013,4,17,23,42.0,117.0,11.0,81.0,600.0,28.0,11.5,1011.7,-5.1,0.0,N,4.2,Aotizhongxin,2013-04-17 23:00:00
1153,2013,4,18,0,12.0,107.0,3.0,20.0,300.0,67.0,9.9,1013.2,-6.5,0.0,N,4.0,Aotizhongxin,2013-04-18 00:00:00
1154,2013,4,18,1,8.0,75.0,3.0,17.0,200.0,68.0,8.9,1014.6,-8.2,0.0,NNE,3.4,Aotizhongxin,2013-04-18 01:00:00
1155,2013,4,18,2,9.0,83.0,3.0,20.0,300.0,64.0,8.4,1015.7,-10.0,0.0,NNE,3.1,Aotizhongxin,2013-04-18 02:00:00
1156,2013,4,18,3,9.0,82.0,3.0,19.0,300.0,73.0,7.6,1016.5,-10.7,0.0,NE,2.2,Aotizhongxin,2013-04-18 03:00:00
1157,2013,4,18,4,10.0,34.0,3.0,14.0,300.0,64.0,6.7,1017.1,-9.7,0.0,NNE,1.1,Aotizhongxin,2013-04-18 04:00:00
1158,2013,4,18,5,5.0,29.0,6.0,28.0,300.0,54.0,6.3,1018.4,-10.0,0.0,NNE,2.2,Aotizhongxin,2013-04-18 05:00:00
1159,2013,4,18,6,12.0,41.0,9.0,38.0,300.0,46.0,7.9,1019.6,-10.5,0.0,NNE,3.0,Aotizhongxin,2013-04-18 06:00:00
1160,2013,4,18,7,12.0,53.0,9.0,43.0,400.0,41.0,9.2,1020.1,-13.3,0.0,NE,2.9,Aotizhongxin,2013-04-18 07:00:00
1161,2013,4,18,8,12.0,35.0,6.0,28.0,400.0,59.0,9.8,1020.5,-13.5,0.0,NE,2.9,Aotizhongxin,2013-04-18 08:00:00
1162,2013,4,18,9,10.0,37.0,3.0,18.0,300.0,69.0,10.9,1020.3,-13.3,0.0,NNE,3.1,Aotizhongxin,2013-04-18 09:00:00
1163,2013,4,18,10,10.0,36.0,3.0,18.0,300.0,72.0,11.6,1019.7,-15.1,0.0,NNW,4.9,Aotizhongxin,2013-04-18 10:00:00
1164,2013,4,18,11,11.0,25.0,3.0,14.0,300.0,78.0,12.7,1018.7,-11.8,0.0,N,2.1,Aotizhongxin,2013-04-18 11:00:00
1165,2013,4,18,12,9.0,18.0,4.0,12.0,300.0,81.0,13.5,1017.4,-12.7,0.0,ENE,2.4,Aotizhongxin,2013-04-18 12:00:00
1166,2013,4,18,13,10.0,17.0,4.0,13.0,400.0,84.0,14.3,1016.4,-12.0,0.0,SE,2.1,Aotizhongxin,2013-04-18 13:00:00
1167,2013,4,18,14,8.0,19.0,4.284,14.371,350.0,84.609,15.0,1015.6,-12.3,0.0,ENE,2.8,Aotizhongxin,2013-04-18 14:00:00
1168,2013,4,18,15,10.0,22.0,5.0,16.0,300.0,86.0,15.5,1014.9,-12.9,0.0,E,2.9,Aotizhongxin,2013-04-18 15:00:00
1169,2013,4,18,16,10.0,20.0,5.0,19.0,300.0,86.0,14.9,1014.5,-13.3,0.0,ESE,2.4,Aotizhongxin,2013-04-18 16:00:00
1170,2013,4,18,17,9.0,23.0,5.0,21.0,300.0,85.0,14.1,1015.0,-14.0,0.0,SE,2.4,Aotizhongxin,2013-04-18 17:00:00
1171,2013,4,18,18,9.0,25.0,3.0,24.0,400.0,80.0,12.3,1015.6,-13.7,0.0,ESE,1.7,Aotizhongxin,2013-04-18 18:00:00
1172,2013,4,18,19,13.0,33.0,3.0,39.0,400.0,62.0,10.9,1016.5,-12.5,0.0,NNE,0.5,Aotizhongxin,2013-04-18 19:00:00
1173,2013,4,18,20,12.0,35.0,3.0,52.0,500.0,47.0,11.4,1017.7,-11.5,0.0,NE,1.7,Aotizhongxin,2013-04-18 20:00:00
1174,2013,4,18,21,17.0,49.0,4.0,79.0,600.0,48.666666666666664,11.6,1018.1,-12.7,0.0,SW,3.3,Aotizhongxin,2013-04-18 21:00:00
1175,2013,4,18,22,16.0,49.0,3.0,78.0,500.0,50.333333333333336,11.1,1018.4,-10.4,0.0,S,1.8,Aotizhongxin,2013-04-18 22:00:00
1176,2013,4,18,23,22.0,71.0,9.0,50.0,400.0,52.0,10.0,1018.4,-8.2,0.0,SW,1.6,Aotizhongxin,2013-04-18 23:00:00
1177,2013,4,19,0,33.0,91.0,12.0,54.0,600.0,42.0,8.4,1017.5,-3.8,0.0,SW,0.0,Aotizhongxin,2013-04-19 00:00:00
1178,2013,4,19,1,43.0,109.0,20.0,56.0,700.0,35.0,8.4,1018.3,-4.1,0.0,SSE,1.7,Aotizhongxin,2013-04-19 01:00:00
1179,2013,4,19,2,50.0,150.0,25.0,80.0,900.0,16.0,7.4,1018.6,-3.8,0.0,ESE,1.9,Aotizhongxin,2013-04-19 02:00:00
1180,2013,4,19,3,67.0,152.0,37.0,82.0,1200.0,9.0,7.3,1019.1,-6.1,0.0,SSE,2.5,Aotizhongxin,2013-04-19 03:00:00
1181,2013,4,19,4,67.0,154.0,49.0,85.0,1300.0,10.0,7.2,1019.2,-7.3,0.0,SW,1.9,Aotizhongxin,2013-04-19 04:00:00
1182,2013,4,19,5,58.0,150.0,40.0,83.0,1100.0,15.0,7.2,1019.7,-5.9,0.0,S,1.4,Aotizhongxin,2013-04-19 05:00:00
1183,2013,4,19,6,56.0,119.0,36.0,77.0,1200.0,16.0,7.3,1020.0,-7.2,0.0,S,1.9,Aotizhongxin,2013-04-19 06:00:00
1184,2013,4,19,7,56.0,106.0,38.0,78.0,1100.0,18.0,6.6,1020.9,-0.2,0.0,SW,2.8,Aotizhongxin,2013-04-19 07:00:00
1185,2013,4,19,8,50.0,107.0,42.0,64.0,1000.0,31.0,6.2,1021.2,1.1,0.0,SW,3.3,Aotizhongxin,2013-04-19 08:00:00
1186,2013,4,19,9,50.0,107.0,42.0,64.0,700.0,33.0,3.5,1021.6,1.5,0.2,SW,5.4,Aotizhongxin,2013-04-19 09:00:00
1187,2013,4,19,10,42.0,71.0,11.0,46.0,600.0,40.0,4.7,1020.9,1.5,0.1,SSW,2.8,Aotizhongxin,2013-04-19 10:00:00
1188,2013,4,19,11,40.0,44.0,7.0,46.0,600.0,39.0,6.4,1019.7,0.7,0.0,WSW,4.7,Aotizhongxin,2013-04-19 11:00:00
1189,2013,4,19,12,31.0,33.0,13.0,34.0,500.0,63.0,7.2,1019.3,0.2,0.0,SW,3.9,Aotizhongxin,2013-04-19 12:00:00
1190,2013,4,19,13,32.0,40.0,21.0,27.0,600.0,73.0,7.9,1018.2,-1.4,0.0,SW,3.8,Aotizhongxin,2013-04-19 13:00:00
1191,2013,4,19,14,42.0,52.0,20.0,32.0,600.0,68.0,7.5,1017.5,-1.0,0.0,WSW,3.4,Aotizhongxin,2013-04-19 14:00:00
1192,2013,4,19,15,43.0,53.0,17.0,36.0,600.0,66.0,7.3,1017.1,-0.9,0.0,SW,2.5,Aotizhongxin,2013-04-19 15:00:00
1193,2013,4,19,16,52.0,74.0,15.0,43.0,600.0,57.0,6.7,1016.9,-1.5,0.0,SW,3.6,Aotizhongxin,2013-04-19 16:00:00
1194,2013,4,19,17,54.0,76.0,12.0,46.0,600.0,52.0,5.9,1016.6,-0.4,0.0,SW,2.6,Aotizhongxin,2013-04-19 17:00:00
1195,2013,4,19,18,48.0,77.0,11.0,45.0,700.0,56.0,4.9,1017.1,1.0,0.0,SSW,2.4,Aotizhongxin,2013-04-19 18:00:00
1196,2013,4,19,19,51.0,79.0,8.0,50.0,600.0,44.0,4.4,1017.3,1.6,0.0,SW,3.0,Aotizhongxin,2013-04-19 19:00:00
1197,2013,4,19,20,57.0,64.0,6.0,53.0,600.0,34.0,4.2,1017.9,1.2,0.0,WSW,2.2,Aotizhongxin,2013-04-19 20:00:00
1198,2013,4,19,21,57.0,60.0,5.0,54.0,600.0,26.0,4.2,1017.4,1.6,0.0,SW,2.9,Aotizhongxin,2013-04-19 21:00:00
1199,2013,4,19,22,53.0,59.0,5.0,60.0,600.0,15.0,4.1,1017.7,1.6,0.0,SSW,2.1,Aotizhongxin,2013-04-19 22:00:00
1200,2013,4,19,23,58.0,60.0,5.0,59.0,600.0,13.0,3.8,1018.1,1.7,0.0,WSW,2.2,Aotizhongxin,2013-04-19 23:00:00
1201,2013,4,20,0,55.0,60.0,4.0,59.0,600.0,10.0,3.5,1017.5,1.9,0.0,SW,1.7,Aotizhongxin,2013-04-20 00:00:00
1202,2013,4,20,1,62.0,51.0,4.0,60.0,600.0,8.0,3.0,1017.1,1.8,0.0,SW,1.1,Aotizhongxin,2013-04-20 01:00:00
1203,2013,4,20,2,52.0,55.0,4.0,63.0,600.0,2.0,2.3,1017.3,1.3,0.0,SW,1.3,Aotizhongxin,2013-04-20 02:00:00
1204,2013,4,20,3,55.0,58.0,3.0,65.0,600.0,2.0,1.9,1016.9,1.2,0.0,WSW,0.9,Aotizhongxin,2013-04-20 03:00:00
1205,2013,4,20,4,73.0,56.0,4.0,62.0,600.0,2.0,0.9,1016.9,0.3,0.0,SE,0.5,Aotizhongxin,2013-04-20 04:00:00
1206,2013,4,20,5,65.0,67.0,3.0,63.0,600.0,2.0,0.9,1017.4,0.6,0.0,WNW,0.5,Aotizhongxin,2013-04-20 05:00:00
1207,2013,4,20,6,77.0,77.0,4.0,59.0,600.0,2.0,2.6,1017.9,2.3,0.0,WSW,1.0,Aotizhongxin,2013-04-20 06:00:00
1208,2013,4,20,7,79.0,87.0,5.0,60.0,700.0,2.0,5.0,1017.9,2.4,0.0,W,0.8,Aotizhongxin,2013-04-20 07:00:00
1209,2013,4,20,8,83.0,92.0,9.0,66.0,700.0,2.0,7.7,1017.5,2.4,0.0,N,1.0,Aotizhongxin,2013-04-20 08:00:00
1210,2013,4,20,9,82.0,94.0,16.0,64.0,800.0,12.0,9.9,1017.6,1.0,0.0,W,0.9,Aotizhongxin,2013-04-20 09:00:00
1211,2013,4,20,10,72.0,83.0,19.0,68.0,800.0,25.0,11.8,1016.8,-0.1,0.0,W,2.3,Aotizhongxin,2013-04-20 10:00:00
1212,2013,4,20,11,68.0,72.0,17.0,66.0,800.0,44.0,12.9,1015.7,1.2,0.0,WSW,2.5,Aotizhongxin,2013-04-20 11:00:00
1213,2013,4,20,12,62.0,69.0,15.0,57.0,800.0,66.0,14.3,1014.8,0.9,0.0,SSW,2.7,Aotizhongxin,2013-04-20 12:00:00
1214,2013,4,20,13,65.0,76.0,18.0,51.0,800.0,89.0,14.8,1013.6,0.2,0.0,SW,3.3,Aotizhongxin,2013-04-20 13:00:00
1215,2013,4,20,14,83.0,92.0,16.0,42.0,700.0,105.0,15.3,1013.0,0.7,0.0,SSW,2.7,Aotizhongxin,2013-04-20 14:00:00
1216,2013,4,20,15,75.0,83.0,15.0,32.0,600.0,109.0,15.3,1011.9,-0.1,0.0,SW,4.1,Aotizhongxin,2013-04-20 15:00:00
1217,2013,4,20,16,67.0,88.0,13.0,35.0,600.0,107.0,14.7,1011.9,-1.0,0.0,WSW,4.3,Aotizhongxin,2013-04-20 16:00:00
1218,2013,4,20,17,61.0,92.0,11.0,34.0,600.0,100.0,13.6,1012.3,-1.2,0.0,SSW,4.0,Aotizhongxin,2013-04-20 17:00:00
1219,2013,4,20,18,68.0,112.0,16.0,39.0,600.0,90.0,12.6,1012.5,-0.3,0.0,SW,3.0,Aotizhongxin,2013-04-20 18:00:00
1220,2013,4,20,19,62.0,97.0,15.0,41.0,700.0,90.0,11.8,1013.5,-1.0,0.0,SSW,2.9,Aotizhongxin,2013-04-20 19:00:00
1221,2013,4,20,20,68.0,110.0,14.0,50.0,700.0,74.0,11.0,1014.2,0.4,0.0,SW,2.5,Aotizhongxin,2013-04-20 20:00:00
1222,2013,4,20,21,70.0,114.0,15.0,57.0,800.0,59.0,10.4,1014.4,0.7,0.0,SW,1.8,Aotizhongxin,2013-04-20 21:00:00
1223,2013,4,20,22,81.0,109.0,14.0,59.0,800.0,58.0,9.3,1014.9,1.0,0.0,SW,1.8,Aotizhongxin,2013-04-20 22:00:00
1224,2013,4,20,23,85.0,113.0,13.0,71.0,900.0,42.0,8.6,1015.1,1.7,0.0,SW,2.3,Aotizhongxin,2013-04-20 23:00:00
1225,2013,4,21,0,96.0,138.0,11.0,83.0,1000.0,25.0,8.1,1015.0,2.7,0.0,SW,1.6,Aotizhongxin,2013-04-21 00:00:00
1226,2013,4,21,1,106.0,146.0,10.0,77.0,900.0,20.0,6.5,1015.0,3.3,0.0,W,0.0,Aotizhongxin,2013-04-21 01:00:00
1227,2013,4,21,2,116.0,140.0,8.0,76.0,900.0,12.0,5.6,1015.2,3.3,0.0,W,1.0,Aotizhongxin,2013-04-21 02:00:00
1228,2013,4,21,3,119.0,143.0,7.0,86.0,1000.0,12.666666666666666,5.2,1014.7,3.7,0.0,NE,1.0,Aotizhongxin,2013-04-21 03:00:00
1229,2013,4,21,4,126.0,146.0,7.0,84.0,1000.0,13.333333333333334,4.5,1014.7,1.9,0.0,NNE,0.6,Aotizhongxin,2013-04-21 04:00:00
1230,2013,4,21,5,124.0,154.0,9.0,77.0,1100.0,14.0,4.2,1015.0,2.4,0.0,W,0.7,Aotizhongxin,2013-04-21 05:00:00
1231,2013,4,21,6,121.0,191.0,11.0,68.0,1100.0,14.666666666666666,5.7,1015.4,3.5,0.0,WNW,0.5,Aotizhongxin,2013-04-21 06:00:00
1232,2013,4,21,7,108.0,183.0,11.0,78.0,1200.0,15.333333333333334,8.2,1015.6,2.6,0.0,W,0.6,Aotizhongxin,2013-04-21 07:00:00
1233,2013,4,21,8,114.0,181.0,16.0,90.0,1200.0,16.0,9.7,1015.3,1.8,0.0,WSW,0.9,Aotizhongxin,2013-04-21 08:00:00
1234,2013,4,21,9,130.0,194.0,27.0,95.0,1300.0,16.666666666666668,11.8,1015.5,3.3,0.0,SSW,2.4,Aotizhongxin,2013-04-21 09:00:00
1235,2013,4,21,10,136.0,175.0,32.0,96.0,1300.0,17.333333333333332,13.6,1014.4,3.1,0.0,SW,1.8,Aotizhongxin,2013-04-21 10:00:00
1236,2013,4,21,11,152.0,176.0,35.0,97.0,1399.0,18.0,15.1,1013.3,4.2,0.0,S,2.2,Aotizhongxin,2013-04-21 11:00:00
1237,2013,4,21,12,159.0,182.0,34.0,96.0,1200.0,18.666666666666668,15.8,1012.3,3.9,0.0,SSW,2.5,Aotizhongxin,2013-04-21 12:00:00
1238,2013,4,21,13,156.0,176.0,35.0,72.0,1000.0,19.333333333333332,17.0,1010.7,3.6,0.0,SW,3.9,Aotizhongxin,2013-04-21 13:00:00
1239,2013,4,21,14,140.0,145.0,36.0,51.0,900.0,20.0,17.3,1009.7,3.9,0.0,SW,3.7,Aotizhongxin,2013-04-21 14:00:00
1240,2013,4,21,15,141.0,153.0,41.0,48.0,1000.0,20.666666666666668,17.6,1009.0,3.5,0.0,SSW,4.1,Aotizhongxin,2013-04-21 15:00:00
1241,2013,4,21,16,142.0,153.0,42.0,48.0,1000.0,21.333333333333332,17.2,1008.6,3.1,0.0,SW,4.7,Aotizhongxin,2013-04-21 16:00:00
1242,2013,4,21,17,143.0,194.0,67.0,64.0,942.8571428571429,22.0,16.5,1008.7,3.9,0.0,SSW,4.4,Aotizhongxin,2013-04-21 17:00:00
1243,2013,4,21,18,162.0,215.0,73.0,66.0,885.7142857142857,22.666666666666664,15.9,1008.8,4.0,0.0,SW,3.1,Aotizhongxin,2013-04-21 18:00:00
1244,2013,4,21,19,149.0,176.0,52.0,57.0,828.5714285714286,23.333333333333332,15.3,1010.0,4.0,0.0,SSW,3.2,Aotizhongxin,2013-04-21 19:00:00
1245,2013,4,21,20,131.0,149.0,37.9848,50.0932,771.4285714285714,24.0,14.6,1010.0,3.7,0.0,SSW,2.8,Aotizhongxin,2013-04-21 20:00:00
1246,2013,4,21,21,101.0,112.0,35.0,48.0,714.2857142857142,24.666666666666664,13.9,1009.7,3.4,0.0,SSW,2.8,Aotizhongxin,2013-04-21 21:00:00
1247,2013,4,21,22,87.0,96.0,31.0,49.0,657.1428571428571,25.333333333333332,13.2,1010.1,3.0,0.0,SW,3.3,Aotizhongxin,2013-04-21 22:00:00
1248,2013,4,21,23,90.0,113.0,27.0,52.0,600.0,26.0,12.4,1010.0,3.3,0.0,SSW,3.2,Aotizhongxin,2013-04-21 23:00:00
1249,2013,4,22,0,95.0,113.0,24.0,57.0,700.0,26.666666666666664,11.2,1010.1,3.9,0.0,SSW,1.4,Aotizhongxin,2013-04-22 00:00:00
1250,2013,4,22,1,107.0,140.0,22.0,56.0,700.0,27.333333333333332,10.2,1009.7,4.3,0.0,SSW,1.4,Aotizhongxin,2013-04-22 01:00:00
1251,2013,4,22,2,127.0,160.0,21.0,55.0,700.0,28.0,9.8,1009.7,4.0,0.0,SW,1.9,Aotizhongxin,2013-04-22 02:00:00
1252,2013,4,22,3,134.0,162.0,19.0,60.0,800.0,28.666666666666664,8.1,1010.0,4.3,0.0,SSW,0.7,Aotizhongxin,2013-04-22 03:00:00
1253,2013,4,22,4,139.0,160.0,18.0,64.0,800.0,29.333333333333332,7.9,1009.7,4.3,0.0,SSW,1.3,Aotizhongxin,2013-04-22 04:00:00
1254,2013,4,22,5,142.0,142.0,16.0,57.0,800.0,30.0,8.1,1010.3,4.7,0.0,SW,1.3,Aotizhongxin,2013-04-22 05:00:00
1255,2013,4,22,6,147.0,149.0,15.0,56.0,900.0,30.666666666666664,9.2,1010.5,4.8,0.0,SW,1.4,Aotizhongxin,2013-04-22 06:00:00
1256,2013,4,22,7,153.0,156.0,16.0,56.0,900.0,31.333333333333332,10.1,1010.2,4.9,0.0,SW,0.9,Aotizhongxin,2013-04-22 07:00:00
1257,2013,4,22,8,162.0,166.0,23.0,60.0,1000.0,32.0,11.6,1010.4,5.0,0.0,NNW,1.5,Aotizhongxin,2013-04-22 08:00:00
1258,2013,4,22,9,166.0,176.0,45.696,58.0999,1050.0,32.666666666666664,13.4,1010.0,5.3,0.0,S,0.8,Aotizhongxin,2013-04-22 09:00:00
1259,2013,4,22,10,149.0,177.0,69.0,64.0,1100.0,33.33333333333333,14.3,1009.7,5.9,0.0,SSW,1.6,Aotizhongxin,2013-04-22 10:00:00
1260,2013,4,22,11,188.0,190.0,66.0,72.0,1100.0,34.0,14.0,1009.2,6.4,0.0,SW,2.7,Aotizhongxin,2013-04-22 11:00:00
1261,2013,4,22,12,202.0,204.0,52.0,72.0,1200.0,34.666666666666664,13.9,1009.1,7.0,0.0,SSW,1.8,Aotizhongxin,2013-04-22 12:00:00
1262,2013,4,22,13,212.0,213.0,59.0,67.0,1500.0,35.33333333333333,14.2,1008.3,7.3,0.0,WSW,2.8,Aotizhongxin,2013-04-22 13:00:00
1263,2013,4,22,14,233.0,237.0,75.0,68.0,1800.0,36.0,14.5,1006.8,8.0,0.0,S,1.9,Aotizhongxin,2013-04-22 14:00:00
1264,2013,4,22,15,243.0,245.0,109.0,66.0,2000.0,36.666666666666664,14.7,1006.3,7.5,0.0,S,2.1,Aotizhongxin,2013-04-22 15:00:00
1265,2013,4,22,16,236.0,242.0,103.0,76.0,2000.0,37.33333333333333,14.3,1006.0,7.3,0.0,SSW,3.0,Aotizhongxin,2013-04-22 16:00:00
1266,2013,4,22,17,236.0,242.0,103.0,76.0,1700.0,38.0,14.2,1006.2,7.7,0.0,S,1.8,Aotizhongxin,2013-04-22 17:00:00
1267,2013,4,22,18,186.0,177.0,72.0,60.0,1000.0,48.0,13.9,1006.0,7.9,0.0,SW,0.8,Aotizhongxin,2013-04-22 18:00:00
1268,2013,4,22,19,159.0,170.0,50.0,60.0,1000.0,42.0,13.7,1006.7,8.1,0.0,SSW,1.1,Aotizhongxin,2013-04-22 19:00:00
1269,2013,4,22,20,163.0,183.0,39.0,73.0,1200.0,30.0,13.5,1006.7,7.9,0.0,SSE,1.5,Aotizhongxin,2013-04-22 20:00:00
1270,2013,4,22,21,172.0,185.0,36.0,73.0,1200.0,26.0,13.8,1006.2,8.0,0.0,SSE,1.5,Aotizhongxin,2013-04-22 21:00:00
1271,2013,4,22,22,208.0,210.0,32.0,102.0,1500.0,2.0,13.7,1006.1,7.9,0.0,S,2.5,Aotizhongxin,2013-04-22 22:00:00
1272,2013,4,22,23,186.0,202.0,34.0,98.0,1399.0,3.0,12.5,1006.1,7.2,0.0,SSW,3.1,Aotizhongxin,2013-04-22 23:00:00
1273,2013,4,23,0,150.0,143.0,36.0,50.0,900.0,39.0,11.6,1006.0,6.9,0.0,S,1.6,Aotizhongxin,2013-04-23 00:00:00
1274,2013,4,23,1,119.0,127.0,29.0,48.0,800.0,33.0,11.0,1005.9,6.9,0.0,SW,2.5,Aotizhongxin,2013-04-23 01:00:00
1275,2013,4,23,2,114.0,127.0,21.0,46.0,800.0,30.0,10.1,1005.8,6.6,0.0,SW,2.6,Aotizhongxin,2013-04-23 02:00:00
1276,2013,4,23,3,116.0,119.0,17.0,37.0,800.0,33.0,9.7,1005.3,6.6,0.0,SSW,2.0,Aotizhongxin,2013-04-23 03:00:00
1277,2013,4,23,4,139.0,110.0,18.0,33.0,800.0,36.0,9.3,1005.0,6.7,0.0,SSW,1.4,Aotizhongxin,2013-04-23 04:00:00
1278,2013,4,23,5,146.0,121.0,16.0,36.0,900.0,26.0,9.4,1005.4,6.8,0.0,S,1.7,Aotizhongxin,2013-04-23 05:00:00
1279,2013,4,23,6,137.0,143.0,15.0,38.0,1000.0,18.0,9.4,1005.4,7.0,0.0,SW,1.2,Aotizhongxin,2013-04-23 06:00:00
1280,2013,4,23,7,156.0,166.0,14.0,45.0,1000.0,8.0,9.5,1005.7,6.9,0.0,W,1.9,Aotizhongxin,2013-04-23 07:00:00
1281,2013,4,23,8,171.0,194.0,14.0,49.0,1100.0,2.0,10.1,1005.9,7.3,0.0,SW,0.6,Aotizhongxin,2013-04-23 08:00:00
1282,2013,4,23,9,179.0,192.0,15.0,49.0,1100.0,2.0,11.5,1005.8,7.4,0.0,WSW,1.5,Aotizhongxin,2013-04-23 09:00:00
1283,2013,4,23,10,179.0,199.0,18.0,49.0,1200.0,3.0,12.7,1005.6,8.0,0.0,W,1.8,Aotizhongxin,2013-04-23 10:00:00
1284,2013,4,23,11,189.0,213.0,43.0,53.0,1200.0,8.0,14.7,1005.0,8.0,0.0,S,0.8,Aotizhongxin,2013-04-23 11:00:00
1285,2013,4,23,12,198.0,217.0,53.0,59.0,1300.0,14.0,13.0,1004.0,7.7,0.0,SSW,1.4,Aotizhongxin,2013-04-23 12:00:00
1286,2013,4,23,13,232.0,234.0,44.0,72.0,1300.0,12.0,15.2,1004.8,8.2,0.0,WNW,1.5,Aotizhongxin,2013-04-23 13:00:00
1287,2013,4,23,14,257.0,260.0,35.0,72.0,1500.0,14.0,15.3,1003.0,8.1,0.0,SSW,1.9,Aotizhongxin,2013-04-23 14:00:00
1288,2013,4,23,15,233.0,254.0,53.0,79.0,1399.0,21.0,17.1,1004.0,8.2,0.0,ENE,1.8,Aotizhongxin,2013-04-23 15:00:00
1289,2013,4,23,16,260.0,273.0,44.0,83.0,1500.0,27.0,15.3,1005.3,8.8,0.0,ESE,2.1,Aotizhongxin,2013-04-23 16:00:00
1290,2013,4,23,17,263.0,300.0,39.0,90.0,1500.0,20.0,15.5,1005.7,8.2,0.0,E,1.1,Aotizhongxin,2013-04-23 17:00:00
1291,2013,4,23,18,237.0,245.0,32.0,87.0,1399.0,16.0,13.4,1006.2,9.3,0.0,SW,0.6,Aotizhongxin,2013-04-23 18:00:00
1292,2013,4,23,19,229.0,200.0,31.0,86.0,1300.0,14.0,11.9,1006.8,8.6,0.0,ENE,0.0,Aotizhongxin,2013-04-23 19:00:00
1293,2013,4,23,20,185.0,167.0,25.0,96.0,1300.0,2.0,10.5,1007.4,8.4,0.0,W,0.8,Aotizhongxin,2013-04-23 20:00:00
1294,2013,4,23,21,169.0,185.0,22.0,96.0,1500.0,2.0,9.5,1007.6,8.3,0.0,SSW,0.6,Aotizhongxin,2013-04-23 21:00:00
1295,2013,4,23,22,188.0,193.0,20.0,81.0,1500.0,2.0,8.9,1007.8,7.7,0.0,NE,0.6,Aotizhongxin,2013-04-23 22:00:00
1296,2013,4,23,23,166.0,221.0,20.0,60.0,1600.0,2.0,8.3,1007.4,7.5,0.0,E,0.6,Aotizhongxin,2013-04-23 23:00:00
1297,2013,4,24,0,161.0,195.0,23.0,52.0,1800.0,2.0,8.0,1007.3,7.4,0.0,NNE,0.2,Aotizhongxin,2013-04-24 00:00:00
1298,2013,4,24,1,168.0,209.0,24.0,53.0,1800.0,2.0,8.3,1007.2,7.7,0.0,NE,0.8,Aotizhongxin,2013-04-24 01:00:00
1299,2013,4,24,2,156.0,172.0,19.0,65.0,1200.0,2.0,7.9,1007.1,7.1,0.0,NE,0.8,Aotizhongxin,2013-04-24 02:00:00
1300,2013,4,24,3,163.0,131.0,18.0,59.0,1100.0,2.0,7.3,1006.6,6.7,0.0,E,0.4,Aotizhongxin,2013-04-24 03:00:00
1301,2013,4,24,4,145.0,112.0,17.0,51.0,1100.0,2.0,6.7,1006.7,6.1,0.0,NE,0.9,Aotizhongxin,2013-04-24 04:00:00
1302,2013,4,24,5,128.0,153.0,17.0,40.0,1399.0,2.0,6.3,1006.7,5.9,0.0,NNE,0.2,Aotizhongxin,2013-04-24 05:00:00
1303,2013,4,24,6,193.0,216.0,22.0,22.0,1800.0,2.0,8.0,1006.6,7.9,0.0,NNE,0.6,Aotizhongxin,2013-04-24 06:00:00
1304,2013,4,24,7,192.0,221.0,23.0,29.0,1700.0,2.0,11.1,1006.0,9.0,0.0,SSW,0.8,Aotizhongxin,2013-04-24 07:00:00
1305,2013,4,24,8,166.0,145.0,17.0,56.0,1200.0,2.0,14.7,1005.5,8.9,0.0,WSW,0.9,Aotizhongxin,2013-04-24 08:00:00
1306,2013,4,24,9,136.0,141.0,33.0,62.0,1200.0,2.0,18.1,1005.2,7.5,0.0,SSW,1.1,Aotizhongxin,2013-04-24 09:00:00
1307,2013,4,24,10,120.0,109.0,37.0,69.0,1200.0,6.0,19.7,1004.4,6.4,0.0,SSE,1.2,Aotizhongxin,2013-04-24 10:00:00
1308,2013,4,24,11,106.0,86.0,31.0,72.0,1000.0,18.0,20.7,1003.8,4.3,0.0,SW,1.4,Aotizhongxin,2013-04-24 11:00:00
1309,2013,4,24,12,81.0,88.0,23.0,70.0,900.0,44.0,23.0,1002.5,-1.2,0.0,W,4.4,Aotizhongxin,2013-04-24 12:00:00
1310,2013,4,24,13,81.0,63.0,17.0,56.0,700.0,58.0,24.0,1002.2,-5.2,0.0,NNW,5.2,Aotizhongxin,2013-04-24 13:00:00
1311,2013,4,24,14,45.0,128.0,7.0,23.0,400.0,81.0,24.1,1001.6,-4.2,0.0,NW,3.4,Aotizhongxin,2013-04-24 14:00:00
1312,2013,4,24,15,10.0,133.0,3.0,12.0,300.0,93.0,23.3,1001.4,-5.7,0.0,NNW,3.6,Aotizhongxin,2013-04-24 15:00:00
1313,2013,4,24,16,10.0,86.0,3.0,13.0,300.0,91.0,21.5,1001.6,-3.1,0.0,NE,3.7,Aotizhongxin,2013-04-24 16:00:00
1314,2013,4,24,17,12.0,75.0,3.0,14.0,300.0,84.0,20.4,1002.1,-0.9,0.0,NE,3.7,Aotizhongxin,2013-04-24 17:00:00
1315,2013,4,24,18,10.0,68.0,3.0,24.0,300.0,66.0,18.8,1003.2,-1.1,0.0,N,2.2,Aotizhongxin,2013-04-24 18:00:00
1316,2013,4,24,19,11.0,38.0,3.0,25.0,300.0,63.0,18.1,1005.5,-1.2,0.0,NNE,3.6,Aotizhongxin,2013-04-24 19:00:00
1317,2013,4,24,20,13.0,48.0,3.0,29.0,400.0,57.0,15.8,1007.6,-0.5,0.0,NNE,2.4,Aotizhongxin,2013-04-24 20:00:00
1318,2013,4,24,21,13.0,136.0,3.0,14.0,300.0,73.0,14.9,1008.1,-1.3,0.0,N,1.7,Aotizhongxin,2013-04-24 21:00:00
1319,2013,4,24,22,9.0,32.0,3.0,14.0,300.0,72.0,13.8,1008.0,-2.6,0.0,NNW,1.2,Aotizhongxin,2013-04-24 22:00:00
1320,2013,4,24,23,8.0,18.0,3.0,26.0,300.0,57.0,14.1,1008.0,-3.7,0.0,NW,1.9,Aotizhongxin,2013-04-24 23:00:00
1321,2013,4,25,0,10.0,20.0,4.0,44.0,300.0,37.0,12.2,1007.6,-2.8,0.0,N,1.9,Aotizhongxin,2013-04-25 00:00:00
1322,2013,4,25,1,10.0,30.0,4.0,50.0,400.0,30.0,11.3,1007.4,-2.2,0.0,NE,1.5,Aotizhongxin,2013-04-25 01:00:00
1323,2013,4,25,2,13.0,35.0,5.0,45.0,400.0,35.0,8.6,1007.3,-0.7,0.0,ENE,0.6,Aotizhongxin,2013-04-25 02:00:00
1324,2013,4,25,3,11.0,32.0,10.0,57.0,400.0,25.0,7.2,1007.5,-0.3,0.0,NNE,0.6,Aotizhongxin,2013-04-25 03:00:00
1325,2013,4,25,4,14.0,49.0,12.0,68.0,500.0,9.0,6.0,1007.7,0.7,0.0,NNE,0.7,Aotizhongxin,2013-04-25 04:00:00
1326,2013,4,25,5,21.0,51.0,11.0,78.0,500.0,2.0,6.4,1008.4,-0.6,0.0,SE,0.5,Aotizhongxin,2013-04-25 05:00:00
1327,2013,4,25,6,17.0,50.0,10.0,78.0,500.0,2.0,9.7,1008.9,0.6,0.0,ENE,1.9,Aotizhongxin,2013-04-25 06:00:00
1328,2013,4,25,7,15.0,26.0,12.0,59.0,500.0,20.0,15.1,1009.3,-3.8,0.0,NNE,1.4,Aotizhongxin,2013-04-25 07:00:00
1329,2013,4,25,8,18.0,34.0,9.0,44.0,500.0,39.0,16.4,1009.1,-4.8,0.0,NNE,2.7,Aotizhongxin,2013-04-25 08:00:00
1330,2013,4,25,9,15.0,21.0,8.0,26.0,500.0,61.0,17.8,1009.1,-5.5,0.0,NNW,4.2,Aotizhongxin,2013-04-25 09:00:00
1331,2013,4,25,10,13.0,32.0,8.0,17.0,400.0,74.0,19.0,1009.1,-3.8,0.0,NW,4.3,Aotizhongxin,2013-04-25 10:00:00
1332,2013,4,25,11,4.0,44.0,4.0,14.0,300.0,82.0,20.1,1008.2,-6.5,0.0,N,4.8,Aotizhongxin,2013-04-25 11:00:00
1333,2013,4,25,12,12.0,58.0,3.0,9.0,300.0,87.0,20.5,1007.6,-7.1,0.0,N,6.1,Aotizhongxin,2013-04-25 12:00:00
1334,2013,4,25,13,7.0,48.0,3.0,9.0,300.0,87.0,21.7,1006.6,-7.0,0.0,N,4.3,Aotizhongxin,2013-04-25 13:00:00
1335,2013,4,25,14,8.0,35.0,3.0,10.0,300.0,88.0,22.2,1005.9,-6.6,0.0,NNW,3.3,Aotizhongxin,2013-04-25 14:00:00
1336,2013,4,25,15,9.0,30.0,3.0,9.0,300.0,89.0,22.7,1005.3,-6.2,0.0,WNW,3.1,Aotizhongxin,2013-04-25 15:00:00
1337,2013,4,25,16,9.0,28.0,3.0,11.0,300.0,88.0,22.6,1005.4,-9.4,0.0,NNW,5.2,Aotizhongxin,2013-04-25 16:00:00
1338,2013,4,25,17,3.0,22.0,3.0,11.0,300.0,87.0,22.0,1005.5,-8.8,0.0,N,2.9,Aotizhongxin,2013-04-25 17:00:00
1339,2013,4,25,18,8.0,31.0,3.0,16.0,300.0,84.0,20.5,1005.8,-9.9,0.0,NNW,2.5,Aotizhongxin,2013-04-25 18:00:00
1340,2013,4,25,19,10.0,32.0,3.0,24.0,400.0,74.0,15.2,1006.4,-1.8,0.0,NNE,1.0,Aotizhongxin,2013-04-25 19:00:00
1341,2013,4,25,20,12.0,41.0,3.0,44.0,500.0,52.0,12.1,1007.3,2.8,0.0,WSW,0.5,Aotizhongxin,2013-04-25 20:00:00
1342,2013,4,25,21,12.0,43.0,3.0,54.0,500.0,41.0,10.3,1007.9,1.1,0.0,S,0.6,Aotizhongxin,2013-04-25 21:00:00
1343,2013,4,25,22,12.0,42.0,4.0,72.0,600.0,17.0,9.4,1008.1,1.8,0.0,E,0.2,Aotizhongxin,2013-04-25 22:00:00
1344,2013,4,25,23,29.0,104.0,6.0,92.0,900.0,2.0,8.9,1008.1,2.0,0.0,W,0.4,Aotizhongxin,2013-04-25 23:00:00
1345,2013,4,26,0,24.0,88.0,11.0,87.0,1100.0,2.0,8.1,1007.9,2.5,0.0,W,0.7,Aotizhongxin,2013-04-26 00:00:00
1346,2013,4,26,1,41.0,146.0,17.0,89.0,1500.0,2.0,7.3,1007.7,2.0,0.0,NE,0.6,Aotizhongxin,2013-04-26 01:00:00
1347,2013,4,26,2,46.0,206.0,19.0,93.0,1500.0,2.0,6.9,1007.0,1.4,0.0,WSW,0.2,Aotizhongxin,2013-04-26 02:00:00
1348,2013,4,26,3,46.0,174.0,26.0,83.0,1700.0,2.0,6.4,1006.9,2.5,0.0,ESE,0.0,Aotizhongxin,2013-04-26 03:00:00
1349,2013,4,26,4,60.0,176.0,30.0,83.0,1600.0,2.0,6.1,1006.7,3.6,0.0,W,0.2,Aotizhongxin,2013-04-26 04:00:00
1350,2013,4,26,5,59.0,140.0,29.0,86.0,1399.0,2.0,6.6,1006.9,2.9,0.0,NE,0.8,Aotizhongxin,2013-04-26 05:00:00
1351,2013,4,26,6,42.0,152.0,27.0,83.0,1200.0,2.0,9.3,1006.8,5.8,0.0,NNE,1.0,Aotizhongxin,2013-04-26 06:00:00
1352,2013,4,26,7,49.0,174.0,20.0,83.0,1100.0,2.0,14.4,1006.7,-0.9,0.0,ENE,1.2,Aotizhongxin,2013-04-26 07:00:00
1353,2013,4,26,8,54.0,150.0,26.0,88.0,1100.0,2.0,17.0,1006.4,-0.7,0.0,E,1.2,Aotizhongxin,2013-04-26 08:00:00
1354,2013,4,26,9,84.0,263.0,40.0,102.0,1500.0,2.0,18.2,1006.1,0.3,0.0,ENE,1.8,Aotizhongxin,2013-04-26 09:00:00
1355,2013,4,26,10,83.0,215.0,35.0,124.0,1500.0,2.0,19.7,1005.6,3.0,0.0,ENE,1.0,Aotizhongxin,2013-04-26 10:00:00
1356,2013,4,26,11,79.0,193.0,46.0,140.0,1300.0,2.0,20.9,1004.7,0.7,0.0,E,1.7,Aotizhongxin,2013-04-26 11:00:00
1357,2013,4,26,12,89.0,192.0,57.0,96.0,1100.0,13.0,22.6,1003.8,4.1,0.0,SW,2.9,Aotizhongxin,2013-04-26 12:00:00
1358,2013,4,26,13,81.0,125.0,63.0,52.0,700.0,71.5,23.3,1002.7,3.8,0.0,SSW,1.7,Aotizhongxin,2013-04-26 13:00:00
1359,2013,4,26,14,92.0,140.0,52.0,39.0,700.0,130.0,24.3,1001.8,4.1,0.0,WSW,1.0,Aotizhongxin,2013-04-26 14:00:00
1360,2013,4,26,15,88.0,130.0,48.0,37.0,800.0,136.0,23.6,1001.0,3.5,0.0,ESE,1.3,Aotizhongxin,2013-04-26 15:00:00
1361,2013,4,26,16,81.0,123.0,45.0,45.0,700.0,123.0,23.7,1000.4,3.6,0.0,ESE,3.0,Aotizhongxin,2013-04-26 16:00:00
1362,2013,4,26,17,80.0,131.0,42.0,56.0,600.0,107.0,22.5,1000.2,4.5,0.0,ESE,2.6,Aotizhongxin,2013-04-26 17:00:00
1363,2013,4,26,18,80.0,141.0,50.0,64.0,700.0,93.0,20.8,1001.3,4.8,0.0,ESE,1.9,Aotizhongxin,2013-04-26 18:00:00
1364,2013,4,26,19,81.0,156.0,56.0,73.0,700.0,83.0,19.5,1001.7,2.4,0.0,SSE,2.1,Aotizhongxin,2013-04-26 19:00:00
1365,2013,4,26,20,84.0,148.0,45.0,92.0,700.0,65.0,18.6,1002.9,0.2,0.0,S,1.6,Aotizhongxin,2013-04-26 20:00:00
1366,2013,4,26,21,60.0,103.0,32.0,63.0,700.0,84.0,16.9,1003.6,-0.4,0.0,SSE,1.0,Aotizhongxin,2013-04-26 21:00:00
1367,2013,4,26,22,48.0,73.0,29.0,81.0,600.0,56.0,16.2,1004.1,0.3,0.0,S,0.9,Aotizhongxin,2013-04-26 22:00:00
1368,2013,4,26,23,32.0,62.0,25.0,63.0,500.0,57.0,15.6,1003.9,-1.1,0.0,S,1.8,Aotizhongxin,2013-04-26 23:00:00
1369,2013,4,27,0,37.0,77.0,36.2712,66.5172,550.0,58.6908,15.4,1004.2,1.9,0.0,SSE,0.7,Aotizhongxin,2013-04-27 00:00:00
1370,2013,4,27,1,43.0,91.0,39.0,79.0,600.0,46.0,13.6,1004.1,3.6,0.0,NE,0.8,Aotizhongxin,2013-04-27 01:00:00
1371,2013,4,27,2,56.0,117.0,54.5,97.0,800.0,26.0,12.1,1003.9,2.5,0.0,NE,0.8,Aotizhongxin,2013-04-27 02:00:00
1372,2013,4,27,3,64.0,125.0,70.0,112.0,842.8571428571429,14.5,10.6,1003.9,3.6,0.0,N,0.0,Aotizhongxin,2013-04-27 03:00:00
1373,2013,4,27,4,83.0,151.0,62.0,109.0,885.7142857142857,3.0,9.3,1004.3,4.1,0.0,NNE,0.7,Aotizhongxin,2013-04-27 04:00:00
1374,2013,4,27,5,89.0,134.0,66.0,106.0,928.5714285714286,3.0,9.4,1004.8,2.7,0.0,ENE,1.1,Aotizhongxin,2013-04-27 05:00:00
1375,2013,4,27,6,69.0,144.0,67.0,102.0,971.4285714285714,3.0,12.7,1005.5,2.5,0.0,NE,1.2,Aotizhongxin,2013-04-27 06:00:00
1376,2013,4,27,7,64.0,132.0,51.0,100.0,1014.2857142857142,6.0,15.8,1006.1,1.5,0.0,NE,1.9,Aotizhongxin,2013-04-27 07:00:00
1377,2013,4,27,8,59.0,114.0,44.0,94.0,1057.142857142857,9.0,18.6,1006.5,0.2,0.0,NE,1.4,Aotizhongxin,2013-04-27 08:00:00
1378,2013,4,27,9,56.0,108.0,45.0,88.0,1100.0,22.0,19.2,1007.0,-0.3,0.0,SSE,1.9,Aotizhongxin,2013-04-27 09:00:00
1379,2013,4,27,10,50.0,98.0,50.0,62.0,1100.0,60.0,20.6,1006.7,1.9,0.0,ENE,1.5,Aotizhongxin,2013-04-27 10:00:00
1380,2013,4,27,11,38.0,92.0,48.0,44.0,1000.0,80.0,21.8,1006.0,2.0,0.0,SSE,2.1,Aotizhongxin,2013-04-27 11:00:00
1381,2013,4,27,12,38.0,97.0,48.0,34.0,1000.0,96.0,23.1,1005.1,4.1,0.0,ESE,2.4,Aotizhongxin,2013-04-27 12:00:00
1382,2013,4,27,13,52.0,120.0,48.0,36.0,1000.0,105.0,23.4,1004.7,4.3,0.0,S,1.4,Aotizhongxin,2013-04-27 13:00:00
1383,2013,4,27,14,55.0,149.0,52.0,40.0,1200.0,109.0,23.8,1003.9,4.7,0.0,SSE,1.7,Aotizhongxin,2013-04-27 14:00:00
1384,2013,4,27,15,63.0,166.0,53.0,40.0,1200.0,122.0,23.9,1003.5,5.3,0.0,SSE,1.8,Aotizhongxin,2013-04-27 15:00:00
1385,2013,4,27,16,74.0,174.0,49.0,39.0,1000.0,143.0,23.0,1003.8,4.0,0.0,S,1.7,Aotizhongxin,2013-04-27 16:00:00
1386,2013,4,27,17,72.0,157.0,39.0,37.0,900.0,144.0,21.8,1004.2,5.6,0.0,S,1.9,Aotizhongxin,2013-04-27 17:00:00
1387,2013,4,27,18,72.0,175.0,33.0,48.0,900.0,143.0,20.3,1004.9,5.1,0.0,SE,2.0,Aotizhongxin,2013-04-27 18:00:00
1388,2013,4,27,19,75.0,158.0,30.0,51.0,800.0,140.0,19.3,1005.7,6.4,0.0,S,1.5,Aotizhongxin,2013-04-27 19:00:00
1389,2013,4,27,20,94.0,154.0,29.0,64.0,800.0,136.0,18.4,1006.6,6.2,0.0,S,2.1,Aotizhongxin,2013-04-27 20:00:00
1390,2013,4,27,21,82.0,108.0,31.0,61.0,900.0,110.0,17.7,1006.5,5.9,0.0,SSE,1.0,Aotizhongxin,2013-04-27 21:00:00
1391,2013,4,27,22,75.0,111.0,35.0,76.0,1000.0,96.0,17.0,1006.8,5.9,0.0,SE,0.8,Aotizhongxin,2013-04-27 22:00:00
1392,2013,4,27,23,88.0,132.0,37.0,68.0,1200.0,93.0,16.5,1006.9,5.4,0.0,SE,2.1,Aotizhongxin,2013-04-27 23:00:00
1393,2013,4,28,0,96.0,153.0,55.0,64.0,1800.0,85.0,15.5,1006.0,5.1,0.0,ESE,1.4,Aotizhongxin,2013-04-28 00:00:00
1394,2013,4,28,1,83.0,119.0,55.0,64.0,1700.0,88.0,14.5,1005.7,5.0,0.0,ESE,1.5,Aotizhongxin,2013-04-28 01:00:00
1395,2013,4,28,2,84.0,128.0,53.0,58.0,1899.0,78.0,14.0,1005.4,5.9,0.0,ENE,0.5,Aotizhongxin,2013-04-28 02:00:00
1396,2013,4,28,3,82.0,135.0,62.0,61.0,2200.0,68.0,13.4,1004.7,5.8,0.0,SW,1.2,Aotizhongxin,2013-04-28 03:00:00
1397,2013,4,28,4,81.0,124.0,56.0,89.0,2000.0,44.0,11.9,1004.8,6.6,0.0,NW,0.5,Aotizhongxin,2013-04-28 04:00:00
1398,2013,4,28,5,79.0,117.0,52.0,72.0,2100.0,51.0,12.6,1004.2,5.5,0.0,ENE,1.2,Aotizhongxin,2013-04-28 05:00:00
1399,2013,4,28,6,80.0,119.0,53.0,60.0,2200.0,55.0,13.8,1004.4,5.4,0.0,SE,1.1,Aotizhongxin,2013-04-28 06:00:00
1400,2013,4,28,7,76.0,127.0,62.0,65.0,2000.0,56.0,15.0,1005.3,5.2,0.0,NW,0.7,Aotizhongxin,2013-04-28 07:00:00
1401,2013,4,28,8,73.0,117.0,81.0,69.0,2100.0,56.0,16.3,1005.1,5.8,0.0,WSW,1.6,Aotizhongxin,2013-04-28 08:00:00
1402,2013,4,28,9,88.0,140.0,100.0,76.0,2200.0,58.0,16.1,1004.8,6.2,0.0,SSE,1.2,Aotizhongxin,2013-04-28 09:00:00
1403,2013,4,28,10,92.0,147.0,101.0,71.0,2500.0,69.0,17.1,1004.9,6.3,0.0,NNE,2.0,Aotizhongxin,2013-04-28 10:00:00
1404,2013,4,28,11,74.0,120.0,80.0,49.0,1800.0,100.0,17.0,1004.1,6.2,0.0,NE,2.7,Aotizhongxin,2013-04-28 11:00:00
1405,2013,4,28,12,82.0,125.0,80.0,44.0,1899.0,104.0,18.1,1003.4,6.9,0.0,NE,1.2,Aotizhongxin,2013-04-28 12:00:00
1406,2013,4,28,13,88.0,136.0,67.0,56.0,1899.0,97.0,17.4,1002.9,6.9,0.0,NE,1.5,Aotizhongxin,2013-04-28 13:00:00
1407,2013,4,28,14,81.0,126.0,68.0,60.0,1600.0,102.0,17.8,1001.8,7.2,0.0,W,0.6,Aotizhongxin,2013-04-28 14:00:00
1408,2013,4,28,15,85.0,117.0,55.0,65.0,1399.0,94.0,19.9,1002.3,7.9,0.0,NE,1.3,Aotizhongxin,2013-04-28 15:00:00
1409,2013,4,28,16,87.0,117.0,60.0,61.0,1399.0,101.0,20.7,1002.2,7.3,0.0,SSE,0.7,Aotizhongxin,2013-04-28 16:00:00
1410,2013,4,28,17,88.0,121.0,60.0,61.0,1500.0,104.0,20.5,1003.2,7.5,0.0,ENE,1.3,Aotizhongxin,2013-04-28 17:00:00
1411,2013,4,28,18,94.0,150.0,51.0,86.0,1600.0,82.0,19.1,1004.5,0.1,0.0,NNE,1.2,Aotizhongxin,2013-04-28 18:00:00
1412,2013,4,28,19,55.0,116.0,33.0,46.0,900.0,84.0,15.2,1005.5,0.6,0.0,E,1.0,Aotizhongxin,2013-04-28 19:00:00
1413,2013,4,28,20,22.0,71.0,11.0,25.0,500.0,74.0,19.3,1006.3,-4.3,0.0,NNW,2.9,Aotizhongxin,2013-04-28 20:00:00
1414,2013,4,28,21,13.0,49.0,8.0,25.0,400.0,67.0,17.8,1006.8,-3.6,0.0,NNE,2.1,Aotizhongxin,2013-04-28 21:00:00
1415,2013,4,28,22,25.0,91.0,9.0,69.0,700.0,19.0,15.5,1007.6,-1.6,0.0,NE,0.8,Aotizhongxin,2013-04-28 22:00:00
1416,2013,4,28,23,19.0,89.0,8.0,51.0,500.0,44.0,11.6,1008.6,1.5,0.0,NW,0.7,Aotizhongxin,2013-04-28 23:00:00
1417,2013,4,29,0,12.0,42.0,6.0,30.0,300.0,64.0,12.8,1008.7,0.2,0.0,S,0.6,Aotizhongxin,2013-04-29 00:00:00
1418,2013,4,29,1,12.0,32.0,4.0,40.0,300.0,58.0,15.1,1008.8,-5.4,0.0,NW,1.7,Aotizhongxin,2013-04-29 01:00:00
1419,2013,4,29,2,9.0,22.0,5.0,40.0,300.0,62.0,14.9,1008.6,-6.1,0.0,NNE,1.4,Aotizhongxin,2013-04-29 02:00:00
1420,2013,4,29,3,8.0,24.0,6.0,42.0,300.0,62.0,14.0,1007.8,-5.8,0.0,NNE,1.4,Aotizhongxin,2013-04-29 03:00:00
1421,2013,4,29,4,16.0,24.0,8.0,43.0,300.0,60.0,12.6,1007.8,-3.3,0.0,E,0.7,Aotizhongxin,2013-04-29 04:00:00
1422,2013,4,29,5,12.0,32.0,10.0,31.0,312.5,73.6848,10.7,1008.2,1.0,0.0,SW,0.4,Aotizhongxin,2013-04-29 05:00:00
1423,2013,4,29,6,7.0,27.0,11.0,17.0,325.0,85.4658,17.2,1008.5,-5.3,0.0,N,1.9,Aotizhongxin,2013-04-29 06:00:00
1424,2013,4,29,7,9.0,26.0,10.0,15.0,337.5,87.822,20.6,1008.7,-6.1,0.0,N,3.9,Aotizhongxin,2013-04-29 07:00:00
1425,2013,4,29,8,11.0,61.0,11.0,16.0,350.0,87.822,22.2,1008.6,-6.6,0.0,NNW,5.3,Aotizhongxin,2013-04-29 08:00:00
1426,2013,4,29,9,17.0,90.0,11.0,11.0,362.5,93.3912,23.3,1008.0,-5.7,0.0,NNW,4.6,Aotizhongxin,2013-04-29 09:00:00
1427,2013,4,29,10,18.0,84.0,8.0,11.0,375.0,95.9616,24.5,1007.2,-4.8,0.0,NW,4.6,Aotizhongxin,2013-04-29 10:00:00
1428,2013,4,29,11,18.0,94.0,6.0,12.0,387.5,98.532,25.5,1006.9,-5.0,0.0,NW,4.7,Aotizhongxin,2013-04-29 11:00:00
1429,2013,4,29,12,10.0,77.0,6.0,10.0,400.0,102.0,26.7,1006.0,-4.0,0.0,NNW,4.6,Aotizhongxin,2013-04-29 12:00:00
1430,2013,4,29,13,26.0,79.0,7.0,10.0,300.0,103.0,27.6,1004.8,-4.4,0.0,NNW,3.0,Aotizhongxin,2013-04-29 13:00:00
1431,2013,4,29,14,24.0,60.0,6.0,7.0,300.0,107.0,28.9,1003.7,-4.5,0.0,NW,3.5,Aotizhongxin,2013-04-29 14:00:00
1432,2013,4,29,15,16.0,62.0,5.0,8.0,300.0,106.0,28.7,1003.1,-3.5,0.0,WNW,2.0,Aotizhongxin,2013-04-29 15:00:00
1433,2013,4,29,16,10.0,54.0,5.0,9.0,300.0,102.0,28.5,1002.9,-4.8,0.0,NW,3.2,Aotizhongxin,2013-04-29 16:00:00
1434,2013,4,29,17,10.0,56.0,5.0,12.0,300.0,97.0,27.9,1003.0,-5.3,0.0,NNW,3.2,Aotizhongxin,2013-04-29 17:00:00
1435,2013,4,29,18,13.0,64.0,5.0,16.0,400.0,90.0,25.4,1003.9,-5.0,0.0,NNE,1.6,Aotizhongxin,2013-04-29 18:00:00
1436,2013,4,29,19,14.0,71.0,4.0,24.0,400.0,81.0,19.9,1004.8,0.3,0.0,NW,0.4,Aotizhongxin,2013-04-29 19:00:00
1437,2013,4,29,20,14.0,84.0,4.0,27.0,400.0,74.0,16.2,1005.6,1.5,0.0,N,0.0,Aotizhongxin,2013-04-29 20:00:00
1438,2013,4,29,21,13.0,81.0,5.0,38.0,400.0,60.0,14.3,1005.9,4.3,0.0,E,0.4,Aotizhongxin,2013-04-29 21:00:00
1439,2013,4,29,22,18.0,72.0,5.0,47.0,400.0,47.0,13.4,1006.0,3.5,0.0,NW,0.5,Aotizhongxin,2013-04-29 22:00:00
1440,2013,4,29,23,34.0,158.0,13.0,63.0,700.0,16.0,11.9,1007.3,3.4,0.0,N,0.5,Aotizhongxin,2013-04-29 23:00:00
1441,2013,4,30,0,40.0,109.0,8.0,72.0,600.0,26.0,17.0,1008.2,-3.7,0.0,NE,1.6,Aotizhongxin,2013-04-30 00:00:00
1442,2013,4,30,1,23.0,60.0,6.0,37.0,300.0,59.0,16.4,1008.6,-5.4,0.0,NNE,1.5,Aotizhongxin,2013-04-30 01:00:00
1443,2013,4,30,2,15.0,51.0,7.0,50.0,300.0,44.0,14.3,1008.7,-2.6,0.0,WSW,0.8,Aotizhongxin,2013-04-30 02:00:00
1444,2013,4,30,3,15.0,40.0,6.0,49.0,300.0,50.0,11.8,1008.8,-1.7,0.0,NNE,0.7,Aotizhongxin,2013-04-30 03:00:00
1445,2013,4,30,4,17.0,47.0,7.0,66.0,300.0,34.0,9.3,1009.0,1.4,0.0,ESE,0.4,Aotizhongxin,2013-04-30 04:00:00
1446,2013,4,30,5,11.0,45.0,7.0,51.0,300.0,46.0,8.9,1009.3,2.9,0.0,NNW,0.7,Aotizhongxin,2013-04-30 05:00:00
1447,2013,4,30,6,13.0,50.0,8.0,71.0,400.0,28.0,13.3,1010.0,3.9,0.0,ENE,0.8,Aotizhongxin,2013-04-30 06:00:00
1448,2013,4,30,7,17.0,62.0,11.0,60.0,400.0,39.0,18.9,1010.3,-4.6,0.0,NE,1.2,Aotizhongxin,2013-04-30 07:00:00
1449,2013,4,30,8,17.0,77.0,13.0,52.0,400.0,48.0,20.8,1010.3,-3.7,0.0,E,1.9,Aotizhongxin,2013-04-30 08:00:00
1450,2013,4,30,9,15.0,51.0,10.0,37.0,400.0,64.0,22.6,1009.8,-2.2,0.0,E,2.2,Aotizhongxin,2013-04-30 09:00:00
1451,2013,4,30,10,16.0,51.0,8.0,28.0,300.0,74.0,24.4,1009.2,-3.1,0.0,E,2.4,Aotizhongxin,2013-04-30 10:00:00
1452,2013,4,30,11,17.0,43.0,9.0,25.0,300.0,85.0,25.4,1008.4,-0.7,0.0,E,1.2,Aotizhongxin,2013-04-30 11:00:00
1453,2013,4,30,12,20.0,49.0,8.0,22.0,300.0,92.0,27.0,1007.4,-3.8,0.0,ESE,1.6,Aotizhongxin,2013-04-30 12:00:00
1454,2013,4,30,13,21.0,44.0,7.0,23.0,300.0,94.0,27.4,1007.0,-0.7,0.0,S,1.7,Aotizhongxin,2013-04-30 13:00:00
1455,2013,4,30,14,18.0,34.0,8.0,25.0,300.0,98.0,28.5,1006.0,-2.6,0.0,SW,2.4,Aotizhongxin,2013-04-30 14:00:00
1456,2013,4,30,15,14.0,33.0,9.0,23.0,300.0,106.0,29.0,1005.7,-4.5,0.0,NNW,1.5,Aotizhongxin,2013-04-30 15:00:00
1457,2013,4,30,16,11.0,19.0,7.0,14.0,300.0,109.0,29.1,1005.2,-7.0,0.0,NE,4.1,Aotizhongxin,2013-04-30 16:00:00
1458,2013,4,30,17,17.0,35.0,4.0,12.0,300.0,105.0,28.2,1005.5,-7.7,0.0,NNE,3.0,Aotizhongxin,2013-04-30 17:00:00
1459,2013,4,30,18,13.0,26.0,4.0,16.0,300.0,98.0,24.8,1006.3,-5.5,0.0,E,1.7,Aotizhongxin,2013-04-30 18:00:00
1460,2013,4,30,19,15.0,85.0,6.0,36.0,400.0,82.0,21.7,1006.9,-6.1,0.0,ESE,1.4,Aotizhongxin,2013-04-30 19:00:00
1461,2013,4,30,20,20.0,71.0,6.0,77.0,700.0,44.0,20.7,1008.1,-6.9,0.0,E,1.4,Aotizhongxin,2013-04-30 20:00:00
1462,2013,4,30,21,24.0,62.0,6.0,78.0,600.0,38.0,20.9,1009.0,-7.6,0.0,E,1.8,Aotizhongxin,2013-04-30 21:00:00
1463,2013,4,30,22,18.0,58.0,6.0,66.0,500.0,45.0,20.7,1009.5,-7.8,0.0,E,1.2,Aotizhongxin,2013-04-30 22:00:00
1464,2013,4,30,23,20.0,105.0,9.0,54.0,500.0,53.0,16.1,1011.3,-3.4,0.0,NNE,0.8,Aotizhongxin,2013-04-30 23:00:00
1465,2013,5,1,0,41.0,248.0,18.0,61.0,600.0,47.0,14.1,1012.2,0.0,0.0,SE,1.0,Aotizhongxin,2013-05-01 00:00:00
1466,2013,5,1,1,27.0,106.0,15.0,45.0,500.0,60.0,11.8,1012.6,2.8,0.0,NE,1.2,Aotizhongxin,2013-05-01 01:00:00
1467,2013,5,1,2,23.0,83.0,15.0,47.0,600.0,53.0,10.5,1012.8,2.6,0.0,NNE,1.1,Aotizhongxin,2013-05-01 02:00:00
1468,2013,5,1,3,24.0,64.0,15.0,53.0,550.0,54.666666666666664,9.4,1012.5,3.6,0.0,NNE,0.0,Aotizhongxin,2013-05-01 03:00:00
1469,2013,5,1,4,24.0,73.0,21.0,53.0,500.0,56.333333333333336,8.2,1012.6,4.0,0.0,ENE,0.5,Aotizhongxin,2013-05-01 04:00:00
1470,2013,5,1,5,26.0,79.0,18.0,74.0,600.0,58.0,7.8,1012.7,4.0,0.0,N,0.0,Aotizhongxin,2013-05-01 05:00:00
1471,2013,5,1,6,25.0,75.0,16.0,94.0,600.0,59.666666666666664,11.4,1012.7,3.2,0.0,WSW,0.5,Aotizhongxin,2013-05-01 06:00:00
1472,2013,5,1,7,36.0,80.0,27.0,85.0,700.0,61.333333333333336,15.6,1012.8,2.0,0.0,SW,1.1,Aotizhongxin,2013-05-01 07:00:00
1473,2013,5,1,8,34.0,80.0,39.0,69.0,700.0,63.0,17.6,1012.4,1.1,0.0,WSW,1.5,Aotizhongxin,2013-05-01 08:00:00
1474,2013,5,1,9,37.0,90.0,34.0,67.0,700.0,64.66666666666667,19.9,1011.8,1.3,0.0,ESE,2.4,Aotizhongxin,2013-05-01 09:00:00
1475,2013,5,1,10,26.0,71.0,27.0,49.0,600.0,66.33333333333333,21.4,1010.9,-0.6,0.0,SSE,0.9,Aotizhongxin,2013-05-01 10:00:00
1476,2013,5,1,11,31.0,65.0,23.0,43.0,600.0,68.0,21.7,1009.6,0.8,0.0,W,2.0,Aotizhongxin,2013-05-01 11:00:00
1477,2013,5,1,12,33.0,53.0,17.0,36.0,500.0,69.66666666666667,23.3,1008.5,-0.3,0.0,SSW,2.3,Aotizhongxin,2013-05-01 12:00:00
1478,2013,5,1,13,37.0,54.0,14.0,34.0,500.0,71.33333333333333,23.7,1007.3,1.9,0.0,SW,3.7,Aotizhongxin,2013-05-01 13:00:00
1479,2013,5,1,14,40.0,54.0,15.0,30.0,500.0,73.0,23.9,1006.6,2.1,0.0,WSW,3.7,Aotizhongxin,2013-05-01 14:00:00
1480,2013,5,1,15,38.0,68.0,14.0,24.0,400.0,74.66666666666667,23.4,1006.3,3.3,0.0,SSW,3.0,Aotizhongxin,2013-05-01 15:00:00
1481,2013,5,1,16,31.0,87.0,15.0,22.0,400.0,76.33333333333333,22.4,1006.1,2.5,0.0,SW,4.1,Aotizhongxin,2013-05-01 16:00:00
1482,2013,5,1,17,40.0,99.0,16.0,22.0,500.0,78.0,21.3,1006.0,3.9,0.0,SW,3.5,Aotizhongxin,2013-05-01 17:00:00
1483,2013,5,1,18,35.0,107.0,17.0,26.0,500.0,79.66666666666667,20.0,1006.4,2.3,0.0,SSW,2.8,Aotizhongxin,2013-05-01 18:00:00
1484,2013,5,1,19,39.0,116.0,17.0,28.0,500.0,81.33333333333333,19.3,1006.6,1.3,0.0,SW,3.1,Aotizhongxin,2013-05-01 19:00:00
1485,2013,5,1,20,39.0,77.0,20.0,35.0,500.0,83.0,18.4,1006.6,2.6,0.0,SSW,2.1,Aotizhongxin,2013-05-01 20:00:00
1486,2013,5,1,21,40.0,100.0,21.0,42.0,600.0,84.66666666666667,17.9,1007.1,4.1,0.0,SW,2.4,Aotizhongxin,2013-05-01 21:00:00
1487,2013,5,1,22,56.0,126.0,28.0,49.0,700.0,86.33333333333333,17.6,1007.1,4.9,0.0,S,1.5,Aotizhongxin,2013-05-01 22:00:00
1488,2013,5,1,23,61.0,135.0,30.0,61.0,700.0,88.0,17.1,1007.1,5.4,0.0,SSW,2.5,Aotizhongxin,2013-05-01 23:00:00
1489,2013,5,2,0,61.0,135.0,30.0,61.0,800.0,89.66666666666667,16.6,1007.7,4.6,0.0,SSW,1.4,Aotizhongxin,2013-05-02 00:00:00
1490,2013,5,2,1,44.0,88.0,29.0,42.0,700.0,91.33333333333333,15.7,1007.3,4.1,0.0,WSW,2.3,Aotizhongxin,2013-05-02 01:00:00
1491,2013,5,2,2,41.0,73.0,27.0,41.0,600.0,93.0,15.4,1007.2,4.7,0.0,SSW,2.0,Aotizhongxin,2013-05-02 02:00:00
1492,2013,5,2,3,38.0,66.0,26.0,34.0,600.0,94.66666666666667,15.9,1007.2,3.7,0.0,SW,2.0,Aotizhongxin,2013-05-02 03:00:00
1493,2013,5,2,4,38.0,74.0,27.0,39.0,600.0,96.33333333333333,15.6,1007.3,4.9,0.0,WSW,0.8,Aotizhongxin,2013-05-02 04:00:00
1494,2013,5,2,5,49.0,89.0,27.0,75.0,700.0,98.0,14.0,1008.0,5.6,0.0,WSW,0.5,Aotizhongxin,2013-05-02 05:00:00
1495,2013,5,2,6,65.0,129.0,30.0,83.0,1200.0,99.66666666666667,14.4,1008.4,6.5,0.0,SW,1.3,Aotizhongxin,2013-05-02 06:00:00
1496,2013,5,2,7,83.0,155.0,33.0,83.0,1500.0,101.33333333333333,16.4,1008.6,3.8,0.0,W,1.1,Aotizhongxin,2013-05-02 07:00:00
1497,2013,5,2,8,84.0,120.0,43.0,82.0,1399.0,103.0,17.9,1009.0,5.1,0.0,ENE,1.4,Aotizhongxin,2013-05-02 08:00:00
1498,2013,5,2,9,92.0,142.0,52.0,88.0,1399.0,104.66666666666667,19.4,1008.4,3.1,0.0,NNW,0.9,Aotizhongxin,2013-05-02 09:00:00
1499,2013,5,2,10,98.0,149.0,56.0,91.0,1500.0,106.33333333333334,21.2,1007.3,3.8,0.0,NE,1.4,Aotizhongxin,2013-05-02 10:00:00
1500,2013,5,2,11,87.0,126.0,52.0,82.0,1200.0,108.0,22.7,1006.9,3.7,0.0,S,1.6,Aotizhongxin,2013-05-02 11:00:00
1501,2013,5,2,12,58.0,65.0,37.0,36.0,500.0,109.66666666666667,23.5,1005.9,4.4,0.0,SE,2.9,Aotizhongxin,2013-05-02 12:00:00
1502,2013,5,2,13,71.0,113.0,41.0,38.0,800.0,111.33333333333334,24.0,1005.2,4.4,0.0,SE,1.9,Aotizhongxin,2013-05-02 13:00:00
1503,2013,5,2,14,95.0,121.0,44.0,40.0,1000.0,113.0,24.1,1004.1,4.9,0.0,SW,1.8,Aotizhongxin,2013-05-02 14:00:00
1504,2013,5,2,15,88.0,112.0,44.0,33.0,1000.0,114.66666666666667,24.2,1003.2,5.5,0.0,S,2.2,Aotizhongxin,2013-05-02 15:00:00
1505,2013,5,2,16,96.0,137.0,49.0,42.0,1100.0,116.33333333333334,23.6,1002.9,6.8,0.0,ESE,2.1,Aotizhongxin,2013-05-02 16:00:00
1506,2013,5,2,17,105.0,151.0,58.0,55.0,1100.0,118.0,22.9,1002.9,6.2,0.0,SSE,1.7,Aotizhongxin,2013-05-02 17:00:00
1507,2013,5,2,18,100.0,153.0,65.0,67.0,1100.0,103.0,21.2,1003.4,5.9,0.0,ESE,2.8,Aotizhongxin,2013-05-02 18:00:00
1508,2013,5,2,19,87.0,179.0,63.0,71.0,1000.0,80.0,20.2,1004.3,6.9,0.0,ESE,2.2,Aotizhongxin,2013-05-02 19:00:00
1509,2013,5,2,20,82.0,183.0,61.0,83.0,1000.0,61.0,19.2,1005.4,6.6,0.0,SE,2.8,Aotizhongxin,2013-05-02 20:00:00
1510,2013,5,2,21,124.0,183.0,63.0,93.0,1200.0,38.0,18.5,1006.1,6.0,0.0,SE,2.8,Aotizhongxin,2013-05-02 21:00:00
1511,2013,5,2,22,166.0,176.0,57.0,103.0,1200.0,24.0,17.9,1006.7,6.7,0.0,ENE,1.4,Aotizhongxin,2013-05-02 22:00:00
1512,2013,5,2,23,90.0,138.0,49.0,76.0,800.0,39.0,17.0,1008.2,6.2,0.0,ENE,0.7,Aotizhongxin,2013-05-02 23:00:00
1513,2013,5,3,0,69.0,85.0,44.0,47.0,500.0,62.0,16.6,1009.0,5.8,0.0,ESE,2.4,Aotizhongxin,2013-05-03 00:00:00
1514,2013,5,3,1,62.0,84.0,43.0,41.0,800.0,59.0,15.3,1010.5,5.8,0.0,ENE,2.4,Aotizhongxin,2013-05-03 01:00:00
1515,2013,5,3,2,77.0,141.0,64.0,43.0,1500.0,68.0,14.4,1011.0,6.7,0.0,E,2.4,Aotizhongxin,2013-05-03 02:00:00
1516,2013,5,3,3,61.0,96.0,36.0,29.0,1000.0,80.0,13.6,1011.0,7.4,0.0,SE,0.6,Aotizhongxin,2013-05-03 03:00:00
1517,2013,5,3,4,49.0,50.0,24.0,22.0,600.0,79.0,13.6,1011.5,7.1,0.0,NE,1.1,Aotizhongxin,2013-05-03 04:00:00
1518,2013,5,3,5,45.0,50.0,20.0,26.0,500.0,81.0,13.4,1012.1,6.7,0.0,NNE,0.7,Aotizhongxin,2013-05-03 05:00:00
1519,2013,5,3,6,51.0,37.0,19.0,27.0,500.0,75.0,14.2,1012.5,6.8,0.0,NNE,0.7,Aotizhongxin,2013-05-03 06:00:00
1520,2013,5,3,7,54.0,38.0,21.0,28.0,500.0,82.0,15.9,1013.1,6.9,0.0,NW,1.3,Aotizhongxin,2013-05-03 07:00:00
1521,2013,5,3,8,47.0,34.0,28.0,26.0,500.0,88.0,17.5,1013.1,6.1,0.0,NNW,1.6,Aotizhongxin,2013-05-03 08:00:00
1522,2013,5,3,9,254.0,41.0,32.0,24.0,500.0,95.0,18.5,1013.0,6.0,0.0,S,0.7,Aotizhongxin,2013-05-03 09:00:00
1523,2013,5,3,10,194.0,58.0,30.0,28.0,500.0,94.0,19.5,1013.0,7.2,0.0,W,1.6,Aotizhongxin,2013-05-03 10:00:00
1524,2013,5,3,11,54.0,52.0,31.0,20.0,500.0,108.0,20.3,1011.9,7.0,0.0,SSW,0.9,Aotizhongxin,2013-05-03 11:00:00
1525,2013,5,3,12,50.0,54.0,29.0,23.0,600.0,116.0,21.9,1011.5,8.4,0.0,SW,1.9,Aotizhongxin,2013-05-03 12:00:00
1526,2013,5,3,13,55.0,57.0,27.0,22.0,600.0,125.0,22.3,1011.1,7.7,0.0,S,1.7,Aotizhongxin,2013-05-03 13:00:00
1527,2013,5,3,14,66.0,72.0,27.0,29.0,700.0,127.0,22.5,1010.4,7.1,0.0,S,2.1,Aotizhongxin,2013-05-03 14:00:00
1528,2013,5,3,15,61.0,73.0,25.0,30.0,700.0,135.0,22.6,1009.7,6.8,0.0,S,2.2,Aotizhongxin,2013-05-03 15:00:00
1529,2013,5,3,16,195.0,74.0,24.0,28.0,600.0,148.0,21.7,1009.5,7.1,0.0,WSW,4.2,Aotizhongxin,2013-05-03 16:00:00
1530,2013,5,3,17,186.0,75.0,21.0,26.0,600.0,154.0,20.9,1009.9,7.1,0.0,SW,3.6,Aotizhongxin,2013-05-03 17:00:00
1531,2013,5,3,18,58.0,80.0,19.0,30.0,700.0,146.0,19.9,1010.3,7.6,0.0,SW,4.2,Aotizhongxin,2013-05-03 18:00:00
1532,2013,5,3,19,59.0,103.0,17.0,29.0,600.0,135.0,18.9,1010.6,7.9,0.0,SSW,2.1,Aotizhongxin,2013-05-03 19:00:00
1533,2013,5,3,20,63.0,114.0,18.0,30.0,600.0,128.0,18.5,1010.9,8.5,0.0,SW,2.3,Aotizhongxin,2013-05-03 20:00:00
1534,2013,5,3,21,69.0,95.0,19.0,36.0,700.0,112.0,18.2,1010.8,8.5,0.0,SW,3.0,Aotizhongxin,2013-05-03 21:00:00
1535,2013,5,3,22,75.0,119.0,20.0,41.0,800.0,105.0,17.9,1011.0,8.5,0.0,SW,3.5,Aotizhongxin,2013-05-03 22:00:00
1536,2013,5,3,23,90.0,134.0,19.0,44.0,1000.0,108.0,17.0,1011.2,8.9,0.0,SSW,2.7,Aotizhongxin,2013-05-03 23:00:00
1537,2013,5,4,0,93.0,122.0,23.0,44.0,900.0,93.0,16.3,1011.2,8.3,0.0,SW,2.9,Aotizhongxin,2013-05-04 00:00:00
1538,2013,5,4,1,80.0,104.0,23.0,34.0,700.0,86.0,15.4,1010.9,8.4,0.0,SSW,2.1,Aotizhongxin,2013-05-04 01:00:00
1539,2013,5,4,2,84.0,110.0,22.0,36.0,700.0,76.0,15.3,1011.0,8.5,0.0,SSW,1.8,Aotizhongxin,2013-05-04 02:00:00
1540,2013,5,4,3,89.0,115.0,24.0,41.0,700.0,66.0,14.3,1011.0,8.3,0.0,SSW,1.5,Aotizhongxin,2013-05-04 03:00:00
1541,2013,5,4,4,88.0,104.0,23.0,38.0,600.0,61.0,13.6,1011.3,8.4,0.0,SSW,1.0,Aotizhongxin,2013-05-04 04:00:00
1542,2013,5,4,5,93.0,104.0,22.0,39.0,600.0,56.0,12.9,1012.1,8.8,0.0,SSW,0.6,Aotizhongxin,2013-05-04 05:00:00
1543,2013,5,4,6,98.0,117.0,21.0,47.0,700.0,41.0,14.2,1012.6,9.4,0.0,SSW,1.0,Aotizhongxin,2013-05-04 06:00:00
1544,2013,5,4,7,111.0,128.0,23.0,44.0,700.0,43.0,16.0,1012.6,9.2,0.0,SW,0.7,Aotizhongxin,2013-05-04 07:00:00
1545,2013,5,4,8,118.0,140.0,37.0,55.0,800.0,35.0,17.4,1013.3,9.8,0.0,WNW,1.2,Aotizhongxin,2013-05-04 08:00:00
1546,2013,5,4,9,130.0,152.0,53.0,48.0,800.0,55.0,19.1,1012.7,11.4,0.0,SSW,2.3,Aotizhongxin,2013-05-04 09:00:00
1547,2013,5,4,10,144.0,170.0,54.0,54.0,900.0,61.0,21.4,1011.9,10.2,0.0,SSW,3.9,Aotizhongxin,2013-05-04 10:00:00
1548,2013,5,4,11,146.0,165.0,58.0,38.0,800.0,99.0,22.4,1011.2,9.9,0.0,SW,2.7,Aotizhongxin,2013-05-04 11:00:00
1549,2013,5,4,12,80.0,145.0,44.0,20.0,500.0,127.0,22.5,1010.8,9.3,0.0,S,4.4,Aotizhongxin,2013-05-04 12:00:00
1550,2013,5,4,13,79.0,138.0,33.0,18.0,500.0,137.0,23.5,1009.5,9.1,0.0,S,3.1,Aotizhongxin,2013-05-04 13:00:00
1551,2013,5,4,14,80.0,118.0,29.0,19.0,500.0,139.0,23.7,1009.2,8.9,0.0,S,2.2,Aotizhongxin,2013-05-04 14:00:00
1552,2013,5,4,15,70.0,95.0,28.0,18.0,500.0,144.0,24.1,1008.6,8.9,0.0,SW,3.5,Aotizhongxin,2013-05-04 15:00:00
1553,2013,5,4,16,66.0,99.0,26.0,20.0,400.0,144.0,23.5,1009.2,8.0,0.0,SW,2.8,Aotizhongxin,2013-05-04 16:00:00
1554,2013,5,4,17,66.0,103.0,22.0,21.0,500.0,145.0,22.8,1008.9,6.9,0.0,SSW,1.9,Aotizhongxin,2013-05-04 17:00:00
1555,2013,5,4,18,66.0,115.0,22.0,24.0,500.0,142.0,21.6,1009.0,6.7,0.0,SSW,1.5,Aotizhongxin,2013-05-04 18:00:00
1556,2013,5,4,19,67.0,101.0,23.0,27.0,500.0,130.0,21.0,1009.7,7.6,0.0,SSW,1.2,Aotizhongxin,2013-05-04 19:00:00
1557,2013,5,4,20,73.0,111.0,24.0,33.0,500.0,114.0,20.2,1010.4,8.2,0.0,SW,1.8,Aotizhongxin,2013-05-04 20:00:00
1558,2013,5,4,21,76.0,122.0,24.0,47.0,600.0,96.0,18.5,1010.3,9.6,0.0,W,0.4,Aotizhongxin,2013-05-04 21:00:00
1559,2013,5,4,22,84.0,118.0,24.0,64.0,700.0,69.0,16.1,1010.4,9.7,0.0,S,0.0,Aotizhongxin,2013-05-04 22:00:00
1560,2013,5,4,23,366.0,118.0,27.0,64.0,700.0,62.0,14.9,1010.7,10.9,0.0,SE,0.2,Aotizhongxin,2013-05-04 23:00:00
1561,2013,5,5,0,185.0,156.0,29.0,91.0,800.0,39.0,14.2,1010.7,10.6,0.0,ENE,0.6,Aotizhongxin,2013-05-05 00:00:00
1562,2013,5,5,1,122.0,155.0,27.0,95.0,800.0,25.0,15.1,1010.8,9.7,0.0,ENE,1.2,Aotizhongxin,2013-05-05 01:00:00
1563,2013,5,5,2,133.0,210.0,32.0,100.0,1300.0,2.0,14.5,1010.9,9.3,0.0,NE,1.7,Aotizhongxin,2013-05-05 02:00:00
1564,2013,5,5,3,132.0,269.0,30.0,82.0,1500.0,2.0,14.1,1011.2,9.1,0.0,NE,1.1,Aotizhongxin,2013-05-05 03:00:00
1565,2013,5,5,4,142.0,248.0,28.0,93.0,1800.0,2.0,13.8,1011.6,9.2,0.0,NE,1.1,Aotizhongxin,2013-05-05 04:00:00
1566,2013,5,5,5,157.0,246.0,26.0,107.0,1600.0,2.0,13.8,1012.2,9.6,0.0,NE,1.1,Aotizhongxin,2013-05-05 05:00:00
1567,2013,5,5,6,157.0,246.0,26.0,107.0,1600.0,2.0,15.6,1012.9,9.5,0.0,NE,1.2,Aotizhongxin,2013-05-05 06:00:00
1568,2013,5,5,7,156.0,200.0,39.0,99.0,1000.0,3.0,17.9,1013.2,9.0,0.0,ENE,1.7,Aotizhongxin,2013-05-05 07:00:00
1569,2013,5,5,8,156.0,200.0,39.0,99.0,1000.0,3.0,19.9,1013.3,8.9,0.0,NNE,2.0,Aotizhongxin,2013-05-05 08:00:00
1570,2013,5,5,9,170.0,210.0,68.0,80.0,1000.0,30.0,21.8,1013.2,9.7,0.0,ENE,1.3,Aotizhongxin,2013-05-05 09:00:00
1571,2013,5,5,10,190.0,234.0,74.0,78.0,1300.0,51.0,23.2,1012.7,9.9,0.0,SSW,1.1,Aotizhongxin,2013-05-05 10:00:00
1572,2013,5,5,11,171.0,237.0,78.0,94.0,1300.0,59.0,24.3,1011.9,10.6,0.0,WSW,1.4,Aotizhongxin,2013-05-05 11:00:00
1573,2013,5,5,12,174.0,217.0,72.0,76.0,1200.0,102.0,25.7,1011.1,11.5,0.0,WSW,2.0,Aotizhongxin,2013-05-05 12:00:00
1574,2013,5,5,13,219.0,222.0,66.0,59.0,1200.0,140.0,26.8,1009.9,12.1,0.0,SW,2.5,Aotizhongxin,2013-05-05 13:00:00
1575,2013,5,5,14,243.0,244.0,69.0,61.0,1300.0,164.0,27.3,1008.9,12.9,0.0,SE,1.3,Aotizhongxin,2013-05-05 14:00:00
1576,2013,5,5,15,243.0,244.0,69.0,61.0,1300.0,164.0,27.1,1008.2,14.5,0.0,S,2.2,Aotizhongxin,2013-05-05 15:00:00
1577,2013,5,5,16,233.0,240.0,70.0,35.0,1100.0,206.0,26.4,1008.2,14.2,0.0,SW,2.9,Aotizhongxin,2013-05-05 16:00:00
1578,2013,5,5,17,228.0,257.0,58.0,40.0,1300.0,189.0,25.4,1007.9,14.5,0.0,SW,2.3,Aotizhongxin,2013-05-05 17:00:00
1579,2013,5,5,18,225.0,277.0,53.0,40.0,1399.0,166.0,24.1,1008.4,14.8,0.0,SSW,1.8,Aotizhongxin,2013-05-05 18:00:00
1580,2013,5,5,19,237.0,272.0,51.0,42.0,1800.0,159.0,23.0,1008.9,15.3,0.0,SSW,1.3,Aotizhongxin,2013-05-05 19:00:00
1581,2013,5,5,20,252.0,309.0,42.0,45.0,2100.0,128.0,22.5,1009.4,15.6,0.0,SSW,1.1,Aotizhongxin,2013-05-05 20:00:00
1582,2013,5,5,21,262.0,310.0,32.0,45.0,1800.0,99.0,20.9,1009.7,15.7,0.0,S,0.5,Aotizhongxin,2013-05-05 21:00:00
1583,2013,5,5,22,272.0,299.0,31.0,48.0,1700.0,82.0,19.0,1009.5,15.9,0.0,W,0.5,Aotizhongxin,2013-05-05 22:00:00
1584,2013,5,5,23,279.0,303.0,32.0,55.0,1600.0,62.0,17.7,1009.7,15.7,0.0,SSE,0.5,Aotizhongxin,2013-05-05 23:00:00
1585,2013,5,6,0,288.0,310.0,31.0,50.0,1600.0,56.0,17.1,1009.7,15.8,0.0,SE,0.0,Aotizhongxin,2013-05-06 00:00:00
1586,2013,5,6,1,288.0,308.0,28.0,52.0,1500.0,38.0,16.8,1009.3,15.3,0.0,NE,0.8,Aotizhongxin,2013-05-06 01:00:00
1587,2013,5,6,2,273.0,300.0,25.0,78.0,1899.0,5.0,16.8,1009.3,15.0,0.0,NE,0.8,Aotizhongxin,2013-05-06 02:00:00
1588,2013,5,6,3,316.0,359.0,25.0,78.0,2100.0,2.0,16.4,1009.1,14.6,0.0,NE,1.2,Aotizhongxin,2013-05-06 03:00:00
1589,2013,5,6,4,311.0,354.0,25.0,84.0,2000.0,2.0,16.0,1009.5,14.4,0.0,NE,0.9,Aotizhongxin,2013-05-06 04:00:00
1590,2013,5,6,5,303.0,335.0,23.0,74.0,1800.0,4.0,16.1,1010.0,14.5,0.0,NE,0.7,Aotizhongxin,2013-05-06 05:00:00
1591,2013,5,6,6,304.0,336.0,22.0,71.0,1700.0,2.0,17.4,1010.4,15.2,0.0,NE,1.0,Aotizhongxin,2013-05-06 06:00:00
1592,2013,5,6,7,294.0,308.0,20.0,61.0,1700.0,19.0,19.9,1010.5,15.7,0.0,NE,1.4,Aotizhongxin,2013-05-06 07:00:00
1593,2013,5,6,8,288.0,321.0,21.0,68.0,1800.0,29.0,22.3,1010.4,15.4,0.0,NE,1.1,Aotizhongxin,2013-05-06 08:00:00
1594,2013,5,6,9,308.0,365.0,27.0,86.0,2000.0,26.0,24.1,1010.3,15.6,0.0,NW,0.8,Aotizhongxin,2013-05-06 09:00:00
1595,2013,5,6,10,276.0,305.0,36.0,44.0,1500.0,98.0,25.3,1009.6,16.4,0.0,SSW,1.1,Aotizhongxin,2013-05-06 10:00:00
1596,2013,5,6,11,269.0,318.0,44.0,43.0,1500.0,120.0,26.4,1008.7,15.7,0.0,SW,2.5,Aotizhongxin,2013-05-06 11:00:00
1597,2013,5,6,12,278.0,305.0,55.0,40.0,1600.0,161.0,28.3,1007.9,15.9,0.0,SSW,1.9,Aotizhongxin,2013-05-06 12:00:00
1598,2013,5,6,13,278.0,306.0,53.0,42.0,1600.0,198.0,30.6,1007.3,9.5,0.0,SW,2.7,Aotizhongxin,2013-05-06 13:00:00
1599,2013,5,6,14,201.0,133.0,63.0,28.0,1150.0,214.6284,30.9,1006.9,9.2,0.0,SSW,3.4,Aotizhongxin,2013-05-06 14:00:00
1600,2013,5,6,15,124.0,29.0,49.0,18.0,700.0,198.0,30.5,1006.6,8.2,0.0,SW,3.2,Aotizhongxin,2013-05-06 15:00:00
1601,2013,5,6,16,122.0,211.0,42.0,21.0,800.0,230.0,29.7,1006.5,8.1,0.0,SSW,2.6,Aotizhongxin,2013-05-06 16:00:00
1602,2013,5,6,17,93.0,97.0,39.0,23.0,800.0,216.0,28.6,1006.7,7.8,0.0,SSW,1.7,Aotizhongxin,2013-05-06 17:00:00
1603,2013,5,6,18,86.0,97.0,37.0,27.0,700.0,203.0,26.9,1007.1,9.3,0.0,S,2.2,Aotizhongxin,2013-05-06 18:00:00
1604,2013,5,6,19,85.0,123.0,33.0,31.0,700.0,203.0,25.2,1007.5,12.1,0.0,SSW,1.8,Aotizhongxin,2013-05-06 19:00:00
1605,2013,5,6,20,120.0,228.0,34.0,44.0,1000.0,174.0,24.5,1008.3,11.8,0.0,SW,1.6,Aotizhongxin,2013-05-06 20:00:00
1606,2013,5,6,21,119.0,228.0,33.0,43.0,1000.0,174.0,21.7,1008.6,13.3,0.0,WSW,1.0,Aotizhongxin,2013-05-06 21:00:00
1607,2013,5,6,22,146.0,210.0,33.0,47.0,1300.0,161.0,19.0,1008.9,13.6,0.0,WNW,0.5,Aotizhongxin,2013-05-06 22:00:00
1608,2013,5,6,23,143.0,205.0,38.0,53.0,1300.0,132.0,19.9,1009.2,13.8,0.0,SSW,1.7,Aotizhongxin,2013-05-06 23:00:00
1609,2013,5,7,0,151.0,234.0,30.0,80.0,1300.0,89.0,19.4,1009.1,14.6,0.0,NNW,0.5,Aotizhongxin,2013-05-07 00:00:00
1610,2013,5,7,1,165.0,246.0,26.0,87.0,1300.0,71.0,17.3,1009.1,13.4,0.0,ENE,0.6,Aotizhongxin,2013-05-07 01:00:00
1611,2013,5,7,2,175.0,254.0,23.0,74.0,1300.0,68.0,16.5,1009.2,12.3,0.0,WNW,0.4,Aotizhongxin,2013-05-07 02:00:00
1612,2013,5,7,3,188.0,248.0,20.0,84.0,1300.0,43.0,15.9,1009.1,11.1,0.0,ENE,0.6,Aotizhongxin,2013-05-07 03:00:00
1613,2013,5,7,4,192.0,241.0,17.0,90.0,1399.0,20.0,16.3,1009.4,11.4,0.0,NE,1.5,Aotizhongxin,2013-05-07 04:00:00
1614,2013,5,7,5,180.0,191.0,18.0,101.0,1200.0,2.0,16.6,1010.0,10.9,0.0,NE,1.1,Aotizhongxin,2013-05-07 05:00:00
1615,2013,5,7,6,141.0,145.0,23.0,76.0,1300.0,2.0,18.3,1010.7,11.8,0.0,NE,1.5,Aotizhongxin,2013-05-07 06:00:00
1616,2013,5,7,7,146.0,177.0,32.0,79.0,1200.0,2.0,20.2,1011.1,11.9,0.0,NE,2.1,Aotizhongxin,2013-05-07 07:00:00
1617,2013,5,7,8,151.0,265.0,35.0,79.0,1300.0,2.0,22.2,1011.4,12.7,0.0,NE,1.7,Aotizhongxin,2013-05-07 08:00:00
1618,2013,5,7,9,174.0,325.0,37.0,90.0,1500.0,2.0,23.0,1011.7,14.0,0.0,NE,1.1,Aotizhongxin,2013-05-07 09:00:00
1619,2013,5,7,10,230.0,305.0,45.0,136.0,1700.0,21.0,24.8,1011.4,14.3,0.0,ENE,0.9,Aotizhongxin,2013-05-07 10:00:00
1620,2013,5,7,11,230.0,305.0,45.0,136.0,1700.0,21.0,26.4,1010.9,13.8,0.0,WNW,0.7,Aotizhongxin,2013-05-07 11:00:00
1621,2013,5,7,12,225.0,300.0,48.0,137.0,1600.0,38.0,28.5,1010.0,14.3,0.0,SSW,1.1,Aotizhongxin,2013-05-07 12:00:00
1622,2013,5,7,13,243.0,264.0,53.0,145.0,1700.0,86.0,28.9,1008.9,12.7,0.0,S,2.5,Aotizhongxin,2013-05-07 13:00:00
1623,2013,5,7,14,243.0,264.0,53.0,145.0,1700.0,86.0,29.4,1007.8,11.4,0.0,SSW,2.6,Aotizhongxin,2013-05-07 14:00:00
1624,2013,5,7,15,112.0,134.0,97.0,25.0,800.0,215.0,28.7,1007.7,9.9,0.0,SSW,3.0,Aotizhongxin,2013-05-07 15:00:00
1625,2013,5,7,16,143.0,165.0,91.0,26.0,800.0,210.0,28.2,1007.6,10.4,0.0,SSW,2.9,Aotizhongxin,2013-05-07 16:00:00
1626,2013,5,7,17,143.0,166.0,92.0,27.0,1000.0,218.0,27.6,1007.2,13.2,0.0,SSW,2.1,Aotizhongxin,2013-05-07 17:00:00
1627,2013,5,7,18,162.0,209.0,70.0,34.0,1399.0,218.0,26.8,1007.3,13.2,0.0,SSE,1.6,Aotizhongxin,2013-05-07 18:00:00
1628,2013,5,7,19,179.0,190.0,76.0,40.0,1600.0,234.0,25.8,1007.7,13.3,0.0,SSW,0.8,Aotizhongxin,2013-05-07 19:00:00
1629,2013,5,7,20,183.0,258.0,80.0,68.0,1800.0,234.0,24.8,1008.1,13.7,0.0,SSE,1.1,Aotizhongxin,2013-05-07 20:00:00
1630,2013,5,7,21,183.0,258.0,79.0,67.0,1800.0,193.0,24.9,1008.3,11.1,0.0,S,2.1,Aotizhongxin,2013-05-07 21:00:00
1631,2013,5,7,22,175.0,197.0,77.0,117.0,1500.0,71.0,24.2,1008.2,11.2,0.0,SSE,1.5,Aotizhongxin,2013-05-07 22:00:00
1632,2013,5,7,23,174.0,197.0,76.0,116.0,1500.0,71.0,23.1,1008.9,11.8,0.0,SSW,1.0,Aotizhongxin,2013-05-07 23:00:00
1633,2013,5,8,0,174.0,233.0,75.0,66.0,1399.0,41.0,20.2,1008.8,12.4,0.0,S,0.9,Aotizhongxin,2013-05-08 00:00:00
1634,2013,5,8,1,203.0,254.0,87.0,65.0,1500.0,129.0,18.9,1008.5,13.3,0.0,SSE,0.5,Aotizhongxin,2013-05-08 01:00:00
1635,2013,5,8,2,202.0,243.0,94.0,59.0,1800.0,122.0,19.1,1008.4,12.4,0.0,N,1.2,Aotizhongxin,2013-05-08 02:00:00
1636,2013,5,8,3,182.0,222.0,87.0,79.0,1899.0,70.0,18.7,1008.3,11.5,0.0,NE,1.7,Aotizhongxin,2013-05-08 03:00:00
1637,2013,5,8,4,154.0,309.0,59.0,70.0,1300.0,32.0,17.2,1008.5,11.7,0.0,NNE,0.5,Aotizhongxin,2013-05-08 04:00:00
1638,2013,5,8,5,154.0,106.0,58.0,70.0,1300.0,32.0,16.4,1008.9,12.2,0.0,ESE,0.0,Aotizhongxin,2013-05-08 05:00:00
1639,2013,5,8,6,117.0,86.0,43.0,50.0,900.0,50.0,18.5,1009.4,11.6,0.0,NE,1.7,Aotizhongxin,2013-05-08 06:00:00
1640,2013,5,8,7,117.0,112.0,43.0,50.0,900.0,50.0,20.4,1009.7,10.8,0.0,ESE,1.5,Aotizhongxin,2013-05-08 07:00:00
1641,2013,5,8,8,96.0,111.0,56.0,48.0,1600.0,55.0,21.5,1009.6,10.9,0.0,NE,1.2,Aotizhongxin,2013-05-08 08:00:00
1642,2013,5,8,9,132.0,160.0,80.0,61.0,2100.0,43.0,22.1,1009.5,11.2,0.0,E,0.9,Aotizhongxin,2013-05-08 09:00:00
1643,2013,5,8,10,136.0,153.0,125.0,55.0,2050.0,56.3346,20.3,1009.3,14.0,0.5,SE,1.2,Aotizhongxin,2013-05-08 10:00:00
1644,2013,5,8,11,136.0,153.0,110.0,48.0,2000.0,53.1673,21.0,1009.0,13.9,0.2,WSW,1.4,Aotizhongxin,2013-05-08 11:00:00
1645,2013,5,8,12,67.0,172.0,82.0,92.0,2000.0,50.0,22.4,1008.6,14.3,0.0,WSW,1.6,Aotizhongxin,2013-05-08 12:00:00
1646,2013,5,8,13,135.0,186.0,120.0,89.0,2100.0,75.0,21.9,1008.3,14.0,0.0,W,1.8,Aotizhongxin,2013-05-08 13:00:00
1647,2013,5,8,14,161.0,214.0,119.0,101.0,2200.0,103.0,22.1,1007.9,14.7,0.0,S,0.7,Aotizhongxin,2013-05-08 14:00:00
1648,2013,5,8,15,161.0,213.0,118.0,101.0,2200.0,103.0,22.0,1007.0,14.9,0.0,SW,2.2,Aotizhongxin,2013-05-08 15:00:00
1649,2013,5,8,16,167.0,172.0,87.0,63.0,1500.0,117.0,21.6,1006.7,14.7,0.0,SW,1.7,Aotizhongxin,2013-05-08 16:00:00
1650,2013,5,8,17,107.0,173.0,79.0,47.0,800.0,114.0,21.3,1006.7,14.5,0.0,SW,2.2,Aotizhongxin,2013-05-08 17:00:00
1651,2013,5,8,18,91.0,95.0,53.0,55.0,800.0,95.0,21.0,1006.6,13.9,0.0,WSW,1.1,Aotizhongxin,2013-05-08 18:00:00
1652,2013,5,8,19,111.0,134.0,43.0,67.0,900.0,91.0,20.8,1007.1,12.0,0.0,SSW,2.0,Aotizhongxin,2013-05-08 19:00:00
1653,2013,5,8,20,101.0,102.0,40.0,65.0,700.0,88.0,20.0,1007.9,11.7,0.0,SW,4.7,Aotizhongxin,2013-05-08 20:00:00
1654,2013,5,8,21,101.0,102.0,40.0,65.0,700.0,88.0,18.6,1007.8,10.9,0.0,SW,2.9,Aotizhongxin,2013-05-08 21:00:00
1655,2013,5,8,22,68.0,79.0,32.0,49.0,500.0,86.0,18.1,1007.9,10.7,0.0,SW,2.6,Aotizhongxin,2013-05-08 22:00:00
1656,2013,5,8,23,48.0,58.0,25.0,46.0,400.0,60.0,17.6,1007.1,11.4,0.0,SW,2.7,Aotizhongxin,2013-05-08 23:00:00
1657,2013,5,9,0,47.0,64.0,22.0,45.0,500.0,55.0,17.4,1006.5,12.1,0.0,SW,1.1,Aotizhongxin,2013-05-09 00:00:00
1658,2013,5,9,1,52.0,64.0,23.0,61.0,500.0,33.0,17.3,1005.9,12.0,0.0,SSW,0.9,Aotizhongxin,2013-05-09 01:00:00
1659,2013,5,9,2,52.0,63.0,22.0,59.0,500.0,33.0,17.2,1005.5,11.7,0.0,S,0.9,Aotizhongxin,2013-05-09 02:00:00
1660,2013,5,9,3,52.0,59.0,21.0,71.0,500.0,22.0,17.7,1005.6,10.8,0.0,SSW,1.1,Aotizhongxin,2013-05-09 03:00:00
1661,2013,5,9,4,55.0,58.0,22.0,75.0,500.0,21.0,17.7,1005.5,10.8,0.0,SSW,1.4,Aotizhongxin,2013-05-09 04:00:00
1662,2013,5,9,5,53.0,59.0,22.0,50.0,400.0,39.0,17.6,1005.4,11.2,0.0,SSW,1.1,Aotizhongxin,2013-05-09 05:00:00
1663,2013,5,9,6,59.0,82.0,22.0,66.0,500.0,22.0,17.9,1005.5,10.5,0.0,SSW,0.9,Aotizhongxin,2013-05-09 06:00:00
1664,2013,5,9,7,59.0,82.0,22.0,66.0,500.0,22.0,18.3,1005.5,11.8,0.0,SE,1.1,Aotizhongxin,2013-05-09 07:00:00
1665,2013,5,9,8,59.0,85.0,24.0,67.0,500.0,25.0,18.1,1005.9,12.3,0.0,ESE,1.6,Aotizhongxin,2013-05-09 08:00:00
1666,2013,5,9,9,64.0,101.0,26.0,81.0,500.0,11.0,18.5,1005.6,11.8,0.0,SE,2.4,Aotizhongxin,2013-05-09 09:00:00
1667,2013,5,9,10,44.0,65.0,31.0,66.0,900.0,37.0,18.5,1005.6,11.6,0.0,SSW,0.8,Aotizhongxin,2013-05-09 10:00:00
1668,2013,5,9,11,24.0,44.0,25.0,54.0,400.0,55.0,18.1,1004.8,11.9,0.0,SSE,0.9,Aotizhongxin,2013-05-09 11:00:00
1669,2013,5,9,12,22.0,46.0,25.0,46.0,300.0,66.0,18.9,1004.1,12.9,0.0,S,0.9,Aotizhongxin,2013-05-09 12:00:00
1670,2013,5,9,13,24.0,46.0,23.0,44.0,300.0,68.0,19.8,1003.0,12.8,0.0,SSE,1.4,Aotizhongxin,2013-05-09 13:00:00
1671,2013,5,9,14,32.0,46.0,21.0,44.0,300.0,70.0,19.2,1002.4,12.2,0.0,S,0.5,Aotizhongxin,2013-05-09 14:00:00
1672,2013,5,9,15,37.0,49.0,25.0,46.0,400.0,75.0,18.9,1002.0,12.9,0.0,S,0.9,Aotizhongxin,2013-05-09 15:00:00
1673,2013,5,9,16,37.0,49.0,25.0,46.0,400.0,75.0,18.8,1001.8,13.4,0.0,WSW,1.0,Aotizhongxin,2013-05-09 16:00:00
1674,2013,5,9,17,58.0,72.0,21.0,56.0,500.0,75.0,19.4,1001.8,12.4,0.0,SW,1.2,Aotizhongxin,2013-05-09 17:00:00
1675,2013,5,9,18,67.0,77.0,20.0,67.0,550.0,75.0,18.2,1002.1,13.5,0.0,SW,0.8,Aotizhongxin,2013-05-09 18:00:00
1676,2013,5,9,19,69.0,84.0,20.0,76.0,600.0,52.0,16.7,1002.4,12.6,0.0,SW,1.3,Aotizhongxin,2013-05-09 19:00:00
1677,2013,5,9,20,66.0,89.0,18.0,76.0,600.0,46.0,17.3,1002.8,12.4,0.0,SW,1.5,Aotizhongxin,2013-05-09 20:00:00
1678,2013,5,9,21,68.0,90.0,16.0,77.0,600.0,46.0,15.9,1002.7,12.3,0.0,WSW,1.5,Aotizhongxin,2013-05-09 21:00:00
1679,2013,5,9,22,73.0,85.0,14.0,86.0,600.0,21.0,14.4,1002.3,11.9,0.0,WSW,0.8,Aotizhongxin,2013-05-09 22:00:00
1680,2013,5,9,23,75.0,77.0,14.0,84.0,600.0,22.0,12.7,1001.6,11.4,0.0,E,0.2,Aotizhongxin,2013-05-09 23:00:00
1681,2013,5,10,0,73.0,90.0,14.0,108.0,700.0,2.0,11.8,1000.9,11.0,0.0,S,0.0,Aotizhongxin,2013-05-10 00:00:00
1682,2013,5,10,1,80.0,106.0,14.0,112.0,900.0,2.0,11.2,999.8,10.7,0.0,E,0.6,Aotizhongxin,2013-05-10 01:00:00
1683,2013,5,10,2,83.0,109.0,13.0,109.0,900.0,2.0,11.6,999.0,11.3,0.0,ESE,0.6,Aotizhongxin,2013-05-10 02:00:00
1684,2013,5,10,3,98.0,134.0,15.0,104.0,900.0,2.0,10.2,998.4,9.7,0.0,ENE,0.0,Aotizhongxin,2013-05-10 03:00:00
1685,2013,5,10,4,102.0,129.0,14.0,95.0,900.0,2.0,9.5,997.9,9.2,0.0,WSW,0.7,Aotizhongxin,2013-05-10 04:00:00
1686,2013,5,10,5,102.0,134.0,15.0,94.0,900.0,2.0,9.6,998.0,9.5,0.0,ENE,0.0,Aotizhongxin,2013-05-10 05:00:00
1687,2013,5,10,6,105.0,131.0,15.0,87.0,1000.0,2.0,12.8,997.8,12.8,0.0,NNE,1.0,Aotizhongxin,2013-05-10 06:00:00
1688,2013,5,10,7,113.0,164.0,17.0,106.0,1100.0,2.0,17.5,998.0,6.1,0.0,NNW,3.6,Aotizhongxin,2013-05-10 07:00:00
1689,2013,5,10,8,109.0,130.0,18.0,126.0,1200.0,3.0,23.7,997.7,0.1,0.0,NW,3.6,Aotizhongxin,2013-05-10 08:00:00
1690,2013,5,10,9,30.0,80.0,15.0,58.0,500.0,42.0,25.0,997.9,1.1,0.0,NNE,2.4,Aotizhongxin,2013-05-10 09:00:00
1691,2013,5,10,10,15.0,59.0,13.0,18.0,300.0,77.0,26.3,997.1,0.8,0.0,NNW,4.4,Aotizhongxin,2013-05-10 10:00:00
1692,2013,5,10,11,9.0,60.0,16.0,17.0,300.0,84.0,27.3,996.5,0.9,0.0,WNW,4.7,Aotizhongxin,2013-05-10 11:00:00
1693,2013,5,10,12,17.0,59.0,14.0,17.0,200.0,91.0,28.5,995.9,1.1,0.0,WNW,4.7,Aotizhongxin,2013-05-10 12:00:00
1694,2013,5,10,13,17.0,36.0,11.0,15.0,200.0,98.0,29.3,995.2,0.0,0.0,NNW,4.3,Aotizhongxin,2013-05-10 13:00:00
1695,2013,5,10,14,13.0,61.0,12.0,14.0,200.0,100.0,30.1,994.1,1.5,0.0,NNW,3.6,Aotizhongxin,2013-05-10 14:00:00
1696,2013,5,10,15,24.0,48.0,12.0,14.0,200.0,106.0,31.0,993.4,-0.7,0.0,NNW,3.3,Aotizhongxin,2013-05-10 15:00:00
1697,2013,5,10,16,15.0,42.0,13.0,16.0,200.0,107.0,30.5,992.8,-1.0,0.0,W,3.4,Aotizhongxin,2013-05-10 16:00:00
1698,2013,5,10,17,14.0,58.0,12.0,20.0,200.0,102.0,30.3,992.6,-1.2,0.0,WNW,2.3,Aotizhongxin,2013-05-10 17:00:00
1699,2013,5,10,18,15.0,46.0,12.0,23.0,300.0,99.0,26.6,993.0,3.8,0.0,SW,3.2,Aotizhongxin,2013-05-10 18:00:00
1700,2013,5,10,19,13.0,95.0,14.0,39.0,300.0,96.0,25.4,993.6,4.5,0.0,WSW,3.3,Aotizhongxin,2013-05-10 19:00:00
1701,2013,5,10,20,40.0,151.0,25.0,48.0,400.0,110.0,23.8,994.2,5.6,0.0,WSW,1.3,Aotizhongxin,2013-05-10 20:00:00
1702,2013,5,10,21,40.0,150.0,31.0,59.0,400.0,91.0,23.5,994.3,5.4,0.0,SW,3.5,Aotizhongxin,2013-05-10 21:00:00
1703,2013,5,10,22,50.0,148.0,31.0,58.0,400.0,84.0,21.2,994.0,6.3,0.0,SSW,1.0,Aotizhongxin,2013-05-10 22:00:00
1704,2013,5,10,23,46.0,151.0,32.0,71.0,500.0,64.0,16.5,993.9,8.9,0.0,W,0.4,Aotizhongxin,2013-05-10 23:00:00
1705,2013,5,11,0,49.0,153.0,32.0,104.0,600.0,23.0,14.3,993.1,8.9,0.0,NW,0.8,Aotizhongxin,2013-05-11 00:00:00
1706,2013,5,11,1,58.0,177.0,29.0,128.0,700.0,2.0,12.9,992.0,7.6,0.0,NW,0.6,Aotizhongxin,2013-05-11 01:00:00
1707,2013,5,11,2,59.0,177.0,27.0,122.0,800.0,2.0,11.9,991.6,8.4,0.0,W,0.4,Aotizhongxin,2013-05-11 02:00:00
1708,2013,5,11,3,57.0,194.0,29.0,129.0,700.0,2.0,11.6,991.0,9.2,0.0,ESE,0.7,Aotizhongxin,2013-05-11 03:00:00
1709,2013,5,11,4,46.0,224.0,23.0,114.0,800.0,2.0,11.3,990.6,9.2,0.0,WSW,0.4,Aotizhongxin,2013-05-11 04:00:00
1710,2013,5,11,5,55.0,167.0,23.0,118.0,1000.0,2.0,11.4,990.4,9.3,0.0,W,0.6,Aotizhongxin,2013-05-11 05:00:00
1711,2013,5,11,6,67.0,203.0,27.0,106.0,900.0,2.0,15.2,990.1,7.0,0.0,NE,1.3,Aotizhongxin,2013-05-11 06:00:00
1712,2013,5,11,7,55.0,154.0,29.0,89.0,700.0,2.0,19.4,990.0,6.5,0.0,NE,1.2,Aotizhongxin,2013-05-11 07:00:00
1713,2013,5,11,8,70.0,128.0,34.0,103.0,700.0,4.0,23.2,989.4,4.7,0.0,NNE,0.8,Aotizhongxin,2013-05-11 08:00:00
1714,2013,5,11,9,72.0,128.0,34.0,90.0,600.0,22.0,27.1,989.1,5.9,0.0,NNW,1.1,Aotizhongxin,2013-05-11 09:00:00
1715,2013,5,11,10,72.0,116.0,35.0,91.0,550.0,37.9134,30.1,989.0,1.5,0.0,WNW,3.7,Aotizhongxin,2013-05-11 10:00:00
1716,2013,5,11,11,36.0,102.0,23.0,66.0,500.0,59.0,31.2,988.8,-0.5,0.0,NW,3.0,Aotizhongxin,2013-05-11 11:00:00
1717,2013,5,11,12,82.0,124.0,17.0,20.0,300.0,91.0,32.1,988.3,0.2,0.0,WNW,3.8,Aotizhongxin,2013-05-11 12:00:00
1718,2013,5,11,13,25.0,177.0,16.0,17.0,300.0,97.0,32.8,988.1,-2.8,0.0,N,3.7,Aotizhongxin,2013-05-11 13:00:00
1719,2013,5,11,14,9.0,104.0,14.0,14.0,200.0,105.0,32.7,988.0,-1.6,0.0,WNW,3.9,Aotizhongxin,2013-05-11 14:00:00
1720,2013,5,11,15,15.0,114.0,12.0,14.0,200.0,109.0,33.0,988.0,-1.4,0.0,NW,3.4,Aotizhongxin,2013-05-11 15:00:00
1721,2013,5,11,16,21.0,114.0,13.0,15.0,200.0,106.0,32.7,988.0,-1.6,0.0,N,2.0,Aotizhongxin,2013-05-11 16:00:00
1722,2013,5,11,17,17.0,106.0,12.0,17.0,200.0,102.0,31.9,988.1,-2.2,0.0,NNW,4.0,Aotizhongxin,2013-05-11 17:00:00
1723,2013,5,11,18,20.0,102.0,11.0,16.0,200.0,102.0,30.1,989.0,-2.4,0.0,WNW,2.3,Aotizhongxin,2013-05-11 18:00:00
1724,2013,5,11,19,18.0,86.0,10.0,22.0,300.0,92.0,25.1,990.2,1.2,0.0,NE,1.2,Aotizhongxin,2013-05-11 19:00:00
1725,2013,5,11,20,24.0,91.0,10.0,67.0,400.0,40.0,21.1,991.2,4.6,0.0,NE,0.0,Aotizhongxin,2013-05-11 20:00:00
1726,2013,5,11,21,16.0,70.0,9.0,58.0,400.0,42.0,17.8,992.3,2.9,0.0,ENE,0.1,Aotizhongxin,2013-05-11 21:00:00
1727,2013,5,11,22,33.0,104.0,14.0,98.0,800.0,4.0,18.4,992.1,-0.5,0.0,NNE,1.1,Aotizhongxin,2013-05-11 22:00:00
1728,2013,5,11,23,58.0,81.0,13.0,90.0,500.0,9.0,19.8,992.4,-0.8,0.0,NE,0.8,Aotizhongxin,2013-05-11 23:00:00
1729,2013,5,12,0,51.0,78.0,11.0,72.0,300.0,22.0,16.5,992.5,2.5,0.0,ENE,0.0,Aotizhongxin,2013-05-12 00:00:00
1730,2013,5,12,1,40.0,106.0,17.0,78.0,400.0,12.0,14.5,992.8,5.0,0.0,WSW,0.2,Aotizhongxin,2013-05-12 01:00:00
1731,2013,5,12,2,65.0,203.0,22.0,100.0,500.0,2.0,12.7,993.1,5.6,0.0,NE,0.1,Aotizhongxin,2013-05-12 02:00:00
1732,2013,5,12,3,57.0,180.0,28.0,107.0,700.0,2.0,14.4,993.3,1.6,0.0,NE,1.4,Aotizhongxin,2013-05-12 03:00:00
1733,2013,5,12,4,52.0,124.0,25.0,98.0,600.0,2.0,15.4,993.4,1.1,0.0,ENE,1.2,Aotizhongxin,2013-05-12 04:00:00
1734,2013,5,12,5,45.0,102.0,17.0,83.0,500.0,2.0,15.3,994.0,1.4,0.0,E,1.0,Aotizhongxin,2013-05-12 05:00:00
1735,2013,5,12,6,29.0,71.0,14.0,74.0,300.0,3.0,17.5,994.7,2.6,0.0,NE,0.7,Aotizhongxin,2013-05-12 06:00:00
1736,2013,5,12,7,30.0,75.0,14.0,69.0,400.0,10.0,19.4,995.4,2.3,0.0,NE,1.1,Aotizhongxin,2013-05-12 07:00:00
1737,2013,5,12,8,20.0,62.0,12.0,50.0,300.0,31.0,21.9,995.1,3.5,0.0,S,1.0,Aotizhongxin,2013-05-12 08:00:00
1738,2013,5,12,9,28.0,115.0,14.0,60.0,400.0,22.0,24.5,995.4,-2.2,0.0,ENE,1.8,Aotizhongxin,2013-05-12 09:00:00
1739,2013,5,12,10,13.0,90.0,14.0,50.0,300.0,41.0,26.1,995.7,-1.7,0.0,NE,2.3,Aotizhongxin,2013-05-12 10:00:00
1740,2013,5,12,11,22.0,87.0,17.0,38.0,300.0,65.0,27.3,994.8,-3.6,0.0,NE,1.9,Aotizhongxin,2013-05-12 11:00:00
1741,2013,5,12,12,20.0,36.0,16.0,24.0,200.0,90.0,28.4,994.1,-1.7,0.0,NNE,0.9,Aotizhongxin,2013-05-12 12:00:00
1742,2013,5,12,13,21.0,37.0,15.0,28.0,300.0,96.0,29.3,993.9,0.0,0.0,SE,2.2,Aotizhongxin,2013-05-12 13:00:00
1743,2013,5,12,14,19.0,51.0,18.0,31.0,400.0,116.0,29.2,993.6,-0.1,0.0,SW,3.4,Aotizhongxin,2013-05-12 14:00:00
1744,2013,5,12,15,27.0,77.0,23.0,29.0,400.0,150.0,30.0,993.4,3.1,0.0,SSW,1.9,Aotizhongxin,2013-05-12 15:00:00
1745,2013,5,12,16,30.0,97.0,30.0,32.0,500.0,165.0,28.3,993.3,0.9,0.0,SSW,1.1,Aotizhongxin,2013-05-12 16:00:00
1746,2013,5,12,17,29.0,84.0,24.0,33.0,500.0,147.0,27.6,993.5,-1.4,0.0,SSE,3.2,Aotizhongxin,2013-05-12 17:00:00
1747,2013,5,12,18,33.0,89.0,26.0,39.0,600.0,133.0,26.3,993.9,-0.7,0.0,SE,1.8,Aotizhongxin,2013-05-12 18:00:00
1748,2013,5,12,19,41.0,108.0,46.0,56.0,1100.0,122.0,25.2,995.2,3.2,0.0,S,1.1,Aotizhongxin,2013-05-12 19:00:00
1749,2013,5,12,20,44.0,157.0,43.0,84.0,1100.0,77.0,23.9,996.1,3.2,0.0,SW,1.8,Aotizhongxin,2013-05-12 20:00:00
1750,2013,5,12,21,49.0,176.0,26.0,105.0,700.0,27.0,22.5,996.6,3.6,0.0,WSW,0.9,Aotizhongxin,2013-05-12 21:00:00
1751,2013,5,12,22,46.0,153.0,32.0,83.0,800.0,35.0,18.3,997.0,5.8,0.0,SSW,0.5,Aotizhongxin,2013-05-12 22:00:00
1752,2013,5,12,23,53.0,179.0,46.0,99.0,900.0,15.0,19.1,997.0,2.9,0.0,SSE,1.7,Aotizhongxin,2013-05-12 23:00:00
1753,2013,5,13,0,45.0,141.0,34.0,103.0,900.0,10.0,20.1,997.3,-0.6,0.0,SSE,2.2,Aotizhongxin,2013-05-13 00:00:00
1754,2013,5,13,1,34.0,104.0,30.0,98.0,800.0,20.0,17.4,997.5,5.7,0.0,SW,0.8,Aotizhongxin,2013-05-13 01:00:00
1755,2013,5,13,2,37.0,102.0,38.0,91.0,700.0,24.0,16.2,997.0,6.9,0.0,E,0.7,Aotizhongxin,2013-05-13 02:00:00
1756,2013,5,13,3,47.0,118.0,50.0,97.0,900.0,29.0,14.9,997.3,7.4,0.0,NE,1.3,Aotizhongxin,2013-05-13 03:00:00
1757,2013,5,13,4,58.0,116.0,58.0,81.0,1100.0,25.0,15.3,997.0,4.9,0.0,NE,1.0,Aotizhongxin,2013-05-13 04:00:00
1758,2013,5,13,5,71.0,157.0,74.0,112.0,1500.0,2.0,14.9,997.9,6.2,0.0,E,0.7,Aotizhongxin,2013-05-13 05:00:00
1759,2013,5,13,6,86.0,187.0,97.0,107.0,1899.0,4.0,17.7,998.7,5.0,0.0,NNE,0.8,Aotizhongxin,2013-05-13 06:00:00
1760,2013,5,13,7,86.0,198.0,79.0,102.0,1500.0,2.0,19.8,999.2,3.9,0.0,N,1.8,Aotizhongxin,2013-05-13 07:00:00
1761,2013,5,13,8,92.0,170.0,61.0,94.0,1300.0,6.0,21.3,998.8,4.4,0.0,N,1.3,Aotizhongxin,2013-05-13 08:00:00
1762,2013,5,13,9,76.0,169.0,70.0,97.0,1500.0,12.0,22.7,998.4,4.7,0.0,NNE,1.4,Aotizhongxin,2013-05-13 09:00:00
1763,2013,5,13,10,69.0,152.0,77.0,90.0,1700.0,39.0,23.3,998.3,2.7,0.0,NNE,1.7,Aotizhongxin,2013-05-13 10:00:00
1764,2013,5,13,11,68.0,148.0,82.0,68.0,1600.0,79.0,24.2,997.3,5.0,0.0,ESE,1.8,Aotizhongxin,2013-05-13 11:00:00
1765,2013,5,13,12,71.0,137.0,81.0,66.0,1600.0,92.0,25.8,996.4,5.9,0.0,E,1.7,Aotizhongxin,2013-05-13 12:00:00
1766,2013,5,13,13,71.0,137.0,80.0,65.0,1600.0,92.0,26.9,995.5,4.0,0.0,WSW,1.7,Aotizhongxin,2013-05-13 13:00:00
1767,2013,5,13,14,73.0,134.0,73.0,52.0,1200.0,147.0,27.5,995.0,6.8,0.0,S,1.8,Aotizhongxin,2013-05-13 14:00:00
1768,2013,5,13,15,76.0,172.0,71.0,60.0,1200.0,150.0,26.9,994.3,7.4,0.0,SW,3.1,Aotizhongxin,2013-05-13 15:00:00
1769,2013,5,13,16,97.0,228.0,84.0,70.0,1500.0,149.0,26.1,993.8,7.6,0.0,SW,2.0,Aotizhongxin,2013-05-13 16:00:00
1770,2013,5,13,17,97.0,227.0,84.0,70.0,1500.0,149.0,25.1,994.4,7.7,0.0,SSW,2.2,Aotizhongxin,2013-05-13 17:00:00
1771,2013,5,13,18,110.0,224.0,92.0,69.0,1899.0,171.0,23.9,994.4,8.7,0.0,SSW,1.4,Aotizhongxin,2013-05-13 18:00:00
1772,2013,5,13,19,124.0,250.0,81.0,78.0,2100.0,154.0,22.1,995.2,10.6,0.0,SW,1.3,Aotizhongxin,2013-05-13 19:00:00
1773,2013,5,13,20,130.0,255.0,75.0,81.0,2399.0,125.0,19.4,996.6,12.4,0.0,SE,0.5,Aotizhongxin,2013-05-13 20:00:00
1774,2013,5,13,21,141.0,261.0,70.0,89.0,2399.0,90.0,18.9,996.8,10.7,0.0,ENE,0.7,Aotizhongxin,2013-05-13 21:00:00
1775,2013,5,13,22,141.0,261.0,70.0,89.0,2399.0,90.0,18.5,997.3,10.1,0.0,ENE,0.9,Aotizhongxin,2013-05-13 22:00:00
1776,2013,5,13,23,160.0,318.0,64.0,173.0,3100.0,2.0,17.8,998.6,10.4,0.0,WSW,0.5,Aotizhongxin,2013-05-13 23:00:00
1777,2013,5,14,0,178.0,331.0,51.0,157.0,3000.0,2.0,16.9,999.5,12.4,0.0,NNW,0.5,Aotizhongxin,2013-05-14 00:00:00
1778,2013,5,14,1,172.0,298.0,40.0,142.0,2899.0,2.0,16.0,999.4,11.8,0.0,NNE,1.2,Aotizhongxin,2013-05-14 01:00:00
1779,2013,5,14,2,172.0,298.0,40.0,142.0,2899.0,2.0,17.0,999.7,7.6,0.0,N,1.1,Aotizhongxin,2013-05-14 02:00:00
1780,2013,5,14,3,102.0,201.0,57.0,96.0,1300.0,11.0,14.5,1000.1,6.6,0.0,W,0.6,Aotizhongxin,2013-05-14 03:00:00
1781,2013,5,14,4,27.0,96.0,16.0,29.0,300.0,67.0,15.0,1000.6,4.9,0.0,N,1.2,Aotizhongxin,2013-05-14 04:00:00
1782,2013,5,14,5,74.0,78.0,11.0,15.0,200.0,80.0,16.3,1001.0,4.3,0.0,N,1.2,Aotizhongxin,2013-05-14 05:00:00
1783,2013,5,14,6,19.0,87.0,19.0,25.0,300.0,64.0,19.8,1002.0,0.7,0.0,NE,4.2,Aotizhongxin,2013-05-14 06:00:00
1784,2013,5,14,7,19.0,87.0,19.0,25.0,300.0,64.0,22.4,1002.9,1.9,0.0,NE,3.6,Aotizhongxin,2013-05-14 07:00:00
1785,2013,5,14,8,19.0,87.0,19.0,25.0,300.0,64.0,24.1,1003.3,2.3,0.0,N,3.9,Aotizhongxin,2013-05-14 08:00:00
1786,2013,5,14,9,17.0,118.0,20.0,19.0,300.0,75.0,25.1,1003.7,3.1,0.0,N,3.6,Aotizhongxin,2013-05-14 09:00:00
1787,2013,5,14,10,17.0,118.0,20.0,19.0,300.0,75.0,26.3,1003.8,4.1,0.0,N,3.9,Aotizhongxin,2013-05-14 10:00:00
1788,2013,5,14,11,18.0,95.0,16.0,15.0,200.0,96.0,27.5,1003.3,3.9,0.0,NNW,3.3,Aotizhongxin,2013-05-14 11:00:00
1789,2013,5,14,12,24.0,84.0,18.0,17.0,200.0,99.0,29.0,1002.8,3.8,0.0,N,2.3,Aotizhongxin,2013-05-14 12:00:00
1790,2013,5,14,13,22.0,59.0,15.0,15.0,200.0,115.0,30.1,1002.2,4.7,0.0,SE,0.7,Aotizhongxin,2013-05-14 13:00:00
1791,2013,5,14,14,24.0,54.0,13.0,16.0,200.0,124.0,30.0,1001.7,4.6,0.0,ESE,2.2,Aotizhongxin,2013-05-14 14:00:00
1792,2013,5,14,15,23.0,59.0,14.0,16.0,200.0,131.0,31.0,1001.9,5.4,0.0,SSW,1.0,Aotizhongxin,2013-05-14 15:00:00
1793,2013,5,14,16,24.0,52.0,13.0,19.0,200.0,136.0,30.7,1001.6,2.8,0.0,ESE,1.2,Aotizhongxin,2013-05-14 16:00:00
1794,2013,5,14,17,24.0,59.0,13.0,24.0,200.0,135.0,29.7,1001.4,5.0,0.0,SSE,1.7,Aotizhongxin,2013-05-14 17:00:00
1795,2013,5,14,18,26.0,81.0,13.0,37.0,300.0,136.0,27.5,1002.8,5.7,0.0,SW,2.5,Aotizhongxin,2013-05-14 18:00:00
1796,2013,5,14,19,30.0,93.0,12.0,45.0,400.0,122.0,25.5,1004.1,7.1,0.0,SW,1.6,Aotizhongxin,2013-05-14 19:00:00
1797,2013,5,14,20,40.0,132.0,12.0,99.0,500.0,60.0,21.3,1004.9,10.5,0.0,SSW,0.6,Aotizhongxin,2013-05-14 20:00:00
1798,2013,5,14,21,33.0,119.0,14.0,63.0,500.0,105.0,19.5,1005.3,12.0,0.0,W,0.9,Aotizhongxin,2013-05-14 21:00:00
1799,2013,5,14,22,36.0,106.0,16.0,71.0,600.0,91.0,18.3,1006.0,11.1,0.0,W,0.0,Aotizhongxin,2013-05-14 22:00:00
1800,2013,5,14,23,38.0,112.0,18.0,80.0,700.0,65.0,19.4,1006.9,7.5,0.0,NE,1.0,Aotizhongxin,2013-05-14 23:00:00
1801,2013,5,15,0,53.0,177.0,22.0,132.0,800.0,8.0,17.9,1007.8,9.3,0.0,NE,0.7,Aotizhongxin,2013-05-15 00:00:00
1802,2013,5,15,1,68.0,211.0,27.0,130.0,700.0,2.0,16.9,1008.3,8.1,0.0,NE,0.5,Aotizhongxin,2013-05-15 01:00:00
1803,2013,5,15,2,69.0,136.0,21.0,101.0,400.0,6.0,16.0,1008.8,7.2,0.0,NNE,0.4,Aotizhongxin,2013-05-15 02:00:00
1804,2013,5,15,3,33.0,109.0,17.0,80.0,300.0,16.0,15.9,1009.5,7.1,0.0,NE,0.7,Aotizhongxin,2013-05-15 03:00:00
1805,2013,5,15,4,40.0,117.0,23.0,89.0,400.0,2.0,15.4,1010.4,8.2,0.0,NE,0.8,Aotizhongxin,2013-05-15 04:00:00
1806,2013,5,15,5,82.0,235.0,62.0,108.0,2700.0,2.0,15.9,1011.0,9.8,0.0,NE,0.9,Aotizhongxin,2013-05-15 05:00:00
1807,2013,5,15,6,96.0,227.0,126.0,96.0,3200.0,13.0,19.0,1012.0,7.4,0.0,ENE,0.6,Aotizhongxin,2013-05-15 06:00:00
1808,2013,5,15,7,103.0,264.0,175.0,97.0,3299.0,24.0,21.2,1013.0,8.1,0.0,SSE,0.9,Aotizhongxin,2013-05-15 07:00:00
1809,2013,5,15,8,85.0,218.0,148.0,84.0,2600.0,41.0,22.5,1013.1,7.8,0.0,SSW,0.6,Aotizhongxin,2013-05-15 08:00:00
1810,2013,5,15,9,60.0,166.0,107.0,67.0,1800.0,60.0,23.2,1012.8,7.7,0.0,W,1.2,Aotizhongxin,2013-05-15 09:00:00
1811,2013,5,15,10,61.0,148.0,114.0,57.0,2000.0,82.0,25.1,1012.1,9.4,0.0,ESE,1.1,Aotizhongxin,2013-05-15 10:00:00
1812,2013,5,15,11,72.0,163.0,117.0,58.0,2299.0,100.0,26.2,1011.3,7.2,0.0,S,1.4,Aotizhongxin,2013-05-15 11:00:00
1813,2013,5,15,12,78.0,175.0,106.0,53.0,2200.0,138.0,26.8,1010.4,6.8,0.0,NNW,0.8,Aotizhongxin,2013-05-15 12:00:00
1814,2013,5,15,13,86.0,162.0,88.0,44.0,1800.0,161.0,28.0,1009.8,5.5,0.0,SW,1.1,Aotizhongxin,2013-05-15 13:00:00
1815,2013,5,15,14,69.0,161.0,78.0,42.0,1600.0,189.0,27.0,1009.3,8.4,0.0,S,2.1,Aotizhongxin,2013-05-15 14:00:00
1816,2013,5,15,15,67.0,145.0,54.0,33.0,1100.0,222.0,26.9,1008.8,8.8,0.0,SSW,1.7,Aotizhongxin,2013-05-15 15:00:00
1817,2013,5,15,16,55.0,129.0,42.0,32.0,700.0,204.0,26.7,1008.6,8.2,0.0,SW,3.7,Aotizhongxin,2013-05-15 16:00:00
1818,2013,5,15,17,54.0,129.0,34.0,30.0,600.0,199.0,25.9,1008.8,9.7,0.0,SW,3.1,Aotizhongxin,2013-05-15 17:00:00
1819,2013,5,15,18,52.0,129.0,31.0,32.0,600.0,195.0,24.6,1009.3,9.3,0.0,SW,2.3,Aotizhongxin,2013-05-15 18:00:00
1820,2013,5,15,19,54.0,155.0,34.0,39.0,700.0,195.0,23.7,1009.7,8.9,0.0,SSW,2.1,Aotizhongxin,2013-05-15 19:00:00
1821,2013,5,15,20,57.0,149.0,33.0,43.0,1000.0,164.0,22.5,1010.4,8.6,0.0,SSW,2.6,Aotizhongxin,2013-05-15 20:00:00
1822,2013,5,15,21,41.0,131.0,32.0,39.0,800.0,129.0,21.5,1011.5,9.1,0.0,SW,4.1,Aotizhongxin,2013-05-15 21:00:00
1823,2013,5,15,22,40.0,121.0,32.0,41.0,800.0,86.0,19.7,1011.9,10.1,0.0,SSW,1.1,Aotizhongxin,2013-05-15 22:00:00
1824,2013,5,15,23,42.0,107.0,32.0,50.0,800.0,65.0,19.3,1012.0,9.5,0.0,SSW,1.2,Aotizhongxin,2013-05-15 23:00:00
1825,2013,5,16,0,42.0,104.0,30.0,66.0,800.0,39.0,19.1,1012.3,9.8,0.0,SE,1.5,Aotizhongxin,2013-05-16 00:00:00
1826,2013,5,16,1,49.0,132.0,30.0,94.0,900.0,6.0,17.3,1012.6,11.1,0.0,SSE,0.7,Aotizhongxin,2013-05-16 01:00:00
1827,2013,5,16,2,54.0,117.0,32.0,96.0,1399.0,2.0,15.8,1012.8,11.2,0.0,NE,2.0,Aotizhongxin,2013-05-16 02:00:00
1828,2013,5,16,3,49.0,101.0,31.0,91.0,1000.0,2.0,15.5,1012.9,11.3,0.0,NE,1.0,Aotizhongxin,2013-05-16 03:00:00
1829,2013,5,16,4,87.0,107.0,28.0,85.0,900.0,2.0,14.2,1012.9,11.4,0.0,NE,0.2,Aotizhongxin,2013-05-16 04:00:00
1830,2013,5,16,5,61.0,103.0,24.0,82.0,600.0,2.0,14.4,1013.4,11.4,0.0,NNE,0.9,Aotizhongxin,2013-05-16 05:00:00
1831,2013,5,16,6,63.0,109.0,22.0,80.0,600.0,2.0,16.6,1013.9,10.7,0.0,NE,1.5,Aotizhongxin,2013-05-16 06:00:00
1832,2013,5,16,7,76.0,122.0,26.0,76.0,600.0,3.0,18.9,1013.9,11.2,0.0,S,0.7,Aotizhongxin,2013-05-16 07:00:00
1833,2013,5,16,8,79.0,141.0,40.0,82.0,800.0,6.0,20.5,1013.9,10.6,0.0,SW,1.1,Aotizhongxin,2013-05-16 08:00:00
1834,2013,5,16,9,135.0,141.0,55.0,83.0,1000.0,19.0,23.0,1013.3,9.4,0.0,SSE,1.6,Aotizhongxin,2013-05-16 09:00:00
1835,2013,5,16,10,197.0,141.0,59.0,70.0,1200.0,57.0,23.9,1012.6,11.9,0.0,SW,1.6,Aotizhongxin,2013-05-16 10:00:00
1836,2013,5,16,11,665.0,78.0,60.0,47.0,900.0,103.0,25.1,1011.8,10.2,0.0,SW,2.8,Aotizhongxin,2013-05-16 11:00:00
1837,2013,5,16,12,665.0,86.0,61.0,48.0,750.0,130.662,25.4,1011.1,13.3,0.0,WSW,1.7,Aotizhongxin,2013-05-16 12:00:00
1838,2013,5,16,13,348.5,98.0,46.0,35.0,600.0,166.0,26.1,1009.9,10.7,0.0,SW,2.7,Aotizhongxin,2013-05-16 13:00:00
1839,2013,5,16,14,32.0,95.0,40.0,29.0,600.0,189.0,25.5,1009.5,11.6,0.0,S,2.1,Aotizhongxin,2013-05-16 14:00:00
1840,2013,5,16,15,63.0,89.0,37.0,28.0,600.0,198.0,25.4,1008.6,10.8,0.0,SW,2.6,Aotizhongxin,2013-05-16 15:00:00
1841,2013,5,16,16,63.0,105.0,33.0,29.0,600.0,199.0,25.1,1008.1,10.9,0.0,S,1.9,Aotizhongxin,2013-05-16 16:00:00
1842,2013,5,16,17,28.0,105.0,27.0,32.0,700.0,191.0,24.5,1007.6,11.1,0.0,SSE,2.0,Aotizhongxin,2013-05-16 17:00:00
1843,2013,5,16,18,66.0,119.0,22.0,40.0,1100.0,182.0,23.8,1007.9,11.5,0.0,S,1.7,Aotizhongxin,2013-05-16 18:00:00
1844,2013,5,16,19,72.0,115.0,26.0,48.0,1200.0,170.0,23.3,1008.3,10.4,0.0,SSW,2.1,Aotizhongxin,2013-05-16 19:00:00
1845,2013,5,16,20,70.0,141.0,30.0,54.0,1300.0,151.0,22.4,1008.9,12.1,0.0,SSE,2.4,Aotizhongxin,2013-05-16 20:00:00
1846,2013,5,16,21,74.0,163.0,23.0,56.0,800.0,109.0,21.8,1009.0,12.1,0.0,SSE,1.7,Aotizhongxin,2013-05-16 21:00:00
1847,2013,5,16,22,74.0,163.0,23.0,56.0,800.0,109.0,20.9,1009.3,11.2,0.0,SSW,1.1,Aotizhongxin,2013-05-16 22:00:00
1848,2013,5,16,23,88.0,159.0,21.0,68.0,900.0,76.0,20.4,1008.9,11.9,0.0,SSW,0.9,Aotizhongxin,2013-05-16 23:00:00
1849,2013,5,17,0,64.0,105.0,28.0,44.0,1000.0,88.0,19.6,1008.9,11.9,0.0,SSE,2.1,Aotizhongxin,2013-05-17 00:00:00
1850,2013,5,17,1,77.0,102.0,24.0,40.0,1300.0,80.0,18.4,1008.5,12.2,0.0,SSE,1.2,Aotizhongxin,2013-05-17 01:00:00
1851,2013,5,17,2,85.0,106.0,24.0,40.0,1899.0,73.0,18.1,1007.7,11.6,0.0,SSW,0.9,Aotizhongxin,2013-05-17 02:00:00
1852,2013,5,17,3,78.0,100.0,27.0,35.0,1500.0,72.0,17.7,1007.7,11.5,0.0,SW,1.4,Aotizhongxin,2013-05-17 03:00:00
1853,2013,5,17,4,87.0,94.0,28.0,43.0,2000.0,50.0,17.3,1007.2,12.0,0.0,SW,0.9,Aotizhongxin,2013-05-17 04:00:00
1854,2013,5,17,5,86.0,87.0,33.0,41.0,1899.0,45.0,17.3,1007.7,12.2,0.0,SW,1.5,Aotizhongxin,2013-05-17 05:00:00
1855,2013,5,17,6,86.0,98.0,35.0,47.0,1600.0,38.0,17.9,1007.6,13.0,0.0,SW,1.2,Aotizhongxin,2013-05-17 06:00:00
1856,2013,5,17,7,91.0,103.0,35.0,59.0,1500.0,26.0,18.5,1007.6,12.7,0.0,WNW,1.1,Aotizhongxin,2013-05-17 07:00:00
1857,2013,5,17,8,102.0,137.0,42.0,70.0,1399.0,19.0,19.0,1007.7,13.2,0.0,WNW,1.2,Aotizhongxin,2013-05-17 08:00:00
1858,2013,5,17,9,105.0,122.0,42.0,75.0,1399.0,21.0,19.2,1007.4,12.9,0.0,W,1.4,Aotizhongxin,2013-05-17 09:00:00
1859,2013,5,17,10,115.0,135.0,38.0,80.0,1300.0,26.0,20.5,1007.0,13.5,0.0,S,0.5,Aotizhongxin,2013-05-17 10:00:00
1860,2013,5,17,11,115.0,135.0,38.0,79.0,1300.0,26.0,21.5,1006.4,13.7,0.0,SW,1.8,Aotizhongxin,2013-05-17 11:00:00
1861,2013,5,17,12,115.0,135.0,38.0,79.0,1300.0,26.0,22.8,1006.2,14.1,0.0,S,1.4,Aotizhongxin,2013-05-17 12:00:00
1862,2013,5,17,13,128.0,140.0,48.0,82.0,1399.0,54.0,23.6,1005.1,13.5,0.0,SSW,1.8,Aotizhongxin,2013-05-17 13:00:00
1863,2013,5,17,14,108.0,111.0,53.0,79.0,1200.0,133.0,24.4,1004.6,13.9,0.0,SSW,2.1,Aotizhongxin,2013-05-17 14:00:00
1864,2013,5,17,15,121.0,234.0,48.0,46.0,900.0,164.0,24.2,1003.9,13.1,0.0,SW,3.4,Aotizhongxin,2013-05-17 15:00:00
1865,2013,5,17,16,121.0,148.0,48.0,46.0,900.0,164.0,24.0,1003.9,14.1,0.0,SSW,2.6,Aotizhongxin,2013-05-17 16:00:00
1866,2013,5,17,17,99.0,147.0,31.0,37.0,700.0,164.0,23.5,1003.8,14.2,0.0,SW,2.1,Aotizhongxin,2013-05-17 17:00:00
1867,2013,5,17,18,99.0,147.0,31.0,37.0,700.0,164.0,23.2,1003.6,14.7,0.0,SSW,2.4,Aotizhongxin,2013-05-17 18:00:00
1868,2013,5,17,19,102.0,157.0,28.0,37.0,700.0,168.0,22.6,1003.7,14.9,0.0,SSW,1.3,Aotizhongxin,2013-05-17 19:00:00
1869,2013,5,17,20,116.0,189.0,26.0,39.0,800.0,161.0,22.2,1004.2,15.3,0.0,S,1.8,Aotizhongxin,2013-05-17 20:00:00
1870,2013,5,17,21,140.0,195.0,22.0,42.0,900.0,149.0,21.9,1004.4,14.8,0.0,SSW,1.0,Aotizhongxin,2013-05-17 21:00:00
1871,2013,5,17,22,145.0,211.0,20.0,49.0,1000.0,125.0,21.2,1004.0,14.4,0.0,SW,1.2,Aotizhongxin,2013-05-17 22:00:00
1872,2013,5,17,23,143.0,196.0,17.0,54.0,1000.0,100.0,20.3,1003.7,14.9,0.0,SW,0.9,Aotizhongxin,2013-05-17 23:00:00
1873,2013,5,18,0,142.0,210.0,20.0,97.0,1399.0,25.0,19.2,1003.4,15.5,0.0,WNW,0.4,Aotizhongxin,2013-05-18 00:00:00
1874,2013,5,18,1,158.0,208.0,18.0,120.0,1700.0,2.0,19.0,1003.4,15.3,0.0,NE,0.8,Aotizhongxin,2013-05-18 01:00:00
1875,2013,5,18,2,160.0,201.0,17.0,115.0,1500.0,2.0,18.4,1003.0,15.5,0.0,NE,1.1,Aotizhongxin,2013-05-18 02:00:00
1876,2013,5,18,3,150.0,169.0,16.0,108.0,1399.0,2.0,18.1,1002.6,15.4,0.0,NE,1.0,Aotizhongxin,2013-05-18 03:00:00
1877,2013,5,18,4,130.0,153.0,18.0,84.0,2299.0,15.0,17.8,1002.1,15.2,0.0,NNE,1.3,Aotizhongxin,2013-05-18 04:00:00
1878,2013,5,18,5,171.0,216.0,18.0,90.0,2700.0,3.0,17.8,1002.5,15.4,0.0,NNE,1.1,Aotizhongxin,2013-05-18 05:00:00
1879,2013,5,18,6,176.0,222.0,19.0,83.0,2500.0,5.0,18.3,1003.1,15.9,0.0,WSW,0.6,Aotizhongxin,2013-05-18 06:00:00
1880,2013,5,18,7,182.0,231.0,18.0,66.0,1700.0,17.0,19.2,1002.9,15.9,0.0,SSW,1.9,Aotizhongxin,2013-05-18 07:00:00
1881,2013,5,18,8,174.0,188.0,17.0,51.0,900.0,20.0,19.9,1002.5,16.3,0.0,WSW,2.7,Aotizhongxin,2013-05-18 08:00:00
1882,2013,5,18,9,143.0,161.0,16.0,40.0,800.0,28.0,20.7,1002.2,16.1,0.0,WSW,4.3,Aotizhongxin,2013-05-18 09:00:00
1883,2013,5,18,10,143.0,161.0,16.0,40.0,800.0,28.0,21.7,1001.9,16.2,0.0,SW,2.4,Aotizhongxin,2013-05-18 10:00:00
1884,2013,5,18,11,146.0,154.0,17.0,39.0,800.0,42.0,22.6,1001.0,15.9,0.0,WSW,2.9,Aotizhongxin,2013-05-18 11:00:00
1885,2013,5,18,12,153.0,164.0,21.0,36.0,1200.0,67.0,22.7,1000.1,15.3,0.0,SW,3.1,Aotizhongxin,2013-05-18 12:00:00
1886,2013,5,18,13,144.0,149.0,30.0,30.0,1000.0,109.0,23.8,999.2,15.6,0.0,SSW,2.5,Aotizhongxin,2013-05-18 13:00:00
1887,2013,5,18,14,105.0,136.0,31.0,25.0,700.0,125.0,23.2,998.8,15.5,0.0,SSW,2.9,Aotizhongxin,2013-05-18 14:00:00
1888,2013,5,18,15,80.0,148.0,31.0,25.0,600.0,130.0,23.3,998.0,15.1,0.0,SSW,2.8,Aotizhongxin,2013-05-18 15:00:00
1889,2013,5,18,16,66.0,73.0,30.0,24.0,500.0,147.0,23.2,997.6,14.7,0.0,SW,3.9,Aotizhongxin,2013-05-18 16:00:00
1890,2013,5,18,17,66.0,72.0,30.0,23.0,500.0,147.0,23.0,997.2,14.8,0.0,SW,3.0,Aotizhongxin,2013-05-18 17:00:00
1891,2013,5,18,18,84.0,132.0,25.0,26.0,500.0,146.0,22.9,997.5,14.5,0.0,SW,3.7,Aotizhongxin,2013-05-18 18:00:00
1892,2013,5,18,19,83.0,122.0,21.0,26.0,500.0,143.0,22.8,997.8,14.4,0.0,SSW,3.1,Aotizhongxin,2013-05-18 19:00:00
1893,2013,5,18,20,78.0,113.0,20.0,29.0,500.0,124.0,21.3,998.4,14.2,0.0,S,2.3,Aotizhongxin,2013-05-18 20:00:00
1894,2013,5,18,21,67.0,134.0,19.0,30.0,500.0,124.0,20.1,998.2,14.0,0.0,S,3.0,Aotizhongxin,2013-05-18 21:00:00
1895,2013,5,18,22,34.0,115.0,16.0,28.0,700.0,104.0,19.5,999.5,13.9,0.0,SSW,1.4,Aotizhongxin,2013-05-18 22:00:00
1896,2013,5,18,23,34.0,83.0,16.0,26.0,800.0,94.0,19.1,998.9,13.9,0.0,S,2.2,Aotizhongxin,2013-05-18 23:00:00
1897,2013,5,19,0,44.0,52.0,16.0,29.0,900.0,77.0,18.5,998.2,14.4,0.0,SSW,1.3,Aotizhongxin,2013-05-19 00:00:00
1898,2013,5,19,1,48.0,55.0,14.0,27.0,900.0,67.0,17.9,996.9,14.6,0.0,S,1.6,Aotizhongxin,2013-05-19 01:00:00
1899,2013,5,19,2,37.0,48.0,13.0,32.0,800.0,56.0,17.8,996.8,14.5,0.0,SW,1.0,Aotizhongxin,2013-05-19 02:00:00
1900,2013,5,19,3,55.0,56.0,14.0,27.0,800.0,58.0,17.7,996.3,14.4,0.0,SW,1.4,Aotizhongxin,2013-05-19 03:00:00
1901,2013,5,19,4,44.0,54.0,14.0,30.0,900.0,48.0,17.5,995.4,14.6,0.0,S,0.8,Aotizhongxin,2013-05-19 04:00:00
1902,2013,5,19,5,46.0,57.0,13.0,32.0,800.0,41.0,17.4,994.8,14.5,0.0,SSW,1.5,Aotizhongxin,2013-05-19 05:00:00
1903,2013,5,19,6,48.0,56.0,13.0,29.0,600.0,39.0,17.5,994.0,14.6,0.0,WSW,2.0,Aotizhongxin,2013-05-19 06:00:00
1904,2013,5,19,7,49.0,61.0,13.0,35.0,500.0,31.0,17.8,992.8,14.7,0.0,SSW,1.5,Aotizhongxin,2013-05-19 07:00:00
1905,2013,5,19,8,52.0,68.0,13.0,45.0,600.0,23.0,18.4,992.1,15.1,0.0,SW,1.8,Aotizhongxin,2013-05-19 08:00:00
1906,2013,5,19,9,83.0,89.0,14.0,44.0,600.0,26.0,18.8,992.7,15.3,0.0,NNW,3.1,Aotizhongxin,2013-05-19 09:00:00
1907,2013,5,19,10,83.0,89.0,14.0,44.0,600.0,26.0,20.2,993.1,15.0,0.0,NE,2.2,Aotizhongxin,2013-05-19 10:00:00
1908,2013,5,19,11,116.0,151.0,16.0,53.0,700.0,20.0,24.7,992.8,5.5,0.0,NNW,5.3,Aotizhongxin,2013-05-19 11:00:00
1909,2013,5,19,12,117.0,160.0,21.0,49.0,700.0,35.343,25.6,993.3,-3.0,0.0,NW,6.4,Aotizhongxin,2013-05-19 12:00:00
1910,2013,5,19,13,116.0,151.0,16.0,53.0,700.0,20.0,25.6,993.4,-5.9,0.0,NNW,5.6,Aotizhongxin,2013-05-19 13:00:00
1911,2013,5,19,14,48.0,655.0,8.0,7.0,200.0,98.0,25.6,993.3,-5.9,0.0,NNW,5.8,Aotizhongxin,2013-05-19 14:00:00
1912,2013,5,19,15,48.0,353.0,8.0,7.0,200.0,98.0,25.5,993.4,-6.0,0.0,NNW,7.4,Aotizhongxin,2013-05-19 15:00:00
1913,2013,5,19,16,46.0,338.0,9.0,8.0,300.0,88.0,25.4,993.7,-5.0,0.0,NW,4.3,Aotizhongxin,2013-05-19 16:00:00
1914,2013,5,19,17,45.0,338.0,8.0,8.0,300.0,88.0,24.6,994.4,-5.7,0.0,NNW,3.9,Aotizhongxin,2013-05-19 17:00:00
1915,2013,5,19,18,55.0,341.0,8.0,9.0,200.0,86.0,23.3,995.4,-4.0,0.0,N,4.8,Aotizhongxin,2013-05-19 18:00:00
1916,2013,5,19,19,55.0,340.0,7.0,8.0,200.0,86.0,22.1,996.5,-4.1,0.0,N,4.8,Aotizhongxin,2013-05-19 19:00:00
1917,2013,5,19,20,40.0,296.0,6.0,12.0,200.0,77.0,21.1,997.4,-4.2,0.0,N,2.8,Aotizhongxin,2013-05-19 20:00:00
1918,2013,5,19,21,29.0,136.0,5.0,10.0,200.0,78.0,20.5,998.2,-3.3,0.0,NNE,2.7,Aotizhongxin,2013-05-19 21:00:00
1919,2013,5,19,22,29.0,135.0,5.0,10.0,200.0,78.0,16.7,998.7,-1.4,0.0,NNE,0.9,Aotizhongxin,2013-05-19 22:00:00
1920,2013,5,19,23,16.0,56.0,7.0,24.0,200.0,58.0,14.7,998.7,0.9,0.0,NW,0.9,Aotizhongxin,2013-05-19 23:00:00
1921,2013,5,20,0,13.0,81.0,6.0,52.0,300.0,19.7064,11.7,998.4,5.6,0.0,SW,0.6,Aotizhongxin,2013-05-20 00:00:00
1922,2013,5,20,1,20.0,109.0,13.0,87.0,400.0,2.0,11.5,998.4,3.5,0.0,WSW,0.9,Aotizhongxin,2013-05-20 01:00:00
1923,2013,5,20,2,29.0,98.0,15.0,90.0,500.0,2.0,13.0,997.9,4.4,0.0,SW,1.1,Aotizhongxin,2013-05-20 02:00:00
1924,2013,5,20,3,24.0,80.0,12.0,86.0,500.0,2.0,11.3,997.9,3.1,0.0,SSE,0.2,Aotizhongxin,2013-05-20 03:00:00
1925,2013,5,20,4,15.0,83.0,12.0,79.0,500.0,4.0698,9.4,998.3,3.4,0.0,W,1.0,Aotizhongxin,2013-05-20 04:00:00
1926,2013,5,20,5,26.0,80.0,13.0,84.0,500.0,2.0,9.7,998.8,3.2,0.0,WNW,1.1,Aotizhongxin,2013-05-20 05:00:00
1927,2013,5,20,6,22.0,68.0,12.0,80.0,400.0,7.6402,16.8,999.0,1.2,0.0,SSW,2.2,Aotizhongxin,2013-05-20 06:00:00
1928,2013,5,20,7,27.0,91.0,16.0,63.0,400.0,13.2804,20.0,998.9,-0.6,0.0,SW,3.7,Aotizhongxin,2013-05-20 07:00:00
1929,2013,5,20,8,29.0,119.0,17.0,59.0,400.0,23.1336,21.6,998.4,0.1,0.0,SSW,2.3,Aotizhongxin,2013-05-20 08:00:00
1930,2013,5,20,9,38.0,101.0,25.0,47.0,400.0,39.4128,23.0,997.4,-0.5,0.0,SW,5.0,Aotizhongxin,2013-05-20 09:00:00
1931,2013,5,20,10,35.0,125.0,31.0,43.0,400.0,52.0,24.2,996.6,-1.6,0.0,SW,5.5,Aotizhongxin,2013-05-20 10:00:00
1932,2013,5,20,11,49.0,126.0,20.0,32.0,300.0,78.8256,25.9,995.8,1.9,0.0,SW,4.4,Aotizhongxin,2013-05-20 11:00:00
1933,2013,5,20,12,32.0,152.0,15.0,25.0,300.0,98.3178,26.6,994.5,3.8,0.0,SSW,3.5,Aotizhongxin,2013-05-20 12:00:00
1934,2013,5,20,13,31.0,151.0,17.0,21.0,300.0,119.0,27.3,993.4,2.4,0.0,SW,5.8,Aotizhongxin,2013-05-20 13:00:00
1935,2013,5,20,14,36.0,135.0,17.0,21.0,300.0,119.0,27.3,993.0,3.0,0.0,SW,5.3,Aotizhongxin,2013-05-20 14:00:00
1936,2013,5,20,15,55.0,181.0,25.0,23.0,321.90410958904107,139.23,26.9,992.4,2.7,0.0,SW,4.8,Aotizhongxin,2013-05-20 15:00:00
1937,2013,5,20,16,57.0,222.0,27.0,28.0,343.8082191780822,149.2974,26.8,991.7,3.9,0.0,SSW,4.1,Aotizhongxin,2013-05-20 16:00:00
1938,2013,5,20,17,79.0,215.0,24.0,32.0,365.71232876712327,143.2998,26.2,991.4,4.0,0.0,SW,5.1,Aotizhongxin,2013-05-20 17:00:00
1939,2013,5,20,18,40.0,215.0,21.0,35.0,387.6164383561644,139.8726,25.0,991.6,4.7,0.0,SW,4.4,Aotizhongxin,2013-05-20 18:00:00
1940,2013,5,20,19,62.0,233.0,22.0,33.0,409.52054794520546,139.0158,24.2,991.9,5.5,0.0,SW,4.0,Aotizhongxin,2013-05-20 19:00:00
1941,2013,5,20,20,47.0,231.0,31.0,39.0,431.4246575342466,128.52,23.5,991.8,6.3,0.0,SW,4.0,Aotizhongxin,2013-05-20 20:00:00
1942,2013,5,20,21,50.0,194.0,37.0,48.0,453.32876712328766,107.1,23.2,991.5,6.9,0.0,SW,3.9,Aotizhongxin,2013-05-20 21:00:00
1943,2013,5,20,22,65.0,178.0,37.0,50.0,475.2328767123288,93.8196,22.6,990.9,5.9,0.0,SSW,2.6,Aotizhongxin,2013-05-20 22:00:00
1944,2013,5,20,23,54.0,223.0,39.0,49.0,497.13698630136986,96.6042,22.3,990.4,6.9,0.0,SW,2.5,Aotizhongxin,2013-05-20 23:00:00
1945,2013,5,21,0,54.0,223.0,39.0,49.0,519.0410958904109,71.3286,17.9,990.3,9.0,0.0,NNE,0.8,Aotizhongxin,2013-05-21 00:00:00
1946,2013,5,21,1,66.0,211.0,38.0,69.0,540.945205479452,66.6162,16.9,990.4,7.8,0.0,NE,1.5,Aotizhongxin,2013-05-21 01:00:00
1947,2013,5,21,2,65.0,205.0,37.0,93.0,562.8493150684932,31.7016,16.6,990.5,8.3,0.0,NNE,1.5,Aotizhongxin,2013-05-21 02:00:00
1948,2013,5,21,3,81.0,205.0,37.0,121.0,584.7534246575342,25.704,16.1,990.6,8.1,0.0,NNE,1.3,Aotizhongxin,2013-05-21 03:00:00
1949,2013,5,21,4,76.0,237.0,32.0,114.0,606.6575342465753,19.7064,15.5,991.0,8.5,0.0,NE,1.2,Aotizhongxin,2013-05-21 04:00:00
1950,2013,5,21,5,86.0,240.0,29.0,101.0,628.5616438356165,13.708799999999998,15.9,991.5,8.6,0.0,NE,1.8,Aotizhongxin,2013-05-21 05:00:00
1951,2013,5,21,6,79.0,219.0,27.0,95.0,650.4657534246576,7.711199999999998,17.7,992.1,8.8,0.0,NE,1.6,Aotizhongxin,2013-05-21 06:00:00
1952,2013,5,21,7,74.0,208.0,34.0,93.0,672.3698630136986,1.7136,20.0,992.6,8.6,0.0,NNE,2.3,Aotizhongxin,2013-05-21 07:00:00
1953,2013,5,21,8,79.0,235.0,43.0,89.0,694.2739726027397,9.8532,22.4,993.0,9.9,0.0,NNE,2.6,Aotizhongxin,2013-05-21 08:00:00
1954,2013,5,21,9,102.0,262.0,58.0,86.0,716.1780821917808,32.3442,24.2,993.1,11.2,0.0,ENE,2.6,Aotizhongxin,2013-05-21 09:00:00
1955,2013,5,21,10,102.0,225.0,62.0,73.0,738.0821917808219,68.9724,25.0,993.0,11.2,0.0,ESE,1.2,Aotizhongxin,2013-05-21 10:00:00
1956,2013,5,21,11,132.0,264.0,70.0,59.0,759.986301369863,109.4562,26.3,992.9,11.6,0.0,SE,1.2,Aotizhongxin,2013-05-21 11:00:00
1957,2013,5,21,12,108.0,210.0,60.0,52.0,781.8904109589041,143.514,27.3,992.9,10.9,0.0,SE,1.7,Aotizhongxin,2013-05-21 12:00:00
1958,2013,5,21,13,92.0,154.0,59.0,56.0,803.7945205479452,165.3624,28.1,993.3,12.0,0.0,NE,0.7,Aotizhongxin,2013-05-21 13:00:00
1959,2013,5,21,14,94.0,255.0,54.0,47.0,825.6986301369863,186.9966,27.2,993.2,12.0,0.0,ESE,2.2,Aotizhongxin,2013-05-21 14:00:00
1960,2013,5,21,15,103.0,250.0,49.0,51.0,847.6027397260274,194.2794,27.7,993.9,13.6,0.0,SSW,1.2,Aotizhongxin,2013-05-21 15:00:00
1961,2013,5,21,16,103.0,245.0,41.0,42.0,869.5068493150685,205.632,27.0,994.1,14.7,0.0,NE,1.3,Aotizhongxin,2013-05-21 16:00:00
1962,2013,5,21,17,113.0,275.0,38.0,50.0,891.4109589041095,211.2012,26.7,995.1,14.5,0.0,NE,0.9,Aotizhongxin,2013-05-21 17:00:00
1963,2013,5,21,18,109.0,221.0,41.0,64.0,913.3150684931506,190.2096,24.2,996.2,16.2,0.0,SW,0.7,Aotizhongxin,2013-05-21 18:00:00
1964,2013,5,21,19,110.0,284.0,44.0,69.0,935.2191780821918,175.8582,22.0,996.7,16.9,0.0,N,0.4,Aotizhongxin,2013-05-21 19:00:00
1965,2013,5,21,20,110.0,284.0,44.0,69.0,957.1232876712329,131.733,20.9,998.5,15.7,0.0,SE,0.8,Aotizhongxin,2013-05-21 20:00:00
1966,2013,5,21,21,133.0,325.0,33.0,129.0,979.0273972602739,70.0434,23.5,999.6,14.8,0.0,SE,1.7,Aotizhongxin,2013-05-21 21:00:00
1967,2013,5,21,22,146.0,290.0,41.0,117.0,1000.931506849315,74.7558,22.5,1000.7,12.7,0.0,SW,1.4,Aotizhongxin,2013-05-21 22:00:00
1968,2013,5,21,23,113.0,203.0,63.0,98.0,1022.8356164383562,73.899,21.3,1001.3,10.5,0.0,SW,0.8,Aotizhongxin,2013-05-21 23:00:00
1969,2013,5,22,0,71.0,179.0,78.0,60.0,1044.7397260273972,96.1758,19.3,1001.9,10.8,0.0,SSW,0.6,Aotizhongxin,2013-05-22 00:00:00
1970,2013,5,22,1,64.0,160.0,53.0,68.0,1066.6438356164383,71.757,17.3,1001.6,9.7,0.0,SE,0.4,Aotizhongxin,2013-05-22 01:00:00
1971,2013,5,22,2,52.0,126.0,46.0,69.0,1088.5479452054794,53.55,16.6,1002.0,11.3,0.0,SSW,0.7,Aotizhongxin,2013-05-22 02:00:00
1972,2013,5,22,3,55.0,120.0,40.0,81.0,1110.4520547945206,30.6306,16.0,1002.8,10.3,0.0,SSW,0.5,Aotizhongxin,2013-05-22 03:00:00
1973,2013,5,22,4,60.0,138.0,40.0,121.0,1132.3561643835617,24.76152,15.6,1003.5,10.1,0.0,NE,0.1,Aotizhongxin,2013-05-22 04:00:00
1974,2013,5,22,5,58.0,142.0,34.0,120.0,1154.2602739726028,18.89244,15.5,1004.2,11.3,0.0,W,0.1,Aotizhongxin,2013-05-22 05:00:00
1975,2013,5,22,6,64.0,153.0,34.0,119.0,1176.1643835616437,13.02336,19.0,1005.0,13.2,0.0,ENE,1.1,Aotizhongxin,2013-05-22 06:00:00
1976,2013,5,22,7,66.0,178.0,34.0,121.0,1198.0684931506848,7.15428,21.3,1005.1,12.2,0.0,NNE,1.8,Aotizhongxin,2013-05-22 07:00:00
1977,2013,5,22,8,98.0,242.0,45.0,137.0,1219.972602739726,1.2852,23.4,1005.8,11.8,0.0,SW,0.8,Aotizhongxin,2013-05-22 08:00:00
1978,2013,5,22,9,101.0,218.0,52.0,140.0,1241.876712328767,5.5692,25.4,1006.2,10.0,0.0,SW,1.9,Aotizhongxin,2013-05-22 09:00:00
1979,2013,5,22,10,88.0,233.0,61.0,137.0,1263.7808219178082,30.6306,27.0,1006.1,9.8,0.0,S,1.6,Aotizhongxin,2013-05-22 10:00:00
1980,2013,5,22,11,72.0,162.0,67.0,60.0,1285.6849315068494,125.9496,27.3,1006.2,11.3,0.0,SSE,1.5,Aotizhongxin,2013-05-22 11:00:00
1981,2013,5,22,12,81.0,166.0,67.0,44.0,1307.5890410958905,175.8582,27.7,1005.4,12.1,0.0,SSE,2.1,Aotizhongxin,2013-05-22 12:00:00
1982,2013,5,22,13,84.0,200.0,73.0,37.0,1329.4931506849314,194.0652,28.0,1005.1,11.1,0.0,S,1.9,Aotizhongxin,2013-05-22 13:00:00
1983,2013,5,22,14,69.0,157.0,57.0,29.0,1351.3972602739725,187.425,28.3,1004.9,10.9,0.0,SSE,2.2,Aotizhongxin,2013-05-22 14:00:00
1984,2013,5,22,15,70.0,160.0,51.0,28.0,1373.3013698630136,196.2072,27.0,1004.4,9.8,0.0,SSE,1.7,Aotizhongxin,2013-05-22 15:00:00
1985,2013,5,22,16,57.0,126.0,37.0,31.0,1395.2054794520548,174.3588,26.6,1004.4,7.6,0.0,SSW,1.8,Aotizhongxin,2013-05-22 16:00:00
1986,2013,5,22,17,41.0,63.0,30.0,34.0,1417.109589041096,152.7246,25.6,1005.0,6.7,0.0,SW,2.3,Aotizhongxin,2013-05-22 17:00:00
1987,2013,5,22,18,35.0,82.0,28.0,37.0,1439.013698630137,136.2312,24.6,1005.3,6.3,0.0,SSW,1.2,Aotizhongxin,2013-05-22 18:00:00
1988,2013,5,22,19,36.0,97.0,26.0,45.0,1460.9178082191781,119.3094,24.1,1006.5,4.4,0.0,SSW,1.5,Aotizhongxin,2013-05-22 19:00:00
1989,2013,5,22,20,22.0,40.0,17.0,45.0,1482.821917808219,83.538,21.7,1006.8,5.1,0.0,SE,0.8,Aotizhongxin,2013-05-22 20:00:00
1990,2013,5,22,21,29.0,102.0,17.0,88.0,1504.7260273972602,38.9844,19.6,1006.7,10.0,0.0,NE,0.4,Aotizhongxin,2013-05-22 21:00:00
1991,2013,5,22,22,29.0,69.0,18.0,82.0,1526.6301369863013,44.5536,18.4,1006.6,10.7,0.0,W,0.5,Aotizhongxin,2013-05-22 22:00:00
1992,2013,5,22,23,31.0,84.0,19.0,103.0,1548.5342465753424,18.8496,17.7,1006.5,11.9,0.0,NW,0.5,Aotizhongxin,2013-05-22 23:00:00
1993,2013,5,23,0,29.0,80.0,23.0,116.0,1570.4383561643835,4.9266,16.2,1006.5,10.7,0.0,W,0.4,Aotizhongxin,2013-05-23 00:00:00
1994,2013,5,23,1,31.0,67.0,23.0,116.0,1592.3424657534247,1.4994,15.3,1006.2,11.1,0.0,NE,0.2,Aotizhongxin,2013-05-23 01:00:00
1995,2013,5,23,2,24.0,92.0,18.0,118.0,1614.2465753424658,1.683,15.3,1006.1,9.2,0.0,ENE,0.7,Aotizhongxin,2013-05-23 02:00:00
1996,2013,5,23,3,32.0,77.0,20.0,120.0,1636.1506849315067,1.8666,16.1,1005.8,7.8,0.0,NE,1.3,Aotizhongxin,2013-05-23 03:00:00
1997,2013,5,23,4,57.0,137.0,24.0,123.0,1658.0547945205478,2.0502000000000002,16.5,1005.8,8.7,0.0,NE,0.8,Aotizhongxin,2013-05-23 04:00:00
1998,2013,5,23,5,65.0,185.0,27.0,117.0,1679.958904109589,2.2338,16.9,1006.6,8.8,0.0,ENE,0.6,Aotizhongxin,2013-05-23 05:00:00
1999,2013,5,23,6,44.0,120.0,27.0,105.0,1701.86301369863,2.4174,18.3,1006.9,12.3,0.0,W,0.4,Aotizhongxin,2013-05-23 06:00:00
2000,2013,5,23,7,40.0,98.0,25.0,99.0,1723.7671232876712,2.601,19.8,1006.6,10.8,0.0,ENE,0.9,Aotizhongxin,2013-05-23 07:00:00
2001,2013,5,23,8,37.0,113.0,24.0,95.0,1745.6712328767123,2.7846,22.3,1006.8,9.8,0.0,ENE,1.1,Aotizhongxin,2013-05-23 08:00:00
2002,2013,5,23,9,29.0,115.0,25.0,87.0,1767.5753424657535,23.562,24.1,1006.4,6.8,0.0,NW,0.6,Aotizhongxin,2013-05-23 09:00:00
2003,2013,5,23,10,32.0,104.0,25.0,79.0,1789.4794520547944,33.6294,25.5,1006.1,7.1,0.0,WNW,1.2,Aotizhongxin,2013-05-23 10:00:00
2004,2013,5,23,11,37.0,100.0,31.0,79.0,1811.3835616438355,50.7654,26.8,1005.4,7.8,0.0,WSW,1.6,Aotizhongxin,2013-05-23 11:00:00
2005,2013,5,23,12,40.0,67.0,39.0,68.0,1833.2876712328766,79.6824,28.1,1004.3,9.9,0.0,S,1.9,Aotizhongxin,2013-05-23 12:00:00
2006,2013,5,23,13,51.0,104.0,51.0,84.0,1855.1917808219177,76.8978,28.1,1003.4,6.8,0.0,SW,1.1,Aotizhongxin,2013-05-23 13:00:00
2007,2013,5,23,14,68.0,149.0,62.0,113.0,1877.0958904109589,73.6848,28.4,1002.4,9.1,0.0,SSE,1.5,Aotizhongxin,2013-05-23 14:00:00
2008,2013,5,23,15,87.0,149.0,68.0,112.0,1899.0,112.0,28.9,1001.9,11.0,0.0,SSE,1.5,Aotizhongxin,2013-05-23 15:00:00
2009,2013,5,23,16,102.0,141.0,69.0,76.0,2000.0,186.0,29.0,1001.3,12.0,0.0,S,1.8,Aotizhongxin,2013-05-23 16:00:00
2010,2013,5,23,17,114.0,261.0,71.0,74.0,2700.0,214.0,27.9,1001.4,12.3,0.0,SSW,2.7,Aotizhongxin,2013-05-23 17:00:00
2011,2013,5,23,18,95.0,172.0,61.0,59.0,1700.0,215.0,26.5,1001.6,12.9,0.0,SW,1.2,Aotizhongxin,2013-05-23 18:00:00
2012,2013,5,23,19,86.0,186.0,42.0,51.0,1200.0,215.0,25.0,1002.4,14.2,0.0,SSW,1.1,Aotizhongxin,2013-05-23 19:00:00
2013,2013,5,23,20,87.0,205.0,31.0,58.0,1300.0,184.0,24.6,1003.7,15.0,0.0,SE,0.5,Aotizhongxin,2013-05-23 20:00:00
2014,2013,5,23,21,96.0,194.0,28.0,69.0,1600.0,151.0,22.4,1004.3,16.2,0.0,WNW,0.6,Aotizhongxin,2013-05-23 21:00:00
2015,2013,5,23,22,105.0,228.0,27.0,142.0,1800.0,50.0,21.2,1004.4,15.3,0.0,NNE,0.5,Aotizhongxin,2013-05-23 22:00:00
2016,2013,5,23,23,110.0,198.0,25.0,145.0,2000.0,41.0,20.6,1004.2,15.2,0.0,NE,0.4,Aotizhongxin,2013-05-23 23:00:00
2017,2013,5,24,0,161.0,388.0,20.0,156.0,2700.0,12.0,20.1,1004.1,15.3,0.0,NNE,1.2,Aotizhongxin,2013-05-24 00:00:00
2018,2013,5,24,1,187.0,346.0,17.0,166.0,3000.0,2.0,20.6,1004.5,13.8,0.0,NE,0.8,Aotizhongxin,2013-05-24 01:00:00
2019,2013,5,24,2,201.0,278.0,16.0,129.0,2899.0,10.0,19.5,1004.4,14.1,0.0,NNE,0.7,Aotizhongxin,2013-05-24 02:00:00
2020,2013,5,24,3,188.0,279.0,16.0,134.0,2700.0,2.0,19.0,1004.4,13.8,0.0,NE,1.1,Aotizhongxin,2013-05-24 03:00:00
2021,2013,5,24,4,190.0,283.0,16.0,138.0,2700.0,2.0,18.4,1004.8,14.1,0.0,NE,1.0,Aotizhongxin,2013-05-24 04:00:00
2022,2013,5,24,5,185.0,328.0,14.0,127.0,2500.0,2.0,18.6,1005.7,15.1,0.0,NNE,0.6,Aotizhongxin,2013-05-24 05:00:00
2023,2013,5,24,6,225.0,364.0,14.0,120.0,2299.0,2.0,20.9,1006.2,17.9,0.0,SSW,0.6,Aotizhongxin,2013-05-24 06:00:00
2024,2013,5,24,7,185.0,241.0,13.0,104.0,2500.0,14.0,23.5,1006.5,16.5,0.0,NE,1.0,Aotizhongxin,2013-05-24 07:00:00
2025,2013,5,24,8,171.0,258.0,14.0,99.0,2500.0,36.0,25.7,1006.7,13.9,0.0,N,2.0,Aotizhongxin,2013-05-24 08:00:00
2026,2013,5,24,9,152.0,222.0,20.0,95.0,2200.0,55.0,27.4,1007.0,11.8,0.0,N,1.3,Aotizhongxin,2013-05-24 09:00:00
2027,2013,5,24,10,87.0,133.0,46.0,68.0,1100.0,61.0,29.7,1006.8,10.8,0.0,ENE,2.1,Aotizhongxin,2013-05-24 10:00:00
2028,2013,5,24,11,58.0,67.0,39.0,38.0,800.0,102.0,30.5,1006.9,10.5,0.0,NE,3.6,Aotizhongxin,2013-05-24 11:00:00
2029,2013,5,24,12,46.0,119.0,30.0,20.0,400.0,120.0,30.1,1006.6,13.0,0.0,E,1.3,Aotizhongxin,2013-05-24 12:00:00
2030,2013,5,24,13,42.0,89.0,26.0,16.0,400.0,126.0,30.3,1006.4,13.6,0.0,NE,1.8,Aotizhongxin,2013-05-24 13:00:00
2031,2013,5,24,14,53.0,86.0,24.0,17.0,500.0,154.0,29.5,1006.4,13.3,0.0,NE,2.2,Aotizhongxin,2013-05-24 14:00:00
2032,2013,5,24,15,49.0,105.0,22.0,20.0,500.0,137.0,27.1,1006.7,14.1,0.0,E,3.4,Aotizhongxin,2013-05-24 15:00:00
2033,2013,5,24,16,67.0,229.0,17.0,42.0,1300.0,117.0,24.9,1006.9,15.0,0.0,ESE,2.9,Aotizhongxin,2013-05-24 16:00:00
2034,2013,5,24,17,71.0,101.0,18.0,40.0,1200.0,104.0,24.1,1006.6,13.6,0.0,E,1.0,Aotizhongxin,2013-05-24 17:00:00
2035,2013,5,24,18,34.0,101.0,21.0,33.0,500.0,73.0,24.0,1006.7,12.9,0.0,NE,0.8,Aotizhongxin,2013-05-24 18:00:00
2036,2013,5,24,19,32.0,49.0,19.0,49.0,600.0,60.0,22.3,1007.0,13.1,0.0,ENE,0.8,Aotizhongxin,2013-05-24 19:00:00
2037,2013,5,24,20,35.0,50.0,18.0,48.0,600.0,54.0,21.9,1007.5,13.0,0.0,NE,1.6,Aotizhongxin,2013-05-24 20:00:00
2038,2013,5,24,21,23.0,23.0,20.0,42.0,400.0,51.0,21.7,1008.0,12.5,0.0,NNE,0.8,Aotizhongxin,2013-05-24 21:00:00
2039,2013,5,24,22,25.0,57.0,19.0,43.0,400.0,42.0,20.6,1008.0,15.8,0.0,WSW,0.5,Aotizhongxin,2013-05-24 22:00:00
2040,2013,5,24,23,28.0,58.0,18.0,63.0,400.0,21.0,20.0,1008.0,15.0,0.0,N,0.0,Aotizhongxin,2013-05-24 23:00:00
2041,2013,5,25,0,28.0,74.0,17.0,80.0,500.0,2.0,19.7,1007.7,15.3,0.0,ENE,0.5,Aotizhongxin,2013-05-25 00:00:00
2042,2013,5,25,1,32.0,66.0,18.0,89.0,600.0,2.0,19.5,1007.1,14.3,0.0,N,0.5,Aotizhongxin,2013-05-25 01:00:00
2043,2013,5,25,2,41.0,116.0,19.0,91.0,700.0,2.0,18.8,1006.7,13.0,0.0,N,0.4,Aotizhongxin,2013-05-25 02:00:00
2044,2013,5,25,3,48.0,102.0,18.0,89.0,600.0,2.0,18.0,1006.6,13.5,0.0,NE,0.8,Aotizhongxin,2013-05-25 03:00:00
2045,2013,5,25,4,52.0,100.0,19.0,88.0,600.0,2.0,17.9,1006.7,13.6,0.0,NE,1.4,Aotizhongxin,2013-05-25 04:00:00
2046,2013,5,25,5,48.0,131.0,17.0,82.0,500.0,2.0,18.3,1007.0,13.8,0.0,NE,1.0,Aotizhongxin,2013-05-25 05:00:00
2047,2013,5,25,6,39.0,128.0,15.0,70.0,400.0,2.0,19.7,1006.8,13.8,0.0,NNE,1.2,Aotizhongxin,2013-05-25 06:00:00
2048,2013,5,25,7,26.0,128.0,15.0,56.0,300.0,4.0,21.8,1006.8,13.7,0.0,ESE,1.1,Aotizhongxin,2013-05-25 07:00:00
2049,2013,5,25,8,19.0,48.0,20.0,43.0,200.0,29.0,23.9,1006.7,13.7,0.0,SSW,1.2,Aotizhongxin,2013-05-25 08:00:00
2050,2013,5,25,9,31.0,72.0,22.0,60.0,400.0,25.0,26.1,1006.4,13.9,0.0,SE,0.7,Aotizhongxin,2013-05-25 09:00:00
2051,2013,5,25,10,39.0,53.0,28.0,46.0,400.0,65.0,27.1,1006.1,12.3,0.0,SSW,1.5,Aotizhongxin,2013-05-25 10:00:00
2052,2013,5,25,11,55.0,90.0,28.0,74.0,600.0,73.0,28.0,1005.5,11.9,0.0,S,2.1,Aotizhongxin,2013-05-25 11:00:00
2053,2013,5,25,12,65.0,124.0,33.0,60.0,800.0,118.0,28.7,1004.5,10.4,0.0,S,1.9,Aotizhongxin,2013-05-25 12:00:00
2054,2013,5,25,13,77.0,144.0,67.0,49.0,1600.0,148.0,29.3,1003.5,12.3,0.0,SW,2.3,Aotizhongxin,2013-05-25 13:00:00
2055,2013,5,25,14,95.0,115.0,72.0,41.0,1700.0,197.0,30.0,1002.9,12.4,0.0,SSW,2.4,Aotizhongxin,2013-05-25 14:00:00
2056,2013,5,25,15,100.0,146.0,64.0,39.0,1700.0,214.0,29.8,1002.2,13.1,0.0,SSW,3.0,Aotizhongxin,2013-05-25 15:00:00
2057,2013,5,25,16,108.0,164.0,64.0,39.0,1800.0,241.0,29.6,1002.1,12.5,0.0,SE,2.0,Aotizhongxin,2013-05-25 16:00:00
2058,2013,5,25,17,99.0,155.0,56.0,39.0,1700.0,248.0,28.7,1002.0,13.8,0.0,SSW,1.6,Aotizhongxin,2013-05-25 17:00:00
2059,2013,5,25,18,80.0,134.0,42.0,36.0,1300.0,233.0,27.4,1002.2,14.1,0.0,SW,1.1,Aotizhongxin,2013-05-25 18:00:00
2060,2013,5,25,19,70.0,126.0,32.0,42.0,1200.0,203.0,25.8,1002.9,14.6,0.0,SSW,1.4,Aotizhongxin,2013-05-25 19:00:00
2061,2013,5,25,20,71.0,157.0,29.0,70.0,1300.0,149.0,25.6,1003.6,17.3,0.0,SE,1.4,Aotizhongxin,2013-05-25 20:00:00
2062,2013,5,25,21,71.0,238.0,22.0,67.0,900.0,98.0,24.6,1004.0,18.3,0.0,SE,1.8,Aotizhongxin,2013-05-25 21:00:00
2063,2013,5,25,22,68.0,147.0,15.0,70.0,600.0,35.0,23.7,1004.0,18.3,0.0,S,0.8,Aotizhongxin,2013-05-25 22:00:00
2064,2013,5,25,23,73.0,151.0,13.0,79.0,700.0,4.0,22.4,1003.7,18.4,0.0,SE,0.7,Aotizhongxin,2013-05-25 23:00:00
2065,2013,5,26,0,72.0,153.0,11.0,80.0,800.0,2.0,22.6,1003.7,18.2,0.0,SE,1.7,Aotizhongxin,2013-05-26 00:00:00
2066,2013,5,26,1,83.0,128.0,10.0,79.0,1000.0,2.0,21.5,1003.1,18.1,0.0,ESE,1.5,Aotizhongxin,2013-05-26 01:00:00
2067,2013,5,26,2,110.0,129.0,11.0,68.0,700.0,5.0,20.9,1002.9,17.1,0.0,ESE,0.7,Aotizhongxin,2013-05-26 02:00:00
2068,2013,5,26,3,92.0,96.0,11.0,50.0,600.0,21.0,20.6,1002.5,17.4,0.0,NE,0.9,Aotizhongxin,2013-05-26 03:00:00
2069,2013,5,26,4,90.0,102.0,11.0,38.0,800.0,25.0,20.3,1002.6,17.5,0.0,NE,1.3,Aotizhongxin,2013-05-26 04:00:00
2070,2013,5,26,5,91.0,110.0,11.0,40.0,1200.0,15.0,20.6,1002.9,17.4,0.0,NE,1.4,Aotizhongxin,2013-05-26 05:00:00
2071,2013,5,26,6,121.0,135.0,11.0,66.0,1800.0,2.0,21.2,1003.1,17.6,0.0,NE,0.9,Aotizhongxin,2013-05-26 06:00:00
2072,2013,5,26,7,115.0,148.0,12.0,69.0,1600.0,2.0,22.3,1003.1,17.7,0.0,NE,1.5,Aotizhongxin,2013-05-26 07:00:00
2073,2013,5,26,8,118.0,162.0,12.0,59.0,1399.0,3.0,22.5,1003.1,17.8,0.0,NE,1.2,Aotizhongxin,2013-05-26 08:00:00
2074,2013,5,26,9,102.0,110.0,12.0,60.0,1399.0,14.0,22.5,1003.4,17.6,0.0,SSE,1.1,Aotizhongxin,2013-05-26 09:00:00
2075,2013,5,26,10,99.0,138.0,13.0,66.0,1700.0,2.0,22.6,1002.9,18.4,0.0,E,0.5,Aotizhongxin,2013-05-26 10:00:00
2076,2013,5,26,11,111.0,139.0,14.0,73.0,1800.0,11.0,23.2,1002.6,17.4,0.0,ENE,1.2,Aotizhongxin,2013-05-26 11:00:00
2077,2013,5,26,12,102.0,130.0,13.0,65.0,1899.0,26.0,23.0,1002.3,18.3,0.0,SSE,1.4,Aotizhongxin,2013-05-26 12:00:00
2078,2013,5,26,13,119.0,167.0,14.0,67.0,2500.0,25.0,22.1,1002.0,17.9,0.0,SE,1.4,Aotizhongxin,2013-05-26 13:00:00
2079,2013,5,26,14,136.0,174.0,13.0,68.0,2899.0,28.0,22.9,1001.7,17.8,0.0,SSE,2.1,Aotizhongxin,2013-05-26 14:00:00
2080,2013,5,26,15,141.0,151.0,13.0,51.0,2299.0,47.0,22.1,1002.0,17.2,0.0,SSE,1.0,Aotizhongxin,2013-05-26 15:00:00
2081,2013,5,26,16,144.0,170.0,14.0,58.0,2500.0,40.0,21.6,1002.5,16.8,0.0,SSE,1.9,Aotizhongxin,2013-05-26 16:00:00
2082,2013,5,26,17,119.0,121.0,14.0,48.0,1700.0,38.0,21.3,1002.5,17.3,0.0,SSE,1.6,Aotizhongxin,2013-05-26 17:00:00
2083,2013,5,26,18,98.0,121.0,13.0,36.0,1200.0,39.0,20.6,1003.2,17.2,0.0,ESE,2.5,Aotizhongxin,2013-05-26 18:00:00
2084,2013,5,26,19,63.0,68.0,11.0,31.0,900.0,29.0,19.6,1004.1,17.2,0.0,SE,1.2,Aotizhongxin,2013-05-26 19:00:00
2085,2013,5,26,20,67.0,68.0,11.0,45.0,1100.0,9.0,18.9,1004.9,16.5,0.0,SE,2.4,Aotizhongxin,2013-05-26 20:00:00
2086,2013,5,26,21,51.0,54.0,12.0,44.0,500.0,27.0,18.1,1005.3,17.1,0.1,NNE,0.6,Aotizhongxin,2013-05-26 21:00:00
2087,2013,5,26,22,48.0,54.0,11.0,37.0,300.0,28.0,17.1,1005.5,16.1,0.4,SE,1.3,Aotizhongxin,2013-05-26 22:00:00
2088,2013,5,26,23,44.0,18.0,10.0,37.0,200.0,25.0,16.8,1005.6,15.8,0.1,ESE,0.8,Aotizhongxin,2013-05-26 23:00:00
2089,2013,5,27,0,36.0,36.0,9.0,24.0,200.0,38.0,16.7,1004.8,16.1,0.6,ENE,0.8,Aotizhongxin,2013-05-27 00:00:00
2090,2013,5,27,1,44.0,17.0,10.0,24.0,300.0,37.0,16.6,1004.3,16.1,1.2,ESE,0.7,Aotizhongxin,2013-05-27 01:00:00
2091,2013,5,27,2,35.0,44.0,10.0,31.0,400.0,19.5,16.4,1003.2,15.9,0.2,ENE,0.8,Aotizhongxin,2013-05-27 02:00:00
2092,2013,5,27,3,38.0,46.0,10.0,34.0,500.0,2.0,16.5,1003.6,16.0,0.1,E,0.7,Aotizhongxin,2013-05-27 03:00:00
2093,2013,5,27,4,57.0,46.0,10.0,36.0,500.0,2.0,16.4,1003.5,15.9,0.4,NE,0.7,Aotizhongxin,2013-05-27 04:00:00
2094,2013,5,27,5,46.0,48.0,9.0,44.0,500.0,8.0,16.6,1003.4,16.3,0.1,NNE,1.2,Aotizhongxin,2013-05-27 05:00:00
2095,2013,5,27,6,57.0,48.0,9.0,36.0,400.0,14.0,16.7,1003.7,16.2,0.0,NE,1.3,Aotizhongxin,2013-05-27 06:00:00
2096,2013,5,27,7,52.0,29.0,8.0,40.0,400.0,15.0,16.8,1004.3,16.0,0.0,E,0.9,Aotizhongxin,2013-05-27 07:00:00
2097,2013,5,27,8,36.0,42.0,7.0,41.0,500.0,19.0,17.4,1003.9,16.1,0.0,NE,1.9,Aotizhongxin,2013-05-27 08:00:00
2098,2013,5,27,9,38.0,43.0,9.0,50.0,600.0,15.0,18.6,1003.5,16.4,0.0,ENE,1.1,Aotizhongxin,2013-05-27 09:00:00
2099,2013,5,27,10,57.0,43.0,9.0,54.0,800.0,20.0,19.2,1003.6,16.2,0.0,N,1.2,Aotizhongxin,2013-05-27 10:00:00
2100,2013,5,27,11,60.0,44.0,7.0,46.0,800.0,27.0,19.6,1002.5,16.2,0.0,WNW,1.6,Aotizhongxin,2013-05-27 11:00:00
2101,2013,5,27,12,67.0,407.0,9.0,54.0,1200.0,34.0,19.8,1001.9,16.4,0.0,WSW,1.8,Aotizhongxin,2013-05-27 12:00:00
2102,2013,5,27,13,73.0,74.0,3.0,57.0,1000.0,50.0,20.2,1001.3,16.2,0.0,WNW,1.3,Aotizhongxin,2013-05-27 13:00:00
2103,2013,5,27,14,87.0,99.0,4.0,56.0,1000.0,60.0,20.6,1000.6,16.0,0.0,WSW,2.0,Aotizhongxin,2013-05-27 14:00:00
2104,2013,5,27,15,83.0,105.0,8.0,65.0,1000.0,54.0,22.1,1000.6,15.9,0.0,W,1.5,Aotizhongxin,2013-05-27 15:00:00
2105,2013,5,27,16,86.0,92.0,9.0,68.0,1000.0,56.0,22.2,1000.0,16.2,0.0,W,1.1,Aotizhongxin,2013-05-27 16:00:00
2106,2013,5,27,17,85.0,95.0,8.0,67.0,1000.0,64.0,21.6,999.9,16.8,0.0,W,0.7,Aotizhongxin,2013-05-27 17:00:00
2107,2013,5,27,18,89.0,90.0,6.0,71.0,1000.0,61.0,20.6,1000.5,17.0,0.0,SW,1.0,Aotizhongxin,2013-05-27 18:00:00
2108,2013,5,27,19,94.0,95.0,4.0,67.0,1000.0,63.0,20.1,1000.6,16.7,0.0,N,0.4,Aotizhongxin,2013-05-27 19:00:00
2109,2013,5,27,20,88.0,108.0,3.0,67.0,900.0,56.0,19.3,1001.3,17.6,0.0,NNW,0.5,Aotizhongxin,2013-05-27 20:00:00
2110,2013,5,27,21,100.0,110.0,4.0,78.0,1100.0,41.0,18.9,1000.6,17.6,0.0,WSW,1.0,Aotizhongxin,2013-05-27 21:00:00
2111,2013,5,27,22,100.0,152.0,4.0,97.0,1300.0,12.0,18.5,999.6,17.2,0.0,SSE,0.5,Aotizhongxin,2013-05-27 22:00:00
2112,2013,5,27,23,107.0,79.0,3.0,80.0,1500.0,11.0,19.1,999.7,17.1,0.0,SSW,1.6,Aotizhongxin,2013-05-27 23:00:00
2113,2013,5,28,0,94.0,122.0,3.0,58.0,1200.0,24.0,18.8,998.8,16.9,0.0,SSW,1.2,Aotizhongxin,2013-05-28 00:00:00
2114,2013,5,28,1,78.0,83.0,3.0,65.0,1300.0,16.0,18.5,998.8,17.0,0.0,SW,1.8,Aotizhongxin,2013-05-28 01:00:00
2115,2013,5,28,2,64.0,69.0,3.0,50.0,1500.0,23.0,18.0,999.1,16.8,0.0,WSW,1.1,Aotizhongxin,2013-05-28 02:00:00
2116,2013,5,28,3,65.0,82.0,3.0,52.0,1100.0,24.0,17.8,998.8,16.7,0.0,WSW,1.2,Aotizhongxin,2013-05-28 03:00:00
2117,2013,5,28,4,95.0,78.0,3.0,53.0,900.0,19.0,17.8,999.4,17.0,0.0,W,0.6,Aotizhongxin,2013-05-28 04:00:00
2118,2013,5,28,5,72.0,84.0,3.0,61.0,800.0,11.0,17.9,999.2,17.4,0.6,N,0.5,Aotizhongxin,2013-05-28 05:00:00
2119,2013,5,28,6,73.0,91.0,3.0,56.0,800.0,11.0,17.9,999.5,17.4,0.3,NE,0.7,Aotizhongxin,2013-05-28 06:00:00
2120,2013,5,28,7,79.0,100.0,3.0,64.0,900.0,3.0,18.1,1000.0,17.6,0.2,W,0.9,Aotizhongxin,2013-05-28 07:00:00
2121,2013,5,28,8,103.0,73.0,3.0,70.0,1000.0,2.0,18.3,1000.9,17.8,0.4,SW,1.3,Aotizhongxin,2013-05-28 08:00:00
2122,2013,5,28,9,99.0,111.0,3.0,71.0,1300.0,2.0,18.6,1001.2,17.9,0.2,SW,0.5,Aotizhongxin,2013-05-28 09:00:00
2123,2013,5,28,10,87.0,108.0,5.0,76.0,1399.0,2.0,19.1,1000.5,18.3,0.2,ENE,1.0,Aotizhongxin,2013-05-28 10:00:00
2124,2013,5,28,11,71.0,109.0,3.0,81.0,1000.0,12.0,20.1,1000.4,18.4,0.0,WSW,1.1,Aotizhongxin,2013-05-28 11:00:00
2125,2013,5,28,12,35.0,55.0,3.0,87.0,1000.0,12.0,20.0,1000.7,17.4,0.0,WSW,1.7,Aotizhongxin,2013-05-28 12:00:00
2126,2013,5,28,13,58.0,55.0,4.0,77.0,800.0,22.0,20.3,1000.3,17.5,0.0,SSW,1.4,Aotizhongxin,2013-05-28 13:00:00
2127,2013,5,28,14,62.0,63.0,4.0,90.0,1000.0,17.0,20.7,1000.6,17.5,0.0,SW,1.9,Aotizhongxin,2013-05-28 14:00:00
2128,2013,5,28,15,59.0,93.0,3.0,96.0,900.0,22.0,21.4,1000.1,17.8,0.0,SW,4.1,Aotizhongxin,2013-05-28 15:00:00
2129,2013,5,28,16,59.0,77.0,4.0,64.0,600.0,44.0,22.7,999.0,17.6,0.0,SW,3.0,Aotizhongxin,2013-05-28 16:00:00
2130,2013,5,28,17,56.0,95.0,4.0,55.0,600.0,40.0,22.3,998.8,17.2,0.0,SW,3.8,Aotizhongxin,2013-05-28 17:00:00
2131,2013,5,28,18,52.0,65.0,5.0,53.0,600.0,44.0,21.5,998.9,16.9,0.0,SW,2.9,Aotizhongxin,2013-05-28 18:00:00
2132,2013,5,28,19,44.0,51.0,4.0,62.0,500.0,39.0,20.6,999.5,17.0,0.0,WSW,1.7,Aotizhongxin,2013-05-28 19:00:00
2133,2013,5,28,20,56.0,93.0,3.0,71.0,600.0,28.0,18.5,1000.8,17.0,0.0,SW,0.2,Aotizhongxin,2013-05-28 20:00:00
2134,2013,5,28,21,72.0,139.0,3.0,76.0,700.0,16.0,18.9,1001.9,16.3,0.0,NNE,1.4,Aotizhongxin,2013-05-28 21:00:00
2135,2013,5,28,22,83.0,102.0,3.0,87.0,900.0,5.0,21.1,1002.5,5.4,0.0,N,4.7,Aotizhongxin,2013-05-28 22:00:00
2136,2013,5,28,23,74.0,93.0,3.0,107.0,900.0,2.0,22.5,1003.0,0.9,0.0,NNW,2.7,Aotizhongxin,2013-05-28 23:00:00
2137,2013,5,29,0,54.0,93.0,5.0,68.0,500.0,25.0,22.1,1003.6,2.2,0.0,N,3.9,Aotizhongxin,2013-05-29 00:00:00
2138,2013,5,29,1,34.0,174.0,3.0,22.0,200.0,55.0,21.0,1003.9,4.1,0.0,NNW,2.3,Aotizhongxin,2013-05-29 01:00:00
2139,2013,5,29,2,14.0,96.0,3.0,27.0,200.0,53.0,20.0,1004.4,4.9,0.0,N,1.7,Aotizhongxin,2013-05-29 02:00:00
2140,2013,5,29,3,7.0,56.0,4.0,25.0,200.0,53.0,20.2,1004.5,4.6,0.0,NNW,4.0,Aotizhongxin,2013-05-29 03:00:00
2141,2013,5,29,4,5.0,35.0,4.0,25.0,200.0,50.0,19.6,1004.8,5.3,0.0,NE,1.9,Aotizhongxin,2013-05-29 04:00:00
2142,2013,5,29,5,6.0,26.0,5.0,23.0,200.0,49.0,18.9,1005.6,6.0,0.0,N,1.2,Aotizhongxin,2013-05-29 05:00:00
2143,2013,5,29,6,7.0,21.0,4.0,23.0,200.0,47.0,18.4,1006.2,7.8,0.0,NE,1.2,Aotizhongxin,2013-05-29 06:00:00
2144,2013,5,29,7,10.0,24.0,5.0,34.0,200.0,38.0,21.5,1006.4,5.0,0.0,NNW,2.7,Aotizhongxin,2013-05-29 07:00:00
2145,2013,5,29,8,7.0,31.0,4.0,32.0,300.0,46.0,23.7,1006.0,4.1,0.0,N,3.5,Aotizhongxin,2013-05-29 08:00:00
2146,2013,5,29,9,7.0,21.0,4.0,18.0,200.0,63.0,24.8,1005.8,3.4,0.0,NNW,2.8,Aotizhongxin,2013-05-29 09:00:00
2147,2013,5,29,10,6.0,27.0,5.0,20.0,300.0,70.0,25.8,1005.1,4.3,0.0,NW,2.7,Aotizhongxin,2013-05-29 10:00:00
2148,2013,5,29,11,9.0,11.0,6.0,14.0,200.0,82.0,26.8,1004.7,1.2,0.0,WNW,3.5,Aotizhongxin,2013-05-29 11:00:00
2149,2013,5,29,12,8.0,16.0,4.0,14.0,200.0,94.0,27.9,1004.4,0.6,0.0,WNW,3.3,Aotizhongxin,2013-05-29 12:00:00
2150,2013,5,29,13,9.0,23.0,3.0,13.0,200.0,106.0,28.6,1003.3,0.3,0.0,W,3.1,Aotizhongxin,2013-05-29 13:00:00
2151,2013,5,29,14,8.0,40.0,3.0,12.0,200.0,113.0,29.5,1002.9,1.0,0.0,NW,3.0,Aotizhongxin,2013-05-29 14:00:00
2152,2013,5,29,15,8.0,38.0,4.0,13.0,200.0,117.0,30.4,1002.3,-0.1,0.0,WNW,2.5,Aotizhongxin,2013-05-29 15:00:00
2153,2013,5,29,16,13.0,39.0,5.0,14.0,300.0,120.0,30.3,1002.1,-0.2,0.0,W,2.4,Aotizhongxin,2013-05-29 16:00:00
2154,2013,5,29,17,5.0,45.0,4.0,17.0,300.0,118.0,30.1,1001.7,-0.3,0.0,WSW,2.7,Aotizhongxin,2013-05-29 17:00:00
2155,2013,5,29,18,13.0,22.0,4.0,21.0,300.0,116.0,27.2,1001.8,5.5,0.0,SW,4.7,Aotizhongxin,2013-05-29 18:00:00
2156,2013,5,29,19,18.0,117.0,4.0,48.0,300.0,109.0,25.4,1002.2,6.6,0.0,SW,3.9,Aotizhongxin,2013-05-29 19:00:00
2157,2013,5,29,20,18.0,117.0,4.0,48.0,300.0,116.0,23.7,1002.5,7.7,0.0,SW,2.3,Aotizhongxin,2013-05-29 20:00:00
2158,2013,5,29,21,27.0,123.0,11.0,55.0,400.0,94.0,23.3,1002.7,8.2,0.0,SSW,2.7,Aotizhongxin,2013-05-29 21:00:00
2159,2013,5,29,22,33.0,115.0,17.0,76.0,500.0,64.0,19.9,1002.9,10.0,0.0,SSW,0.7,Aotizhongxin,2013-05-29 22:00:00
2160,2013,5,29,23,37.0,81.0,14.0,94.0,500.0,42.0,16.8,1003.0,10.4,0.0,WSW,0.0,Aotizhongxin,2013-05-29 23:00:00
2161,2013,5,30,0,39.0,122.0,14.0,116.0,500.0,16.0,15.2,1003.0,11.6,0.0,WSW,0.0,Aotizhongxin,2013-05-30 00:00:00
2162,2013,5,30,1,41.0,125.0,14.0,120.0,500.0,7.0,14.1,1002.7,10.5,0.0,ESE,0.4,Aotizhongxin,2013-05-30 01:00:00
2163,2013,5,30,2,44.0,66.0,13.0,115.0,500.0,5.0,13.6,1002.9,11.8,0.0,NW,0.0,Aotizhongxin,2013-05-30 02:00:00
2164,2013,5,30,3,43.0,138.0,14.0,108.0,600.0,4.0,13.9,1002.9,8.7,0.0,ENE,0.6,Aotizhongxin,2013-05-30 03:00:00
2165,2013,5,30,4,48.0,116.0,18.0,103.0,700.0,4.0,14.3,1003.4,9.7,0.0,ENE,0.7,Aotizhongxin,2013-05-30 04:00:00
2166,2013,5,30,5,44.0,180.0,20.0,97.0,600.0,3.0,14.4,1003.6,9.8,0.0,N,0.4,Aotizhongxin,2013-05-30 05:00:00
2167,2013,5,30,6,41.0,105.0,21.0,91.0,500.0,6.0,17.2,1004.0,5.8,0.0,E,1.1,Aotizhongxin,2013-05-30 06:00:00
2168,2013,5,30,7,31.0,84.0,21.0,70.0,400.0,24.0,20.4,1004.2,5.6,0.0,NE,1.7,Aotizhongxin,2013-05-30 07:00:00
2169,2013,5,30,8,39.0,149.0,20.0,75.0,500.0,29.0,24.1,1003.9,8.1,0.0,NE,0.8,Aotizhongxin,2013-05-30 08:00:00
2170,2013,5,30,9,47.0,151.0,19.0,85.0,500.0,39.0,26.4,1002.7,6.9,0.0,NNW,1.0,Aotizhongxin,2013-05-30 09:00:00
2171,2013,5,30,10,56.0,129.0,24.0,111.0,800.0,42.0,28.5,1002.1,8.2,0.0,SW,1.6,Aotizhongxin,2013-05-30 10:00:00
2172,2013,5,30,11,55.0,132.0,21.0,101.0,700.0,62.0,30.6,1001.0,8.3,0.0,SSW,1.5,Aotizhongxin,2013-05-30 11:00:00
2173,2013,5,30,12,78.0,137.0,20.0,122.0,800.0,96.0,32.2,999.8,10.8,0.0,SSW,2.4,Aotizhongxin,2013-05-30 12:00:00
2174,2013,5,30,13,107.0,171.0,22.0,144.0,900.0,140.0,33.0,998.9,8.4,0.0,SSW,3.3,Aotizhongxin,2013-05-30 13:00:00
2175,2013,5,30,14,76.0,134.0,21.0,72.0,600.0,208.0,33.4,998.3,5.8,0.0,SW,4.3,Aotizhongxin,2013-05-30 14:00:00
2176,2013,5,30,15,76.0,134.0,21.0,72.0,500.0,193.851,33.7,997.8,4.4,0.0,SW,5.9,Aotizhongxin,2013-05-30 15:00:00
2177,2013,5,30,16,38.0,134.0,16.0,32.0,400.0,210.0,33.3,997.5,5.8,0.0,WSW,5.9,Aotizhongxin,2013-05-30 16:00:00
2178,2013,5,30,17,38.0,134.0,16.0,33.0,450.0,205.2036,32.2,997.2,9.1,0.0,SW,3.7,Aotizhongxin,2013-05-30 17:00:00
2179,2013,5,30,18,54.0,157.0,20.0,48.0,500.0,200.0,30.5,997.3,9.4,0.0,SSW,3.2,Aotizhongxin,2013-05-30 18:00:00
2180,2013,5,30,19,68.0,212.0,26.0,50.0,600.0,206.0,29.6,997.9,9.7,0.0,SW,5.1,Aotizhongxin,2013-05-30 19:00:00
2181,2013,5,30,20,65.0,140.0,22.0,52.0,900.0,194.0,28.2,998.0,10.8,0.0,SW,5.1,Aotizhongxin,2013-05-30 20:00:00
2182,2013,5,30,21,67.0,185.0,28.0,47.0,1100.0,171.0,27.3,998.0,10.5,0.0,SW,4.8,Aotizhongxin,2013-05-30 21:00:00
2183,2013,5,30,22,66.0,155.0,35.0,48.0,900.0,149.0,26.2,997.7,10.8,0.0,SW,2.3,Aotizhongxin,2013-05-30 22:00:00
2184,2013,5,30,23,63.0,157.0,32.0,45.0,700.0,140.0,25.5,997.5,9.7,0.0,WSW,3.0,Aotizhongxin,2013-05-30 23:00:00
2185,2013,5,31,0,54.0,118.0,32.0,46.0,600.0,122.0,24.2,997.3,10.1,0.0,WSW,1.9,Aotizhongxin,2013-05-31 00:00:00
2186,2013,5,31,1,49.0,134.0,29.0,50.0,500.0,106.0,23.1,997.6,10.5,0.0,SW,2.2,Aotizhongxin,2013-05-31 01:00:00
2187,2013,5,31,2,45.0,122.0,23.0,50.0,400.0,94.0,19.2,997.5,12.0,0.0,SW,1.2,Aotizhongxin,2013-05-31 02:00:00
2188,2013,5,31,3,47.0,130.0,20.0,48.0,400.0,92.0,18.4,997.3,12.8,0.0,WSW,0.6,Aotizhongxin,2013-05-31 03:00:00
2189,2013,5,31,4,54.0,138.0,21.0,56.0,500.0,78.0,18.4,997.6,13.7,0.0,SSW,1.1,Aotizhongxin,2013-05-31 04:00:00
2190,2013,5,31,5,62.0,131.0,19.0,54.0,500.0,68.0,20.1,998.4,14.5,0.0,WSW,1.8,Aotizhongxin,2013-05-31 05:00:00
2191,2013,5,31,6,75.0,163.0,17.0,55.0,600.0,60.0,20.5,998.4,15.1,0.0,SW,1.6,Aotizhongxin,2013-05-31 06:00:00
2192,2013,5,31,7,90.0,117.0,20.0,57.0,700.0,56.0,21.8,998.8,14.9,0.0,W,1.0,Aotizhongxin,2013-05-31 07:00:00
2193,2013,5,31,8,98.0,201.0,28.0,68.0,1000.0,52.0,24.5,998.3,14.9,0.0,ENE,0.7,Aotizhongxin,2013-05-31 08:00:00
2194,2013,5,31,9,101.0,161.0,37.0,75.0,900.0,59.0,25.3,998.1,14.7,0.0,NW,1.0,Aotizhongxin,2013-05-31 09:00:00
2195,2013,5,31,10,108.0,162.0,43.0,68.0,800.0,84.0,26.3,998.0,16.2,0.0,SSW,1.6,Aotizhongxin,2013-05-31 10:00:00
2196,2013,5,31,11,108.0,161.0,44.0,68.0,900.0,98.0,26.9,997.4,15.9,0.0,SSW,1.8,Aotizhongxin,2013-05-31 11:00:00
2197,2013,5,31,12,114.0,179.0,41.0,58.0,800.0,137.0,28.3,997.0,16.9,0.0,SW,3.1,Aotizhongxin,2013-05-31 12:00:00
2198,2013,5,31,13,117.0,179.0,44.0,47.0,900.0,186.0,28.7,995.8,17.6,0.0,SSW,2.9,Aotizhongxin,2013-05-31 13:00:00
2199,2013,5,31,14,115.0,168.0,54.0,46.0,1100.0,198.0,29.3,995.2,17.2,0.0,SSW,2.2,Aotizhongxin,2013-05-31 14:00:00
2200,2013,5,31,15,116.0,176.0,67.0,46.0,1300.0,213.0,29.0,994.7,16.9,0.0,SSW,3.0,Aotizhongxin,2013-05-31 15:00:00
2201,2013,5,31,16,114.0,169.0,71.0,49.0,1300.0,223.0,28.3,994.7,17.2,0.0,SSW,3.2,Aotizhongxin,2013-05-31 16:00:00
2202,2013,5,31,17,115.0,169.0,72.0,50.0,1250.0,220.4118,27.2,994.7,17.1,0.0,SW,4.5,Aotizhongxin,2013-05-31 17:00:00
2203,2013,5,31,18,117.0,180.0,43.0,55.0,1200.0,205.0,26.0,995.3,17.4,0.0,SW,2.8,Aotizhongxin,2013-05-31 18:00:00
2204,2013,5,31,19,115.0,186.0,23.0,50.0,1000.0,191.0,25.4,996.0,17.8,0.0,SW,1.5,Aotizhongxin,2013-05-31 19:00:00
2205,2013,5,31,20,118.0,182.0,10.0,41.0,900.0,173.0,24.4,997.4,18.1,0.0,S,1.2,Aotizhongxin,2013-05-31 20:00:00
2206,2013,5,31,21,118.0,173.0,7.0,38.0,700.0,150.0,23.8,997.3,18.0,0.0,SSW,0.7,Aotizhongxin,2013-05-31 21:00:00
2207,2013,5,31,22,113.0,156.0,5.0,44.0,700.0,118.0,22.3,997.6,18.1,0.0,SSW,0.0,Aotizhongxin,2013-05-31 22:00:00
2208,2013,5,31,23,110.0,149.0,4.0,49.0,700.0,95.0,20.9,997.9,18.3,0.0,NW,0.6,Aotizhongxin,2013-05-31 23:00:00
2209,2013,6,1,0,115.0,152.0,4.0,54.0,700.0,79.0,20.0,998.0,18.5,0.0,WSW,0.0,Aotizhongxin,2013-06-01 00:00:00
2210,2013,6,1,1,114.0,147.0,3.0,59.0,800.0,60.0,19.5,998.5,18.5,0.0,NNW,0.5,Aotizhongxin,2013-06-01 01:00:00
2211,2013,6,1,2,123.0,176.0,3.0,90.0,800.0,28.0,18.5,998.5,17.3,0.0,NNE,0.8,Aotizhongxin,2013-06-01 02:00:00
2212,2013,6,1,3,135.0,169.0,3.0,118.0,900.0,8.0,18.2,999.1,17.0,0.0,NE,0.8,Aotizhongxin,2013-06-01 03:00:00
2213,2013,6,1,4,127.0,219.0,4.0,117.0,1000.0,2.0,18.4,999.9,17.2,0.0,NE,0.9,Aotizhongxin,2013-06-01 04:00:00
2214,2013,6,1,5,133.0,216.0,5.0,115.0,1000.0,2.0,19.0,1001.0,17.1,0.0,NNE,1.3,Aotizhongxin,2013-06-01 05:00:00
2215,2013,6,1,6,139.0,216.0,6.0,110.0,1000.0,3.0,20.5,1001.5,16.5,0.0,NNE,1.7,Aotizhongxin,2013-06-01 06:00:00
2216,2013,6,1,7,134.0,218.0,12.0,101.0,900.0,8.0,22.7,1001.9,15.0,0.0,NNE,1.8,Aotizhongxin,2013-06-01 07:00:00
2217,2013,6,1,8,124.0,193.0,20.0,86.0,800.0,42.0,26.7,1001.9,5.6,0.0,NNE,2.4,Aotizhongxin,2013-06-01 08:00:00
2218,2013,6,1,9,99.0,194.0,36.0,58.0,600.0,80.0,28.6,1001.9,6.0,0.0,ESE,1.5,Aotizhongxin,2013-06-01 09:00:00
2219,2013,6,1,10,92.0,69.0,22.0,42.0,500.0,102.0,29.8,1001.6,0.4,0.0,ENE,2.1,Aotizhongxin,2013-06-01 10:00:00
2220,2013,6,1,11,53.0,44.0,9.0,23.0,400.0,119.0,30.8,1001.2,-0.8,0.0,NNW,1.8,Aotizhongxin,2013-06-01 11:00:00
2221,2013,6,1,12,27.0,27.0,5.0,19.0,300.0,123.0,30.2,1000.9,0.7,0.0,NNE,0.7,Aotizhongxin,2013-06-01 12:00:00
2222,2013,6,1,13,27.0,34.0,3.0,18.0,300.0,139.0,29.9,1000.4,1.3,0.0,E,0.9,Aotizhongxin,2013-06-01 13:00:00
2223,2013,6,1,14,18.0,50.0,4.0,25.0,300.0,150.0,30.6,999.8,8.3,0.0,SSW,0.5,Aotizhongxin,2013-06-01 14:00:00
2224,2013,6,1,15,23.0,50.0,4.0,29.0,300.0,145.0,30.5,1000.4,5.7,0.0,ESE,1.7,Aotizhongxin,2013-06-01 15:00:00
2225,2013,6,1,16,16.0,38.0,4.0,28.0,300.0,146.0,29.7,1001.0,5.0,0.0,N,3.5,Aotizhongxin,2013-06-01 16:00:00
2226,2013,6,1,17,17.0,39.0,3.0,26.0,200.0,139.0,27.9,1001.1,7.2,0.0,NNE,2.7,Aotizhongxin,2013-06-01 17:00:00
2227,2013,6,1,18,3.0,140.0,4.0,27.0,300.0,117.0,26.3,1002.2,8.3,0.0,NE,0.6,Aotizhongxin,2013-06-01 18:00:00
2228,2013,6,1,19,10.0,37.0,4.0,28.0,200.0,100.0,24.0,1001.7,12.6,0.0,E,0.5,Aotizhongxin,2013-06-01 19:00:00
2229,2013,6,1,20,20.0,79.0,3.0,31.0,300.0,96.0,24.8,1002.2,9.5,0.0,SSE,2.2,Aotizhongxin,2013-06-01 20:00:00
2230,2013,6,1,21,48.0,150.0,14.0,107.0,800.0,54.0,23.5,1002.4,7.1,0.0,S,1.2,Aotizhongxin,2013-06-01 21:00:00
2231,2013,6,1,22,41.0,149.0,25.0,76.0,500.0,70.0,21.4,1002.9,10.8,0.0,WSW,0.5,Aotizhongxin,2013-06-01 22:00:00
2232,2013,6,1,23,41.0,146.0,22.0,78.0,500.0,66.0,20.7,1002.9,11.3,0.0,SE,0.6,Aotizhongxin,2013-06-01 23:00:00
2233,2013,6,2,0,54.0,91.0,28.0,67.0,700.0,76.0,20.6,1001.9,11.8,0.0,SE,2.0,Aotizhongxin,2013-06-02 00:00:00
2234,2013,6,2,1,61.0,104.0,35.0,84.0,800.0,48.0,19.7,1001.9,13.6,0.0,SSE,1.2,Aotizhongxin,2013-06-02 01:00:00
2235,2013,6,2,2,60.0,101.0,32.0,88.0,700.0,34.0,18.0,1001.4,14.1,0.0,W,0.5,Aotizhongxin,2013-06-02 02:00:00
2236,2013,6,2,3,64.0,109.0,33.0,78.0,900.0,38.0,17.2,1001.4,13.5,0.0,NNE,0.8,Aotizhongxin,2013-06-02 03:00:00
2237,2013,6,2,4,70.0,119.0,32.0,83.0,1200.0,24.0,17.7,1001.5,11.5,0.0,ENE,0.7,Aotizhongxin,2013-06-02 04:00:00
2238,2013,6,2,5,119.0,212.0,26.0,70.0,1500.0,34.0,17.3,1001.4,13.4,0.0,ESE,0.0,Aotizhongxin,2013-06-02 05:00:00
2239,2013,6,2,6,151.0,260.0,24.0,79.0,1800.0,24.0,19.7,1001.7,12.5,0.0,SW,0.9,Aotizhongxin,2013-06-02 06:00:00
2240,2013,6,2,7,202.0,244.0,17.0,71.0,1800.0,36.0,20.5,1001.0,14.2,0.0,SW,0.9,Aotizhongxin,2013-06-02 07:00:00
2241,2013,6,2,8,211.0,242.0,16.0,62.0,1700.0,56.0,21.4,1001.2,15.5,0.0,NW,0.9,Aotizhongxin,2013-06-02 08:00:00
2242,2013,6,2,9,230.0,234.0,17.0,62.0,1800.0,67.0,21.6,1000.7,16.5,0.0,NNE,1.6,Aotizhongxin,2013-06-02 09:00:00
2243,2013,6,2,10,228.0,230.0,11.0,68.0,2299.0,52.0,22.1,1000.1,17.7,0.0,NNE,0.9,Aotizhongxin,2013-06-02 10:00:00
2244,2013,6,2,11,232.0,238.0,6.0,75.0,2600.0,42.0,22.7,999.7,17.6,0.0,SE,1.8,Aotizhongxin,2013-06-02 11:00:00
2245,2013,6,2,12,250.0,267.0,6.0,74.0,2700.0,47.0,24.1,998.2,18.3,0.0,SE,1.2,Aotizhongxin,2013-06-02 12:00:00
2246,2013,6,2,13,221.0,249.0,8.0,67.0,2600.0,71.0,25.3,997.9,18.7,0.0,ESE,1.3,Aotizhongxin,2013-06-02 13:00:00
2247,2013,6,2,14,229.0,255.0,14.0,62.0,2600.0,102.0,25.6,997.1,18.8,0.0,SE,1.9,Aotizhongxin,2013-06-02 14:00:00
2248,2013,6,2,15,235.0,263.0,11.0,57.0,1899.0,116.0,25.6,996.4,19.0,0.0,E,1.5,Aotizhongxin,2013-06-02 15:00:00
2249,2013,6,2,16,184.0,264.0,9.0,49.0,1500.0,115.0,25.8,995.9,19.4,0.0,ESE,1.5,Aotizhongxin,2013-06-02 16:00:00
2250,2013,6,2,17,152.0,138.0,8.0,54.0,1200.0,122.0,25.9,995.7,19.3,0.0,ENE,1.3,Aotizhongxin,2013-06-02 17:00:00
2251,2013,6,2,18,121.0,140.0,7.0,61.0,1000.0,137.0,24.4,996.3,18.1,0.0,N,2.0,Aotizhongxin,2013-06-02 18:00:00
2252,2013,6,2,19,121.0,134.0,6.0,57.0,1000.0,140.0,23.4,996.8,18.5,0.0,NE,0.8,Aotizhongxin,2013-06-02 19:00:00
2253,2013,6,2,20,121.0,133.0,6.0,69.0,1000.0,112.0,22.9,997.7,18.4,0.0,NNE,1.2,Aotizhongxin,2013-06-02 20:00:00
2254,2013,6,2,21,122.0,134.0,6.0,66.0,1000.0,91.0,22.8,998.3,18.3,0.0,NNE,1.1,Aotizhongxin,2013-06-02 21:00:00
2255,2013,6,2,22,118.0,118.0,6.0,63.0,1300.0,78.0,21.8,998.3,18.0,0.0,NNE,0.5,Aotizhongxin,2013-06-02 22:00:00
2256,2013,6,2,23,133.0,134.0,5.0,59.0,1500.0,74.0,20.9,998.0,18.1,0.0,E,0.6,Aotizhongxin,2013-06-02 23:00:00
2257,2013,6,3,0,133.0,134.0,5.0,59.0,1500.0,74.0,20.3,997.7,17.9,0.0,NNE,0.4,Aotizhongxin,2013-06-03 00:00:00
2258,2013,6,3,1,126.0,146.0,3.0,53.0,1399.0,67.0,19.7,997.4,17.8,0.0,ENE,0.1,Aotizhongxin,2013-06-03 01:00:00
2259,2013,6,3,2,129.0,155.0,4.0,66.0,1399.0,44.0,18.8,997.4,17.6,0.0,E,0.1,Aotizhongxin,2013-06-03 02:00:00
2260,2013,6,3,3,136.0,160.0,6.0,96.0,1500.0,2.0,18.3,997.4,17.5,0.0,NNE,0.7,Aotizhongxin,2013-06-03 03:00:00
2261,2013,6,3,4,166.0,182.0,6.0,109.0,1500.0,2.0,17.8,998.4,17.2,0.0,S,0.5,Aotizhongxin,2013-06-03 04:00:00
2262,2013,6,3,5,174.0,197.0,6.0,103.0,1600.0,2.0,18.2,999.2,17.7,0.0,ENE,0.7,Aotizhongxin,2013-06-03 05:00:00
2263,2013,6,3,6,167.0,169.0,5.0,91.0,1700.0,8.0,19.7,999.7,19.0,0.0,SW,0.5,Aotizhongxin,2013-06-03 06:00:00
2264,2013,6,3,7,162.0,172.0,6.0,76.0,1600.0,24.0,22.2,1000.1,18.4,0.0,NNW,0.6,Aotizhongxin,2013-06-03 07:00:00
2265,2013,6,3,8,174.0,208.0,6.0,92.0,1700.0,28.0,25.3,1000.2,19.0,0.0,NNE,1.3,Aotizhongxin,2013-06-03 08:00:00
2266,2013,6,3,9,180.0,213.0,10.0,77.0,1700.0,67.0,27.0,1000.4,18.3,0.0,E,1.4,Aotizhongxin,2013-06-03 09:00:00
2267,2013,6,3,10,174.0,176.0,19.0,64.0,1600.0,109.0,29.2,1000.4,16.7,0.0,SE,0.8,Aotizhongxin,2013-06-03 10:00:00
2268,2013,6,3,11,136.0,176.0,34.0,40.0,1200.0,159.0,30.5,999.5,14.2,0.0,SE,1.2,Aotizhongxin,2013-06-03 11:00:00
2269,2013,6,3,12,104.0,88.0,36.0,32.0,1000.0,186.0,32.1,998.4,10.7,0.0,SE,2.2,Aotizhongxin,2013-06-03 12:00:00
2270,2013,6,3,13,70.0,70.0,27.0,26.0,800.0,191.0,32.9,998.5,10.3,0.0,NE,1.3,Aotizhongxin,2013-06-03 13:00:00
2271,2013,6,3,14,53.0,82.0,17.0,21.0,600.0,190.0,33.1,998.6,12.1,0.0,SW,1.9,Aotizhongxin,2013-06-03 14:00:00
2272,2013,6,3,15,50.0,54.0,14.0,21.0,500.0,201.0,32.3,998.1,15.8,0.0,WSW,3.9,Aotizhongxin,2013-06-03 15:00:00
2273,2013,6,3,16,56.0,97.0,14.0,36.0,600.0,221.0,31.2,998.7,14.8,0.0,SSW,3.5,Aotizhongxin,2013-06-03 16:00:00
2274,2013,6,3,17,62.0,240.0,20.0,51.0,900.0,286.0,30.6,999.0,14.2,0.0,S,1.9,Aotizhongxin,2013-06-03 17:00:00
2275,2013,6,3,18,105.0,171.0,23.0,45.0,1000.0,285.0,29.0,999.6,14.8,0.0,SW,1.1,Aotizhongxin,2013-06-03 18:00:00
2276,2013,6,3,19,75.0,78.0,21.0,53.0,1000.0,240.0,25.9,1000.1,14.0,0.0,S,0.7,Aotizhongxin,2013-06-03 19:00:00
2277,2013,6,3,20,89.0,148.0,16.0,80.0,1100.0,176.0,22.8,1000.9,15.6,0.0,W,0.4,Aotizhongxin,2013-06-03 20:00:00
2278,2013,6,3,21,100.0,199.0,15.0,164.0,1300.0,72.0,21.6,1001.5,16.5,0.0,WNW,0.0,Aotizhongxin,2013-06-03 21:00:00
2279,2013,6,3,22,111.0,217.0,18.0,214.0,1600.0,20.0,20.9,1001.7,16.1,0.0,E,0.0,Aotizhongxin,2013-06-03 22:00:00
2280,2013,6,3,23,111.0,217.0,18.0,221.0,1600.0,20.0,20.4,1002.2,16.2,0.0,SE,0.2,Aotizhongxin,2013-06-03 23:00:00
2281,2013,6,4,0,147.0,426.0,25.0,218.0,2299.0,7.0,19.8,1002.1,17.4,0.0,N,0.2,Aotizhongxin,2013-06-04 00:00:00
2282,2013,6,4,1,135.0,311.0,22.0,228.0,2200.0,6.0,19.6,1002.6,17.6,0.0,E,0.6,Aotizhongxin,2013-06-04 01:00:00
2283,2013,6,4,2,138.0,284.0,23.0,203.0,1800.0,6.0,19.8,1003.1,16.2,0.0,ENE,0.7,Aotizhongxin,2013-06-04 02:00:00
2284,2013,6,4,3,135.0,274.0,25.0,178.0,1600.0,6.0,20.1,1004.3,15.9,0.0,NE,1.0,Aotizhongxin,2013-06-04 03:00:00
2285,2013,6,4,4,150.0,271.0,28.0,141.0,1600.0,17.0,21.9,1004.7,18.3,0.0,NE,0.8,Aotizhongxin,2013-06-04 04:00:00
2286,2013,6,4,5,203.0,262.0,16.0,51.0,1600.0,82.0,21.2,1005.9,17.2,0.0,ESE,0.9,Aotizhongxin,2013-06-04 05:00:00
2287,2013,6,4,6,175.0,191.0,12.0,49.0,1899.0,116.0,21.7,1006.5,17.5,0.0,ESE,1.9,Aotizhongxin,2013-06-04 06:00:00
2288,2013,6,4,7,182.0,207.0,12.0,45.0,2200.0,137.0,21.6,1007.0,17.2,0.0,ESE,2.6,Aotizhongxin,2013-06-04 07:00:00
2289,2013,6,4,8,170.0,174.0,12.0,62.0,2000.0,109.0,21.6,1006.9,17.2,0.0,SE,1.7,Aotizhongxin,2013-06-04 08:00:00
2290,2013,6,4,9,148.0,170.0,13.0,60.0,1800.0,99.0,21.7,1007.8,17.1,0.0,SE,1.8,Aotizhongxin,2013-06-04 09:00:00
2291,2013,6,4,10,152.0,172.0,12.0,68.0,2000.0,84.0,21.7,1007.6,16.9,0.0,E,1.2,Aotizhongxin,2013-06-04 10:00:00
2292,2013,6,4,11,135.0,151.0,15.0,69.0,2000.0,79.0,21.8,1008.2,16.5,0.0,SE,1.3,Aotizhongxin,2013-06-04 11:00:00
2293,2013,6,4,12,128.0,141.0,15.0,72.0,1600.0,71.0,22.1,1007.1,15.9,0.0,ESE,2.2,Aotizhongxin,2013-06-04 12:00:00
2294,2013,6,4,13,117.0,142.0,14.0,70.0,1899.0,64.0,20.9,1006.6,17.3,0.0,NE,1.7,Aotizhongxin,2013-06-04 13:00:00
2295,2013,6,4,14,121.0,169.0,14.0,79.0,2299.0,46.0,19.4,1007.0,16.1,0.0,ENE,1.5,Aotizhongxin,2013-06-04 14:00:00
2296,2013,6,4,15,98.0,37.0,8.0,55.0,1700.0,57.0,19.9,1007.1,16.1,0.0,NE,2.3,Aotizhongxin,2013-06-04 15:00:00
2297,2013,6,4,16,80.0,51.0,6.0,55.0,1300.0,64.0,20.5,1006.0,16.3,0.0,ENE,1.8,Aotizhongxin,2013-06-04 16:00:00
2298,2013,6,4,17,80.0,57.0,8.0,52.0,1100.0,74.0,20.2,1006.0,16.2,0.0,NNW,0.9,Aotizhongxin,2013-06-04 17:00:00
2299,2013,6,4,18,73.0,60.0,9.0,60.0,1100.0,68.0,20.1,1006.7,16.7,0.0,E,0.7,Aotizhongxin,2013-06-04 18:00:00
2300,2013,6,4,19,81.0,83.0,8.0,62.0,1200.0,60.0,20.1,1006.9,17.1,0.0,NE,1.8,Aotizhongxin,2013-06-04 19:00:00
2301,2013,6,4,20,73.0,94.0,6.0,65.0,1300.0,48.0,20.1,1007.1,17.3,0.0,NE,1.8,Aotizhongxin,2013-06-04 20:00:00
2302,2013,6,4,21,81.0,93.0,3.0,55.0,1300.0,56.0,20.2,1007.7,17.4,0.0,NE,1.2,Aotizhongxin,2013-06-04 21:00:00
2303,2013,6,4,22,81.0,84.0,3.0,68.0,1300.0,41.0,19.1,1006.5,18.3,10.7,NE,1.0,Aotizhongxin,2013-06-04 22:00:00
2304,2013,6,4,23,77.0,100.0,3.0,61.0,1000.0,40.0,18.5,1006.8,17.8,3.3,SSE,0.6,Aotizhongxin,2013-06-04 23:00:00
2305,2013,6,5,0,76.0,57.0,3.0,68.0,1100.0,31.0,18.5,1006.4,18.2,2.2,NW,0.0,Aotizhongxin,2013-06-05 00:00:00
2306,2013,6,5,1,74.0,37.0,3.0,59.0,900.0,32.0,18.5,1005.9,18.2,0.9,NE,0.6,Aotizhongxin,2013-06-05 01:00:00
2307,2013,6,5,2,74.0,45.0,3.0,58.0,900.0,27.0,18.6,1006.6,18.3,0.0,NE,1.0,Aotizhongxin,2013-06-05 02:00:00
2308,2013,6,5,3,68.0,25.0,3.0,50.0,700.0,34.0,18.4,1005.7,18.1,0.1,E,0.7,Aotizhongxin,2013-06-05 03:00:00
2309,2013,6,5,4,61.0,31.0,3.0,38.0,600.0,38.0,18.5,1006.2,18.2,0.0,WNW,0.6,Aotizhongxin,2013-06-05 04:00:00
2310,2013,6,5,5,62.0,26.0,3.0,51.0,600.0,28.0,18.5,1006.6,18.2,0.3,NE,0.8,Aotizhongxin,2013-06-05 05:00:00
2311,2013,6,5,6,81.0,44.0,3.0,37.0,900.0,42.0,18.5,1006.4,18.3,1.1,NE,1.1,Aotizhongxin,2013-06-05 06:00:00
2312,2013,6,5,7,83.0,66.0,3.0,53.0,900.0,19.0,18.6,1007.4,18.4,1.8,NE,0.7,Aotizhongxin,2013-06-05 07:00:00
2313,2013,6,5,8,68.0,70.0,3.0,60.0,1500.0,19.0,18.5,1007.2,18.3,0.5,E,0.9,Aotizhongxin,2013-06-05 08:00:00
2314,2013,6,5,9,88.0,90.0,3.0,62.0,2100.0,16.0,19.1,1007.3,18.8,0.0,NE,1.4,Aotizhongxin,2013-06-05 09:00:00
2315,2013,6,5,10,96.0,101.0,3.0,62.0,2200.0,16.0,19.2,1006.9,18.7,0.0,NE,1.5,Aotizhongxin,2013-06-05 10:00:00
2316,2013,6,5,11,126.0,101.0,3.0,52.0,1899.0,22.0,19.4,1006.8,18.4,0.0,NE,1.0,Aotizhongxin,2013-06-05 11:00:00
2317,2013,6,5,12,126.0,98.0,3.0,54.0,2000.0,24.0,19.5,1006.3,18.2,0.0,NE,1.0,Aotizhongxin,2013-06-05 12:00:00
2318,2013,6,5,13,125.0,155.0,3.0,50.0,2000.0,26.0,19.4,1006.3,18.1,0.0,SSE,0.5,Aotizhongxin,2013-06-05 13:00:00
2319,2013,6,5,14,161.0,170.0,3.0,47.0,1800.0,31.0,19.9,1006.2,18.2,0.0,NE,0.8,Aotizhongxin,2013-06-05 14:00:00
2320,2013,6,5,15,156.0,170.0,3.0,47.0,1500.0,30.0,19.5,1005.8,18.0,0.0,ENE,1.3,Aotizhongxin,2013-06-05 15:00:00
2321,2013,6,5,16,156.0,170.0,3.0,47.0,1500.0,30.0,19.1,1005.9,18.1,0.0,ENE,1.1,Aotizhongxin,2013-06-05 16:00:00
2322,2013,6,5,17,162.0,165.0,3.0,53.0,1500.0,15.0,19.1,1005.7,17.9,0.0,ENE,0.8,Aotizhongxin,2013-06-05 17:00:00
2323,2013,6,5,18,175.0,188.0,3.0,62.0,1899.0,8.0,19.0,1006.1,17.8,0.0,ESE,1.3,Aotizhongxin,2013-06-05 18:00:00
2324,2013,6,5,19,202.0,218.0,3.0,71.0,2500.0,4.0,19.1,1006.1,17.8,0.0,SSE,0.9,Aotizhongxin,2013-06-05 19:00:00
2325,2013,6,5,20,203.0,240.0,3.0,79.0,2299.0,4.0,19.1,1006.5,17.8,0.0,SSW,0.7,Aotizhongxin,2013-06-05 20:00:00
2326,2013,6,5,21,182.0,202.0,3.0,67.0,1899.0,7.0,18.9,1006.6,17.7,0.1,E,0.9,Aotizhongxin,2013-06-05 21:00:00
2327,2013,6,5,22,176.0,192.0,3.0,56.0,1800.0,13.0,18.9,1006.7,17.6,0.0,SE,1.6,Aotizhongxin,2013-06-05 22:00:00
2328,2013,6,5,23,166.0,171.0,3.0,50.0,1899.0,16.0,19.0,1007.4,17.7,0.0,NE,1.0,Aotizhongxin,2013-06-05 23:00:00
2329,2013,6,6,0,169.0,194.0,3.0,46.0,1899.0,19.0,18.9,1006.8,17.4,0.0,ENE,1.0,Aotizhongxin,2013-06-06 00:00:00
2330,2013,6,6,1,159.0,163.0,3.0,36.0,1600.0,28.0,18.8,1005.7,17.5,0.0,ESE,1.1,Aotizhongxin,2013-06-06 01:00:00
2331,2013,6,6,2,133.0,150.0,3.0,35.0,1399.0,28.0,18.7,1005.1,17.5,0.0,SSE,0.9,Aotizhongxin,2013-06-06 02:00:00
2332,2013,6,6,3,132.0,156.0,3.0,34.0,1399.0,29.0,18.7,1004.9,17.5,0.0,SSE,0.8,Aotizhongxin,2013-06-06 03:00:00
2333,2013,6,6,4,158.0,163.0,3.0,34.0,1600.0,28.0,18.4,1005.3,17.6,0.0,SSW,0.6,Aotizhongxin,2013-06-06 04:00:00
2334,2013,6,6,5,160.0,162.0,3.0,37.0,1700.0,26.0,18.3,1005.6,17.5,0.0,SSE,0.6,Aotizhongxin,2013-06-06 05:00:00
2335,2013,6,6,6,152.0,167.0,3.0,39.0,1600.0,18.0,18.4,1006.2,17.7,0.1,N,0.4,Aotizhongxin,2013-06-06 06:00:00
2336,2013,6,6,7,122.0,126.0,4.0,42.0,1700.0,12.0,18.6,1006.2,17.9,0.0,E,0.5,Aotizhongxin,2013-06-06 07:00:00
2337,2013,6,6,8,105.0,127.0,4.0,49.0,1899.0,6.0,18.7,1005.7,17.9,0.0,E,0.4,Aotizhongxin,2013-06-06 08:00:00
2338,2013,6,6,9,81.0,43.0,3.0,52.0,2200.0,5.0,18.8,1005.7,18.1,0.0,NE,0.7,Aotizhongxin,2013-06-06 09:00:00
2339,2013,6,6,10,90.0,35.0,3.0,53.0,2500.0,5.0,18.9,1005.5,18.4,0.1,NE,1.5,Aotizhongxin,2013-06-06 10:00:00
2340,2013,6,6,11,74.0,87.0,3.0,59.0,2600.0,6.0,19.0,1005.3,18.5,0.0,NE,1.3,Aotizhongxin,2013-06-06 11:00:00
2341,2013,6,6,12,91.0,96.0,4.0,68.0,2700.0,7.0,19.2,1004.7,18.4,0.0,NE,1.3,Aotizhongxin,2013-06-06 12:00:00
2342,2013,6,6,13,107.0,130.0,4.0,70.0,2899.0,7.0,19.5,1004.5,18.5,0.0,ENE,0.8,Aotizhongxin,2013-06-06 13:00:00
2343,2013,6,6,14,115.0,116.0,5.0,69.0,3000.0,6.0,20.0,1004.1,18.7,0.0,NE,1.1,Aotizhongxin,2013-06-06 14:00:00
2344,2013,6,6,15,110.0,122.0,4.0,70.0,2799.0,6.0,19.9,1003.4,18.6,0.0,N,0.6,Aotizhongxin,2013-06-06 15:00:00
2345,2013,6,6,16,129.0,130.0,3.0,76.0,2799.0,6.0,20.1,1003.1,18.8,0.0,NNE,1.0,Aotizhongxin,2013-06-06 16:00:00
2346,2013,6,6,17,117.0,136.0,5.0,77.0,2899.0,6.0,19.8,1003.4,18.8,0.0,NNE,0.9,Aotizhongxin,2013-06-06 17:00:00
2347,2013,6,6,18,162.0,180.0,5.0,84.0,3000.0,5.0,19.7,1003.9,19.0,0.0,N,1.3,Aotizhongxin,2013-06-06 18:00:00
2348,2013,6,6,19,140.0,174.0,5.0,73.0,2600.0,3.0,19.6,1004.2,18.9,0.0,NE,0.9,Aotizhongxin,2013-06-06 19:00:00
2349,2013,6,6,20,134.0,162.0,5.0,77.0,2500.0,3.0,19.7,1004.3,18.9,0.1,NNE,1.0,Aotizhongxin,2013-06-06 20:00:00
2350,2013,6,6,21,132.0,143.0,5.0,76.0,2399.0,3.0,19.8,1003.8,18.6,0.0,NNE,1.0,Aotizhongxin,2013-06-06 21:00:00
2351,2013,6,6,22,136.0,162.0,4.0,75.0,2399.0,3.0,20.0,1003.8,18.7,0.0,NNE,1.1,Aotizhongxin,2013-06-06 22:00:00
2352,2013,6,6,23,135.0,163.0,3.0,74.0,2399.0,4.0,20.2,1003.2,18.5,0.0,N,0.8,Aotizhongxin,2013-06-06 23:00:00
2353,2013,6,7,0,141.0,106.0,3.0,74.0,2299.0,4.0,20.1,1002.7,18.8,0.0,NE,1.1,Aotizhongxin,2013-06-07 00:00:00
2354,2013,6,7,1,125.0,131.0,3.0,77.0,2299.0,5.0,20.1,1002.8,18.8,0.0,NE,0.6,Aotizhongxin,2013-06-07 01:00:00
2355,2013,6,7,2,135.0,149.0,4.0,74.0,2299.0,4.0,20.0,1002.3,18.8,0.0,E,0.5,Aotizhongxin,2013-06-07 02:00:00
2356,2013,6,7,3,146.0,157.0,3.0,74.0,2299.0,3.0,20.0,1001.8,18.8,0.0,ESE,0.5,Aotizhongxin,2013-06-07 03:00:00
2357,2013,6,7,4,142.0,156.0,4.0,70.0,2299.0,3.0,20.4,1002.2,19.2,0.0,NE,0.6,Aotizhongxin,2013-06-07 04:00:00
2358,2013,6,7,5,133.0,147.0,4.0,68.0,2100.0,3.0,20.5,1002.2,19.0,0.0,E,1.7,Aotizhongxin,2013-06-07 05:00:00
2359,2013,6,7,6,115.0,120.0,5.0,60.0,1800.0,4.0,20.4,1002.5,18.9,0.0,E,1.0,Aotizhongxin,2013-06-07 06:00:00
2360,2013,6,7,7,104.0,120.0,5.0,52.0,1600.0,5.0,20.1,1002.7,18.6,0.0,ENE,1.7,Aotizhongxin,2013-06-07 07:00:00
2361,2013,6,7,8,99.0,107.0,7.0,55.0,2000.0,4.0,19.5,1003.7,18.8,7.6,SE,1.1,Aotizhongxin,2013-06-07 08:00:00
2362,2013,6,7,9,91.0,99.0,8.0,57.0,2200.0,4.0,19.3,1002.7,19.0,8.9,NNW,0.7,Aotizhongxin,2013-06-07 09:00:00
2363,2013,6,7,10,94.0,99.0,10.0,55.0,2600.0,4.0,19.5,1003.4,19.2,1.3,E,0.0,Aotizhongxin,2013-06-07 10:00:00
2364,2013,6,7,11,74.0,93.0,9.0,58.0,2700.0,5.0,19.8,1003.9,19.5,0.3,WSW,0.7,Aotizhongxin,2013-06-07 11:00:00
2365,2013,6,7,12,95.0,106.0,6.0,56.0,2299.0,6.0,20.2,1003.6,19.9,0.6,WSW,1.1,Aotizhongxin,2013-06-07 12:00:00
2366,2013,6,7,13,130.0,137.0,6.0,57.0,2200.0,8.0,20.1,1003.0,19.3,0.0,ESE,1.6,Aotizhongxin,2013-06-07 13:00:00
2367,2013,6,7,14,136.0,138.0,5.0,58.0,2200.0,9.0,20.4,1002.7,19.1,0.0,E,1.2,Aotizhongxin,2013-06-07 14:00:00
2368,2013,6,7,15,136.0,123.0,5.0,62.0,2299.0,9.0,20.4,1002.4,19.2,0.0,E,0.8,Aotizhongxin,2013-06-07 15:00:00
2369,2013,6,7,16,119.0,137.0,12.0,74.0,2500.0,8.0,20.7,1002.4,19.4,0.0,NNE,0.8,Aotizhongxin,2013-06-07 16:00:00
2370,2013,6,7,17,102.0,143.0,4.0,76.0,2500.0,10.0,20.4,1002.7,19.2,0.0,NE,1.2,Aotizhongxin,2013-06-07 17:00:00
2371,2013,6,7,18,134.0,137.0,6.0,78.0,2399.0,8.0,20.3,1002.9,19.1,0.0,NE,0.9,Aotizhongxin,2013-06-07 18:00:00
2372,2013,6,7,19,134.0,140.0,6.0,80.0,2299.0,8.0,20.3,1003.6,19.1,0.0,NNW,0.6,Aotizhongxin,2013-06-07 19:00:00
2373,2013,6,7,20,130.0,161.0,6.0,83.0,2299.0,7.0,20.2,1004.2,19.4,0.0,NE,0.6,Aotizhongxin,2013-06-07 20:00:00
2374,2013,6,7,21,143.0,180.0,6.0,76.0,2399.0,7.0,20.1,1004.2,19.3,0.0,NNE,0.9,Aotizhongxin,2013-06-07 21:00:00
2375,2013,6,7,22,130.0,132.0,6.0,78.0,2200.0,6.0,20.2,1004.2,19.4,0.0,N,1.1,Aotizhongxin,2013-06-07 22:00:00
2376,2013,6,7,23,132.0,139.0,6.0,77.0,2000.0,6.0,20.1,1003.9,19.3,0.0,NE,1.0,Aotizhongxin,2013-06-07 23:00:00
2377,2013,6,8,0,137.0,142.0,5.0,74.0,2100.0,7.0,19.9,1003.5,19.2,0.0,NE,1.5,Aotizhongxin,2013-06-08 00:00:00
2378,2013,6,8,1,138.0,154.0,7.0,71.0,2100.0,6.0,19.8,1002.9,19.3,0.9,NE,0.7,Aotizhongxin,2013-06-08 01:00:00
2379,2013,6,8,2,143.0,151.0,6.0,63.0,2299.0,5.0,19.6,1002.6,19.3,1.0,SSE,0.0,Aotizhongxin,2013-06-08 02:00:00
2380,2013,6,8,3,134.0,152.0,7.0,53.0,2200.0,5.0,19.5,1002.3,19.2,0.0,WNW,0.4,Aotizhongxin,2013-06-08 03:00:00
2381,2013,6,8,4,118.0,89.0,6.0,53.0,1899.0,6.0,19.5,1002.1,19.3,0.0,SE,0.5,Aotizhongxin,2013-06-08 04:00:00
2382,2013,6,8,5,122.0,100.0,7.0,53.0,2000.0,6.0,19.6,1002.1,19.4,0.0,NE,1.0,Aotizhongxin,2013-06-08 05:00:00
2383,2013,6,8,6,119.0,96.0,5.0,67.0,1899.0,6.0,19.7,1002.3,19.5,0.0,NE,0.7,Aotizhongxin,2013-06-08 06:00:00
2384,2013,6,8,7,125.0,88.0,5.0,78.0,2299.0,6.0,19.5,1002.5,19.3,0.0,E,1.0,Aotizhongxin,2013-06-08 07:00:00
2385,2013,6,8,8,136.0,110.0,5.0,95.0,2899.0,7.0,19.4,1002.8,19.1,0.0,E,0.8,Aotizhongxin,2013-06-08 08:00:00
2386,2013,6,8,9,124.0,138.0,4.0,98.0,3100.0,7.0,19.7,1002.9,19.2,0.0,NE,0.8,Aotizhongxin,2013-06-08 09:00:00
2387,2013,6,8,10,145.0,167.0,5.0,96.0,3200.0,8.0,20.0,1002.9,19.2,0.0,NNE,0.8,Aotizhongxin,2013-06-08 10:00:00
2388,2013,6,8,11,212.0,226.0,6.0,94.0,3100.0,9.0,20.1,1002.8,19.1,0.0,NE,1.5,Aotizhongxin,2013-06-08 11:00:00
2389,2013,6,8,12,232.0,285.0,10.0,100.0,3200.0,8.0,20.2,1002.8,19.2,0.0,NNE,1.2,Aotizhongxin,2013-06-08 12:00:00
2390,2013,6,8,13,237.0,280.0,10.0,97.0,3100.0,9.0,20.0,1002.3,19.2,0.0,NE,1.0,Aotizhongxin,2013-06-08 13:00:00
2391,2013,6,8,14,240.0,290.0,10.0,98.0,3200.0,9.0,20.4,1001.9,19.4,0.0,NE,1.2,Aotizhongxin,2013-06-08 14:00:00
2392,2013,6,8,15,235.0,311.0,11.0,93.0,3200.0,9.0,20.4,1001.5,19.6,0.0,NNE,1.1,Aotizhongxin,2013-06-08 15:00:00
2393,2013,6,8,16,209.0,224.0,9.0,82.0,2399.0,10.0,20.2,1001.1,19.5,0.0,NNW,1.2,Aotizhongxin,2013-06-08 16:00:00
2394,2013,6,8,17,188.0,236.0,8.0,81.0,1800.0,11.0,20.0,1001.1,19.7,0.0,N,0.6,Aotizhongxin,2013-06-08 17:00:00
2395,2013,6,8,18,195.0,271.0,8.0,85.0,2700.0,8.0,20.0,1001.0,19.7,0.0,NE,1.2,Aotizhongxin,2013-06-08 18:00:00
2396,2013,6,8,19,189.0,258.0,9.0,84.0,2600.0,8.0,20.1,1001.6,19.8,0.0,NE,0.6,Aotizhongxin,2013-06-08 19:00:00
2397,2013,6,8,20,190.0,270.0,10.0,80.0,2600.0,9.0,19.9,1002.1,19.6,0.0,ENE,1.6,Aotizhongxin,2013-06-08 20:00:00
2398,2013,6,8,21,175.0,215.0,10.0,78.0,2500.0,9.0,19.9,1002.3,19.6,0.0,ENE,0.7,Aotizhongxin,2013-06-08 21:00:00
2399,2013,6,8,22,161.0,226.0,8.0,86.0,2200.0,8.0,19.8,1002.3,19.5,0.1,E,0.5,Aotizhongxin,2013-06-08 22:00:00
2400,2013,6,8,23,174.0,256.0,8.0,89.0,2100.0,8.0,19.7,1001.8,19.4,0.0,NE,0.7,Aotizhongxin,2013-06-08 23:00:00
2401,2013,6,9,0,176.0,259.0,10.0,81.0,2299.0,8.0,19.9,1002.1,19.7,0.0,NNE,1.1,Aotizhongxin,2013-06-09 00:00:00
2402,2013,6,9,1,162.0,173.0,10.0,76.0,2600.0,8.0,19.9,1001.7,19.6,0.0,ENE,0.8,Aotizhongxin,2013-06-09 01:00:00
2403,2013,6,9,2,144.0,164.0,10.0,72.0,2500.0,8.0,19.9,1001.2,19.7,0.0,ENE,0.5,Aotizhongxin,2013-06-09 02:00:00
2404,2013,6,9,3,124.0,135.0,9.0,72.0,2299.0,8.0,19.8,1001.6,19.6,0.0,NE,0.6,Aotizhongxin,2013-06-09 03:00:00
2405,2013,6,9,4,113.0,136.0,10.0,66.0,2200.0,8.0,19.9,1001.8,19.7,0.0,NNE,1.3,Aotizhongxin,2013-06-09 04:00:00
2406,2013,6,9,5,93.0,99.0,11.0,56.0,2200.0,8.0,19.2,1002.2,18.7,0.0,NE,1.7,Aotizhongxin,2013-06-09 05:00:00
2407,2013,6,9,6,106.0,99.0,10.0,62.0,2200.0,8.0,19.2,1003.0,16.4,0.1,N,3.9,Aotizhongxin,2013-06-09 06:00:00
2408,2013,6,9,7,58.0,58.0,7.0,60.0,900.0,17.0,18.8,1004.1,16.6,0.0,NNE,3.2,Aotizhongxin,2013-06-09 07:00:00
2409,2013,6,9,8,12.0,12.0,7.0,45.0,300.0,33.0,17.6,1004.8,16.5,0.6,NNE,2.7,Aotizhongxin,2013-06-09 08:00:00
2410,2013,6,9,9,3.0,6.0,7.0,48.0,300.0,35.0,17.3,1005.2,16.5,1.4,NNE,2.0,Aotizhongxin,2013-06-09 09:00:00
2411,2013,6,9,10,3.0,6.0,7.0,48.0,300.0,33.6294,17.4,1005.7,16.3,1.2,N,2.1,Aotizhongxin,2013-06-09 10:00:00
2412,2013,6,9,11,9.0,9.0,3.4272,46.8084,300.0,37.2708,17.2,1006.4,16.1,1.2,N,3.1,Aotizhongxin,2013-06-09 11:00:00
2413,2013,6,9,12,10.0,10.0,3.0,55.0,300.0,38.0,16.9,1006.4,16.3,3.2,NNE,1.5,Aotizhongxin,2013-06-09 12:00:00
2414,2013,6,9,13,3.0,6.0,3.0,60.0,300.0,33.0,17.1,1006.5,16.5,2.1,N,1.7,Aotizhongxin,2013-06-09 13:00:00
2415,2013,6,9,14,3.0,6.0,3.0,58.0,300.0,34.0,17.1,1006.8,16.6,1.6,NE,1.6,Aotizhongxin,2013-06-09 14:00:00
2416,2013,6,9,15,12.0,6.0,3.0,56.0,300.0,34.0,17.0,1006.4,16.4,1.1,ENE,1.4,Aotizhongxin,2013-06-09 15:00:00
2417,2013,6,9,16,10.0,10.0,3.0,56.0,300.0,38.0,17.0,1006.4,16.2,0.4,NE,1.2,Aotizhongxin,2013-06-09 16:00:00
2418,2013,6,9,17,13.0,13.0,3.0,51.0,300.0,38.0,17.1,1006.4,16.6,0.4,ENE,0.7,Aotizhongxin,2013-06-09 17:00:00
2419,2013,6,9,18,13.0,13.0,3.0,58.0,300.0,34.0,17.1,1006.7,16.6,0.2,NW,1.0,Aotizhongxin,2013-06-09 18:00:00
2420,2013,6,9,19,15.0,15.0,3.0,68.0,400.0,29.0,16.6,1006.4,16.1,0.0,ENE,0.7,Aotizhongxin,2013-06-09 19:00:00
2421,2013,6,9,20,18.0,18.0,3.0,83.0,500.0,21.0,16.3,1007.5,16.0,0.0,E,0.6,Aotizhongxin,2013-06-09 20:00:00
2422,2013,6,9,21,25.0,25.0,3.0,105.0,600.0,5.0,16.4,1007.5,16.1,0.0,ENE,0.9,Aotizhongxin,2013-06-09 21:00:00
2423,2013,6,9,22,18.0,25.0,3.0,99.0,400.0,7.0,16.3,1007.6,16.0,0.0,NW,0.5,Aotizhongxin,2013-06-09 22:00:00
2424,2013,6,9,23,6.0,9.0,3.0,92.0,500.0,8.0,16.3,1007.4,16.1,0.0,NW,0.6,Aotizhongxin,2013-06-09 23:00:00
2425,2013,6,10,0,22.0,32.0,3.0,83.0,500.0,4.0,16.2,1007.3,16.0,0.0,W,0.9,Aotizhongxin,2013-06-10 00:00:00
2426,2013,6,10,1,22.0,32.0,4.0,75.0,700.0,5.0,16.0,1007.7,15.8,0.0,SSE,0.6,Aotizhongxin,2013-06-10 01:00:00
2427,2013,6,10,2,11.0,19.0,4.0,70.0,600.0,4.0,15.9,1007.8,15.7,0.1,SSE,0.7,Aotizhongxin,2013-06-10 02:00:00
2428,2013,6,10,3,14.0,17.0,5.0,59.0,800.0,5.0,15.9,1007.9,15.9,0.0,N,0.7,Aotizhongxin,2013-06-10 03:00:00
2429,2013,6,10,4,22.0,18.0,4.0,64.0,800.0,5.0,15.8,1008.0,15.8,0.0,E,0.7,Aotizhongxin,2013-06-10 04:00:00
2430,2013,6,10,5,24.0,10.0,4.0,62.0,800.0,5.0,16.1,1008.3,16.1,0.0,ESE,0.5,Aotizhongxin,2013-06-10 05:00:00
2431,2013,6,10,6,25.0,28.0,5.0,55.0,700.0,4.0,16.4,1008.6,16.4,0.0,NE,0.5,Aotizhongxin,2013-06-10 06:00:00
2432,2013,6,10,7,15.0,15.0,6.0,48.0,700.0,4.0,17.1,1009.0,16.9,0.0,W,0.7,Aotizhongxin,2013-06-10 07:00:00
2433,2013,6,10,8,16.0,27.0,6.0,56.0,800.0,6.0,18.4,1009.0,16.9,0.0,ENE,0.9,Aotizhongxin,2013-06-10 08:00:00
2434,2013,6,10,9,23.0,34.0,6.0,72.0,900.0,6.0,21.0,1008.5,15.8,0.0,NNE,0.7,Aotizhongxin,2013-06-10 09:00:00
2435,2013,6,10,10,41.0,34.0,6.0,96.0,800.0,11.0,22.9,1008.0,16.0,0.0,W,1.1,Aotizhongxin,2013-06-10 10:00:00
2436,2013,6,10,11,38.0,38.0,10.0,100.0,600.0,36.0,24.2,1007.4,14.9,0.0,SSE,0.7,Aotizhongxin,2013-06-10 11:00:00
2437,2013,6,10,12,34.0,34.0,11.0,79.0,500.0,72.0,26.2,1006.9,13.7,0.0,W,1.9,Aotizhongxin,2013-06-10 12:00:00
2438,2013,6,10,13,20.0,35.0,8.0,43.0,400.0,88.0,26.6,1006.6,13.3,0.0,ENE,0.5,Aotizhongxin,2013-06-10 13:00:00
2439,2013,6,10,14,11.0,18.0,6.0,41.0,300.0,104.0,26.2,1005.7,8.7,0.0,ESE,0.9,Aotizhongxin,2013-06-10 14:00:00
2440,2013,6,10,15,19.0,18.0,5.0,33.0,200.0,108.0,25.9,1005.3,13.7,0.0,SE,2.0,Aotizhongxin,2013-06-10 15:00:00
2441,2013,6,10,16,16.0,16.0,4.0,40.0,300.0,101.0,24.8,1005.4,10.3,0.0,SSW,1.1,Aotizhongxin,2013-06-10 16:00:00
2442,2013,6,10,17,14.0,15.0,3.0,58.0,300.0,81.0,23.4,1005.4,15.7,0.0,WSW,2.2,Aotizhongxin,2013-06-10 17:00:00
2443,2013,6,10,18,16.0,17.0,4.0,76.0,300.0,81.0,22.7,1005.5,15.8,0.0,SW,1.8,Aotizhongxin,2013-06-10 18:00:00
2444,2013,6,10,19,28.0,120.0,4.0,82.0,300.0,86.0,21.5,1005.7,16.5,0.0,SW,1.2,Aotizhongxin,2013-06-10 19:00:00
2445,2013,6,10,20,26.0,63.0,5.0,74.0,300.0,82.0,21.2,1005.9,16.2,0.0,SSW,1.0,Aotizhongxin,2013-06-10 20:00:00
2446,2013,6,10,21,36.0,77.0,4.0,102.0,400.0,49.0,20.7,1005.8,16.3,0.0,SSW,1.0,Aotizhongxin,2013-06-10 21:00:00
2447,2013,6,10,22,36.0,80.0,3.0,98.0,400.0,43.0,20.2,1005.3,16.2,0.0,SW,1.0,Aotizhongxin,2013-06-10 22:00:00
2448,2013,6,10,23,34.0,77.0,3.0,116.0,500.0,23.0,18.9,1005.3,16.9,0.0,W,0.5,Aotizhongxin,2013-06-10 23:00:00
2449,2013,6,11,0,32.0,74.0,4.0,119.0,500.0,13.0,18.0,1004.6,16.7,0.0,N,0.0,Aotizhongxin,2013-06-11 00:00:00
2450,2013,6,11,1,38.0,95.0,3.0,118.0,500.0,6.0,17.4,1004.4,15.7,0.0,N,0.0,Aotizhongxin,2013-06-11 01:00:00
2451,2013,6,11,2,42.0,90.0,5.0,110.0,500.0,5.0,17.5,1003.9,15.7,0.0,N,0.5,Aotizhongxin,2013-06-11 02:00:00
2452,2013,6,11,3,40.0,65.0,4.0,110.0,500.0,5.0,17.5,1003.8,15.7,0.0,NE,0.6,Aotizhongxin,2013-06-11 03:00:00
2453,2013,6,11,4,41.0,68.0,4.0,101.0,600.0,3.0,17.1,1004.1,15.6,0.0,NE,0.8,Aotizhongxin,2013-06-11 04:00:00
2454,2013,6,11,5,48.0,119.0,3.0,93.0,700.0,2.0,17.5,1004.1,15.5,0.0,NNE,1.3,Aotizhongxin,2013-06-11 05:00:00
2455,2013,6,11,6,68.0,96.0,3.0,90.0,700.0,2.0,18.2,1004.2,15.6,0.0,NNE,1.2,Aotizhongxin,2013-06-11 06:00:00
2456,2013,6,11,7,68.0,96.0,3.0,87.0,600.0,2.0,19.5,1004.3,15.8,0.0,N,1.4,Aotizhongxin,2013-06-11 07:00:00
2457,2013,6,11,8,76.0,92.0,4.0,97.0,700.0,3.0,21.3,1003.7,16.3,0.0,NW,1.2,Aotizhongxin,2013-06-11 08:00:00
2458,2013,6,11,9,70.0,92.0,5.0,70.0,500.0,33.0,24.0,1003.4,15.5,0.0,NE,0.8,Aotizhongxin,2013-06-11 09:00:00
2459,2013,6,11,10,75.0,91.0,14.0,65.0,500.0,70.0,25.1,1003.0,16.3,0.0,E,1.7,Aotizhongxin,2013-06-11 10:00:00
2460,2013,6,11,11,79.0,97.0,13.0,72.0,500.0,92.0,25.3,1002.5,15.9,0.0,SW,2.0,Aotizhongxin,2013-06-11 11:00:00
2461,2013,6,11,12,90.0,93.0,12.0,76.0,500.0,123.0,26.3,1001.8,17.9,0.0,SSW,2.6,Aotizhongxin,2013-06-11 12:00:00
2462,2013,6,11,13,109.0,125.0,13.0,95.0,700.0,144.0,25.6,1001.0,17.0,0.0,SSW,2.5,Aotizhongxin,2013-06-11 13:00:00
2463,2013,6,11,14,139.0,148.0,12.0,85.0,600.0,165.0,23.5,1001.0,17.0,0.0,SSW,2.1,Aotizhongxin,2013-06-11 14:00:00
2464,2013,6,11,15,124.0,149.0,8.0,68.0,500.0,173.0,22.9,1001.4,17.1,0.0,E,1.7,Aotizhongxin,2013-06-11 15:00:00
2465,2013,6,11,16,95.0,119.0,4.0,50.0,400.0,124.0,24.2,1000.3,15.1,0.0,S,4.0,Aotizhongxin,2013-06-11 16:00:00
2466,2013,6,11,17,55.0,61.0,3.0,70.0,400.0,90.0,23.1,1000.3,10.5,0.0,WSW,2.3,Aotizhongxin,2013-06-11 17:00:00
2467,2013,6,11,18,41.0,61.0,4.0,67.0,300.0,84.0,23.0,1001.2,12.0,0.0,NNE,0.2,Aotizhongxin,2013-06-11 18:00:00
2468,2013,6,11,19,21.0,24.0,4.0,94.0,500.0,46.0,21.3,1001.6,11.9,0.0,SE,1.2,Aotizhongxin,2013-06-11 19:00:00
2469,2013,6,11,20,15.0,19.0,3.0,97.0,500.0,58.0,20.8,1003.0,12.7,0.0,ESE,1.8,Aotizhongxin,2013-06-11 20:00:00
2470,2013,6,11,21,47.0,101.0,3.0,134.0,700.0,36.0,19.0,1003.9,15.9,3.8,SW,2.6,Aotizhongxin,2013-06-11 21:00:00
2471,2013,6,11,22,60.0,80.0,3.0,102.0,800.0,57.0,17.4,1004.4,16.8,3.6,SE,0.5,Aotizhongxin,2013-06-11 22:00:00
2472,2013,6,11,23,26.0,80.0,4.0,48.0,400.0,78.0,16.5,1004.2,15.5,0.0,SW,1.3,Aotizhongxin,2013-06-11 23:00:00
2473,2013,6,12,0,19.0,36.0,3.0,72.0,300.0,53.0,16.0,1003.8,14.0,0.0,WSW,1.3,Aotizhongxin,2013-06-12 00:00:00
2474,2013,6,12,1,21.0,29.0,3.0,95.0,400.0,30.0,14.9,1003.4,14.3,0.0,SSE,0.5,Aotizhongxin,2013-06-12 01:00:00
2475,2013,6,12,2,22.0,29.0,3.0,73.0,500.0,39.0,14.4,1003.0,13.8,0.0,S,0.6,Aotizhongxin,2013-06-12 02:00:00
2476,2013,6,12,3,16.0,26.0,3.0,88.0,500.0,27.0,15.0,1002.8,13.9,0.0,SW,1.1,Aotizhongxin,2013-06-12 03:00:00
2477,2013,6,12,4,20.0,21.0,3.0,106.0,500.0,16.0,14.4,1002.8,13.9,0.0,E,0.4,Aotizhongxin,2013-06-12 04:00:00
2478,2013,6,12,5,25.0,40.0,3.0,78.0,700.0,26.0,15.0,1002.9,14.7,0.1,NE,0.7,Aotizhongxin,2013-06-12 05:00:00
2479,2013,6,12,6,57.0,64.0,3.0,93.0,900.0,12.0,16.6,1003.4,14.8,0.0,NNE,1.1,Aotizhongxin,2013-06-12 06:00:00
2480,2013,6,12,7,48.0,59.0,3.0,86.0,900.0,16.0,18.5,1003.6,15.0,0.0,NNE,1.1,Aotizhongxin,2013-06-12 07:00:00
2481,2013,6,12,8,47.0,54.0,6.0,92.0,900.0,24.0,21.2,1003.4,14.8,0.0,W,1.1,Aotizhongxin,2013-06-12 08:00:00
2482,2013,6,12,9,47.0,48.0,17.0,81.0,900.0,51.0,22.9,1003.1,15.0,0.0,SSW,1.7,Aotizhongxin,2013-06-12 09:00:00
2483,2013,6,12,10,44.0,49.0,28.0,40.0,700.0,103.0,23.9,1002.8,14.9,0.0,S,1.4,Aotizhongxin,2013-06-12 10:00:00
2484,2013,6,12,11,52.0,71.0,26.0,37.0,600.0,122.0,24.8,1002.5,15.4,0.0,SSE,1.9,Aotizhongxin,2013-06-12 11:00:00
2485,2013,6,12,12,62.0,81.0,24.0,38.0,700.0,145.0,25.0,1002.1,16.2,0.0,SSW,2.4,Aotizhongxin,2013-06-12 12:00:00
2486,2013,6,12,13,74.0,77.0,22.0,40.0,700.0,159.0,26.4,1001.3,16.0,0.0,S,2.5,Aotizhongxin,2013-06-12 13:00:00
2487,2013,6,12,14,58.0,68.0,23.0,37.0,600.0,176.0,26.5,1000.8,15.8,0.0,S,2.3,Aotizhongxin,2013-06-12 14:00:00
2488,2013,6,12,15,79.0,102.0,28.0,41.0,800.0,187.0,26.8,1000.7,15.5,0.0,S,1.7,Aotizhongxin,2013-06-12 15:00:00
2489,2013,6,12,16,71.0,88.0,31.0,43.0,1399.0,207.0,26.3,1000.6,16.8,0.0,SSW,2.0,Aotizhongxin,2013-06-12 16:00:00
2490,2013,6,12,17,89.0,102.0,28.0,44.0,1300.0,209.0,26.0,1000.5,16.0,0.0,S,0.9,Aotizhongxin,2013-06-12 17:00:00
2491,2013,6,12,18,82.0,95.0,21.0,50.0,1200.0,205.0,25.0,1000.8,16.7,0.0,SSW,1.7,Aotizhongxin,2013-06-12 18:00:00
2492,2013,6,12,19,86.0,90.0,13.0,53.0,1000.0,198.0,24.1,1001.4,16.6,0.0,SSE,1.4,Aotizhongxin,2013-06-12 19:00:00
2493,2013,6,12,20,104.0,120.0,9.0,68.0,1000.0,174.0,22.5,1002.1,17.2,0.0,S,0.4,Aotizhongxin,2013-06-12 20:00:00
2494,2013,6,12,21,99.0,112.0,8.0,118.0,1200.0,129.0,23.0,1002.7,16.1,0.0,SSE,1.7,Aotizhongxin,2013-06-12 21:00:00
2495,2013,6,12,22,110.0,130.0,10.0,105.0,1200.0,114.0,22.0,1002.7,15.6,0.0,SSE,1.6,Aotizhongxin,2013-06-12 22:00:00
2496,2013,6,12,23,111.0,130.0,14.0,80.0,900.0,129.0,21.1,1002.8,15.6,0.0,SSE,2.0,Aotizhongxin,2013-06-12 23:00:00
2497,2013,6,13,0,99.0,81.0,16.0,63.0,600.0,136.0,20.6,1002.9,15.6,0.0,SSE,1.1,Aotizhongxin,2013-06-13 00:00:00
2498,2013,6,13,1,79.0,86.0,13.0,64.0,500.0,112.0,19.2,1002.5,16.1,0.0,ENE,0.6,Aotizhongxin,2013-06-13 01:00:00
2499,2013,6,13,2,82.0,94.0,9.0,74.0,600.0,87.0,18.7,1002.5,15.6,0.0,NE,1.0,Aotizhongxin,2013-06-13 02:00:00
2500,2013,6,13,3,89.0,92.0,9.0,88.0,700.0,59.0,17.7,1002.8,15.5,0.0,N,0.6,Aotizhongxin,2013-06-13 03:00:00
2501,2013,6,13,4,92.0,98.0,9.0,110.0,800.0,35.0,17.2,1003.1,15.5,0.0,N,0.5,Aotizhongxin,2013-06-13 04:00:00
2502,2013,6,13,5,111.0,99.0,11.0,110.0,1000.0,28.0,17.6,1003.6,16.1,0.0,NE,1.2,Aotizhongxin,2013-06-13 05:00:00
2503,2013,6,13,6,90.0,112.0,14.0,94.0,1100.0,39.0,19.8,1004.1,16.1,0.0,NE,2.0,Aotizhongxin,2013-06-13 06:00:00
2504,2013,6,13,7,117.0,126.0,23.0,94.0,1399.0,44.0,21.5,1004.2,15.6,0.0,NE,2.1,Aotizhongxin,2013-06-13 07:00:00
2505,2013,6,13,8,118.0,137.0,44.0,90.0,1700.0,56.0,23.0,1004.0,15.8,0.0,ESE,1.4,Aotizhongxin,2013-06-13 08:00:00
2506,2013,6,13,9,125.0,149.0,57.0,93.0,1700.0,64.0,24.4,1003.9,15.6,0.0,NE,1.2,Aotizhongxin,2013-06-13 09:00:00
2507,2013,6,13,10,127.0,148.0,63.0,89.0,1700.0,81.0,25.5,1004.2,16.6,0.0,NW,1.3,Aotizhongxin,2013-06-13 10:00:00
2508,2013,6,13,11,130.0,148.0,74.0,81.0,1800.0,107.0,27.1,1003.6,17.6,0.0,S,1.7,Aotizhongxin,2013-06-13 11:00:00
2509,2013,6,13,12,140.0,182.0,68.0,76.0,1899.0,138.0,28.0,1003.2,17.5,0.0,SW,2.2,Aotizhongxin,2013-06-13 12:00:00
2510,2013,6,13,13,160.0,202.0,69.0,93.0,2299.0,160.0,29.4,1002.8,18.2,0.0,S,2.0,Aotizhongxin,2013-06-13 13:00:00
2511,2013,6,13,14,162.0,200.0,62.0,72.0,1899.0,236.0,29.7,1002.1,17.5,0.0,SW,4.0,Aotizhongxin,2013-06-13 14:00:00
2512,2013,6,13,15,158.0,184.0,48.0,60.0,1600.0,272.0,29.5,1002.0,18.0,0.0,SSW,2.4,Aotizhongxin,2013-06-13 15:00:00
2513,2013,6,13,16,118.0,184.0,41.0,50.0,1100.0,259.0,29.5,1001.1,16.7,0.0,SW,2.4,Aotizhongxin,2013-06-13 16:00:00
2514,2013,6,13,17,80.0,81.0,30.0,43.0,800.0,232.0,29.1,1000.7,17.0,0.0,SSW,1.9,Aotizhongxin,2013-06-13 17:00:00
2515,2013,6,13,18,88.0,151.0,23.0,53.0,800.0,231.0,28.1,1001.1,17.9,0.0,SW,0.8,Aotizhongxin,2013-06-13 18:00:00
2516,2013,6,13,19,101.0,140.0,22.0,62.0,800.0,223.0,25.7,1001.5,17.9,0.0,SSW,0.6,Aotizhongxin,2013-06-13 19:00:00
2517,2013,6,13,20,112.0,173.0,16.0,89.0,1000.0,171.0,23.7,1002.2,19.0,0.0,SSW,0.7,Aotizhongxin,2013-06-13 20:00:00
2518,2013,6,13,21,127.0,178.0,11.0,192.0,1399.0,85.0,22.6,1002.6,19.4,0.0,W,0.8,Aotizhongxin,2013-06-13 21:00:00
2519,2013,6,13,22,110.0,178.0,19.0,104.0,900.0,135.0,23.7,1002.8,13.8,0.0,SSW,1.3,Aotizhongxin,2013-06-13 22:00:00
2520,2013,6,13,23,90.0,122.0,24.0,86.0,700.0,121.0,24.0,1002.6,12.9,0.0,S,1.1,Aotizhongxin,2013-06-13 23:00:00
2521,2013,6,14,0,86.0,169.0,21.0,90.0,700.0,105.0,24.4,1002.3,11.7,0.0,S,1.4,Aotizhongxin,2013-06-14 00:00:00
2522,2013,6,14,1,79.0,119.0,22.0,86.0,600.0,103.0,24.5,1002.1,11.4,0.0,SSW,1.7,Aotizhongxin,2013-06-14 01:00:00
2523,2013,6,14,2,75.0,116.0,25.0,78.0,600.0,101.0,23.4,1002.5,10.8,0.0,SSW,1.2,Aotizhongxin,2013-06-14 02:00:00
2524,2013,6,14,3,70.0,122.0,27.0,82.0,600.0,86.0,22.0,1002.5,12.0,0.0,SSW,1.2,Aotizhongxin,2013-06-14 03:00:00
2525,2013,6,14,4,75.0,130.0,33.0,78.0,500.0,91.0,22.6,1003.1,11.9,0.0,WSW,1.7,Aotizhongxin,2013-06-14 04:00:00
2526,2013,6,14,5,82.0,142.0,38.0,73.0,600.0,94.0,21.9,1003.5,13.0,0.0,SSW,2.0,Aotizhongxin,2013-06-14 05:00:00
2527,2013,6,14,6,88.0,148.0,43.0,86.0,600.0,80.0,22.1,1003.9,15.2,0.0,WNW,1.1,Aotizhongxin,2013-06-14 06:00:00
2528,2013,6,14,7,92.0,182.0,47.0,92.0,700.0,75.0,23.8,1004.1,14.2,0.0,WSW,1.7,Aotizhongxin,2013-06-14 07:00:00
2529,2013,6,14,8,100.0,103.0,47.0,104.0,800.0,70.0,24.7,1004.3,14.2,0.0,SW,2.8,Aotizhongxin,2013-06-14 08:00:00
2530,2013,6,14,9,106.0,207.0,52.0,96.0,800.0,87.0,26.3,1003.9,15.4,0.0,S,1.3,Aotizhongxin,2013-06-14 09:00:00
2531,2013,6,14,10,126.0,194.0,49.0,90.0,900.0,116.0,27.7,1003.7,16.0,0.0,SW,2.3,Aotizhongxin,2013-06-14 10:00:00
2532,2013,6,14,11,138.0,205.0,49.0,80.0,900.0,160.0,28.8,1003.1,16.4,0.0,SSW,1.9,Aotizhongxin,2013-06-14 11:00:00
2533,2013,6,14,12,153.0,189.0,57.0,64.0,1000.0,223.0,29.5,1002.7,16.7,0.0,S,2.6,Aotizhongxin,2013-06-14 12:00:00
2534,2013,6,14,13,139.0,188.0,52.0,55.0,900.0,251.0,30.0,1002.2,14.5,0.0,SW,4.4,Aotizhongxin,2013-06-14 13:00:00
2535,2013,6,14,14,123.0,156.0,42.0,48.0,800.0,264.0,30.2,1001.6,13.9,0.0,SSW,3.4,Aotizhongxin,2013-06-14 14:00:00
2536,2013,6,14,15,104.0,128.0,31.0,45.0,700.0,255.0,30.3,1001.0,15.2,0.0,SW,3.0,Aotizhongxin,2013-06-14 15:00:00
2537,2013,6,14,16,122.0,190.0,26.0,48.0,700.0,262.0,30.2,1000.0,15.9,0.0,SSW,2.2,Aotizhongxin,2013-06-14 16:00:00
2538,2013,6,14,17,137.0,190.0,30.0,48.0,700.0,263.0,29.9,1000.3,14.8,0.0,SW,3.0,Aotizhongxin,2013-06-14 17:00:00
2539,2013,6,14,18,139.0,179.0,28.0,56.0,900.0,248.0,28.7,1000.8,15.2,0.0,SSW,1.6,Aotizhongxin,2013-06-14 18:00:00
2540,2013,6,14,19,129.0,160.0,18.0,84.0,900.0,207.0,27.8,1001.4,15.5,0.0,SW,1.3,Aotizhongxin,2013-06-14 19:00:00
2541,2013,6,14,20,126.0,141.0,13.0,91.0,900.0,179.0,26.1,1001.9,15.5,0.0,S,1.6,Aotizhongxin,2013-06-14 20:00:00
2542,2013,6,14,21,128.0,214.0,10.0,110.0,1100.0,139.0,25.7,1002.5,14.8,0.0,SSW,1.4,Aotizhongxin,2013-06-14 21:00:00
2543,2013,6,14,22,112.0,124.0,22.0,89.0,1300.0,154.0,24.5,1002.7,14.0,0.0,SSW,1.6,Aotizhongxin,2013-06-14 22:00:00
2544,2013,6,14,23,110.0,150.0,31.0,122.0,1100.0,103.0,23.7,1002.0,14.7,0.0,SSW,0.8,Aotizhongxin,2013-06-14 23:00:00
2545,2013,6,15,0,90.0,99.0,38.0,118.0,1200.0,76.0,22.5,1002.0,15.6,0.0,ESE,0.0,Aotizhongxin,2013-06-15 00:00:00
2546,2013,6,15,1,73.0,119.0,41.0,96.0,1399.0,67.0,21.2,1002.1,15.1,0.0,E,0.5,Aotizhongxin,2013-06-15 01:00:00
2547,2013,6,15,2,75.0,126.0,39.0,79.0,1300.0,66.0,20.8,1001.8,14.7,0.0,NNE,1.1,Aotizhongxin,2013-06-15 02:00:00
2548,2013,6,15,3,92.0,171.0,31.0,143.0,1200.0,2.0,20.5,1002.3,14.6,0.0,NE,1.1,Aotizhongxin,2013-06-15 03:00:00
2549,2013,6,15,4,76.0,121.0,26.0,111.0,900.0,9.0,19.7,1002.8,14.7,0.0,NE,1.1,Aotizhongxin,2013-06-15 04:00:00
2550,2013,6,15,5,63.0,103.0,22.0,105.0,800.0,8.0,19.3,1003.1,15.4,0.0,NNW,0.6,Aotizhongxin,2013-06-15 05:00:00
2551,2013,6,15,6,62.0,109.0,19.0,99.0,700.0,8.0,21.2,1003.4,14.8,0.0,NNE,1.3,Aotizhongxin,2013-06-15 06:00:00
2552,2013,6,15,7,71.0,140.0,19.0,96.0,800.0,9.0,22.7,1003.6,15.0,0.0,N,2.1,Aotizhongxin,2013-06-15 07:00:00
2553,2013,6,15,8,79.0,132.0,28.0,96.0,1000.0,14.0,23.9,1003.3,15.4,0.0,NNE,1.2,Aotizhongxin,2013-06-15 08:00:00
2554,2013,6,15,9,86.0,147.0,30.0,98.0,1000.0,21.0,25.3,1003.1,15.9,0.0,NE,1.3,Aotizhongxin,2013-06-15 09:00:00
2555,2013,6,15,10,106.0,145.0,27.0,84.0,1300.0,47.0,26.1,1003.1,16.6,0.0,ENE,1.6,Aotizhongxin,2013-06-15 10:00:00
2556,2013,6,15,11,124.0,204.0,26.0,73.0,1600.0,67.0,26.4,1002.7,17.2,0.0,WSW,1.0,Aotizhongxin,2013-06-15 11:00:00
2557,2013,6,15,12,144.0,216.0,28.0,76.0,1800.0,87.0,27.8,1001.5,17.0,0.0,W,1.5,Aotizhongxin,2013-06-15 12:00:00
2558,2013,6,15,13,154.0,209.0,45.0,97.0,1866.6666666666667,94.0,29.3,1001.0,16.8,0.0,WSW,1.1,Aotizhongxin,2013-06-15 13:00:00
2559,2013,6,15,14,163.0,228.0,51.0,111.0,1933.3333333333333,162.0,30.4,1000.5,16.8,0.0,WSW,1.9,Aotizhongxin,2013-06-15 14:00:00
2560,2013,6,15,15,167.0,235.0,107.0,110.0,2000.0,204.0,30.9,999.6,18.3,0.0,SSW,0.9,Aotizhongxin,2013-06-15 15:00:00
2561,2013,6,15,16,172.0,226.0,52.0,111.0,1600.0,204.0,30.8,999.2,17.8,0.0,SSW,2.0,Aotizhongxin,2013-06-15 16:00:00
2562,2013,6,15,17,154.0,215.0,39.0,114.0,1100.0,224.0,30.1,999.7,17.2,0.0,SW,2.2,Aotizhongxin,2013-06-15 17:00:00
2563,2013,6,15,18,158.0,224.0,37.0,117.0,1100.0,233.0,28.2,999.9,18.9,0.0,SSE,0.2,Aotizhongxin,2013-06-15 18:00:00
2564,2013,6,15,19,169.0,238.0,29.0,130.0,1200.0,205.0,26.0,1000.2,18.7,0.0,ESE,0.4,Aotizhongxin,2013-06-15 19:00:00
2565,2013,6,15,20,187.0,299.0,26.0,153.0,1500.0,184.0,27.1,1000.5,19.4,0.0,SSE,1.1,Aotizhongxin,2013-06-15 20:00:00
2566,2013,6,15,21,226.0,297.0,32.0,113.0,1899.0,173.0,27.3,1000.5,18.3,0.0,SSE,0.7,Aotizhongxin,2013-06-15 21:00:00
2567,2013,6,15,22,188.0,298.0,49.0,150.0,1700.0,121.0,26.6,1000.6,16.8,0.0,SSW,1.2,Aotizhongxin,2013-06-15 22:00:00
2568,2013,6,15,23,159.0,181.0,67.0,136.0,1399.0,116.0,25.5,1000.2,17.7,0.0,SE,0.5,Aotizhongxin,2013-06-15 23:00:00
2569,2013,6,16,0,155.0,183.0,71.0,127.0,1200.0,101.0,24.8,999.9,17.8,0.0,ENE,0.0,Aotizhongxin,2013-06-16 00:00:00
2570,2013,6,16,1,146.0,146.0,48.0,108.0,1000.0,97.0,23.5,999.8,17.0,0.0,NE,1.3,Aotizhongxin,2013-06-16 01:00:00
2571,2013,6,16,2,132.0,146.0,49.0,91.0,1000.0,88.0,22.8,999.5,17.0,0.0,NNE,0.7,Aotizhongxin,2013-06-16 02:00:00
2572,2013,6,16,3,129.0,136.0,34.0,70.0,900.0,67.5,22.8,999.5,17.5,0.0,NNE,0.7,Aotizhongxin,2013-06-16 03:00:00
2573,2013,6,16,4,118.0,139.0,29.0,70.0,800.0,47.0,22.4,999.3,17.1,0.0,NNE,1.1,Aotizhongxin,2013-06-16 04:00:00
2574,2013,6,16,5,122.0,159.0,32.0,81.0,900.0,62.0,22.7,999.4,17.2,0.0,NE,1.5,Aotizhongxin,2013-06-16 05:00:00
2575,2013,6,16,6,136.0,187.0,33.0,75.0,900.0,62.0,22.9,999.0,18.0,0.0,NE,1.0,Aotizhongxin,2013-06-16 06:00:00
2576,2013,6,16,7,147.0,189.0,32.0,80.0,1100.0,54.0,23.4,999.1,18.5,0.0,NNE,0.8,Aotizhongxin,2013-06-16 07:00:00
2577,2013,6,16,8,165.0,197.0,38.0,86.0,1300.0,43.0,23.4,998.7,18.9,0.0,NNE,0.7,Aotizhongxin,2013-06-16 08:00:00
2578,2013,6,16,9,168.0,216.0,49.0,90.0,1700.0,30.0,23.2,998.5,18.9,0.0,NNE,1.6,Aotizhongxin,2013-06-16 09:00:00
2579,2013,6,16,10,174.0,204.0,53.0,99.0,1899.0,20.0,22.9,998.3,19.1,0.0,N,2.1,Aotizhongxin,2013-06-16 10:00:00
2580,2013,6,16,11,193.0,246.0,55.0,106.0,2600.0,17.0,22.1,997.9,19.5,0.1,N,1.8,Aotizhongxin,2013-06-16 11:00:00
2581,2013,6,16,12,198.0,333.0,50.0,112.0,2500.0,9.0,21.1,997.7,19.2,0.2,ENE,1.5,Aotizhongxin,2013-06-16 12:00:00
2582,2013,6,16,13,201.0,228.0,39.0,118.0,2899.0,2.0,21.3,996.8,19.8,0.1,NE,1.2,Aotizhongxin,2013-06-16 13:00:00
2583,2013,6,16,14,200.0,228.0,23.0,108.0,2500.0,7.0,21.5,996.7,19.4,0.0,NNE,1.8,Aotizhongxin,2013-06-16 14:00:00
2584,2013,6,16,15,189.0,148.0,30.0,99.0,2299.0,24.0,21.7,996.6,19.8,0.0,NE,1.6,Aotizhongxin,2013-06-16 15:00:00
2585,2013,6,16,16,172.0,185.0,24.0,84.0,2200.0,18.0,21.7,996.7,20.0,0.0,N,1.4,Aotizhongxin,2013-06-16 16:00:00
2586,2013,6,16,17,203.0,185.0,25.0,83.0,2299.0,16.0,21.8,997.0,19.9,0.0,NNE,1.6,Aotizhongxin,2013-06-16 17:00:00
2587,2013,6,16,18,200.0,131.0,35.0,73.0,2500.0,35.0,21.9,997.3,20.0,0.0,NE,1.6,Aotizhongxin,2013-06-16 18:00:00
2588,2013,6,16,19,218.0,182.0,42.0,84.0,2799.0,26.0,22.0,997.5,20.3,0.0,NE,1.6,Aotizhongxin,2013-06-16 19:00:00
2589,2013,6,16,20,198.0,203.0,33.0,100.0,2500.0,2.0,22.1,998.5,20.2,0.0,NE,1.7,Aotizhongxin,2013-06-16 20:00:00
2590,2013,6,16,21,193.0,204.0,24.0,105.0,2500.0,2.0,21.6,998.4,20.8,0.6,NE,1.2,Aotizhongxin,2013-06-16 21:00:00
2591,2013,6,16,22,198.0,129.0,21.0,75.0,1700.0,20.0,21.6,998.2,20.9,0.0,ENE,0.7,Aotizhongxin,2013-06-16 22:00:00
2592,2013,6,16,23,193.0,114.0,16.0,62.0,1399.0,28.0,21.6,998.1,20.8,0.0,NE,1.2,Aotizhongxin,2013-06-16 23:00:00
2593,2013,6,17,0,191.0,111.0,16.0,43.0,1399.0,35.0,21.5,997.9,20.0,0.0,NE,1.2,Aotizhongxin,2013-06-17 00:00:00
2594,2013,6,17,1,146.0,53.0,13.0,43.0,1200.0,40.0,21.3,997.6,19.4,0.0,NNE,0.6,Aotizhongxin,2013-06-17 01:00:00
2595,2013,6,17,2,92.0,92.0,10.0,43.0,900.0,44.0,21.2,997.5,19.3,0.0,ENE,0.7,Aotizhongxin,2013-06-17 02:00:00
2596,2013,6,17,3,62.0,62.0,9.0,41.0,700.0,44.0,21.2,997.2,19.7,0.0,NE,1.6,Aotizhongxin,2013-06-17 03:00:00
2597,2013,6,17,4,40.0,40.0,7.0,45.0,500.0,36.0,21.0,997.6,19.5,0.0,NE,1.1,Aotizhongxin,2013-06-17 04:00:00
2598,2013,6,17,5,46.0,10.0,8.0,52.0,600.0,23.0,21.2,997.4,19.3,0.0,ENE,1.2,Aotizhongxin,2013-06-17 05:00:00
2599,2013,6,17,6,33.0,33.0,9.0,59.0,400.0,22.0,21.9,997.5,18.1,0.0,NNE,1.1,Aotizhongxin,2013-06-17 06:00:00
2600,2013,6,17,7,14.0,14.0,6.0,49.0,300.0,32.0,23.7,997.3,18.1,0.0,ENE,1.2,Aotizhongxin,2013-06-17 07:00:00
2601,2013,6,17,8,13.0,129.0,7.0,59.0,400.0,30.0,25.2,997.5,18.9,0.0,ENE,1.6,Aotizhongxin,2013-06-17 08:00:00
2602,2013,6,17,9,18.0,46.0,6.0,53.0,400.0,47.0,26.8,997.5,17.8,0.0,NE,1.7,Aotizhongxin,2013-06-17 09:00:00
2603,2013,6,17,10,13.0,46.0,7.0,47.0,400.0,67.0,27.9,997.1,16.5,0.0,ENE,1.4,Aotizhongxin,2013-06-17 10:00:00
2604,2013,6,17,11,12.0,12.0,6.0,39.0,300.0,84.0,28.1,997.2,15.7,0.0,NE,1.4,Aotizhongxin,2013-06-17 11:00:00
2605,2013,6,17,12,10.0,10.0,5.0,40.0,200.0,97.0,29.1,996.1,16.0,0.0,W,1.2,Aotizhongxin,2013-06-17 12:00:00
2606,2013,6,17,13,20.0,42.0,6.0,47.0,400.0,110.0,30.1,996.0,16.1,0.0,WNW,1.5,Aotizhongxin,2013-06-17 13:00:00
2607,2013,6,17,14,21.0,42.0,7.0,46.0,400.0,125.0,31.0,995.1,15.8,0.0,SSW,1.2,Aotizhongxin,2013-06-17 14:00:00
2608,2013,6,17,15,16.0,16.0,8.0,47.0,300.0,149.0,31.0,994.3,15.8,0.0,SW,1.8,Aotizhongxin,2013-06-17 15:00:00
2609,2013,6,17,16,22.0,89.0,10.0,55.0,500.0,183.0,30.6,994.0,15.1,0.0,WSW,1.0,Aotizhongxin,2013-06-17 16:00:00
2610,2013,6,17,17,38.0,90.0,11.0,65.0,500.0,197.0,29.3,994.0,15.4,0.0,SW,1.6,Aotizhongxin,2013-06-17 17:00:00
2611,2013,6,17,18,18.0,26.0,9.0,68.0,500.0,157.0,28.4,994.3,16.0,0.0,SW,2.6,Aotizhongxin,2013-06-17 18:00:00
2612,2013,6,17,19,35.0,83.0,9.0,68.0,500.0,152.0,27.4,994.7,17.8,0.0,SW,1.8,Aotizhongxin,2013-06-17 19:00:00
2613,2013,6,17,20,35.0,83.0,9.0,68.0,500.0,152.0,26.7,994.6,18.6,0.0,SSW,1.7,Aotizhongxin,2013-06-17 20:00:00
2614,2013,6,17,21,50.0,78.0,9.0,81.0,700.0,108.0,26.0,994.4,18.2,0.0,SW,1.8,Aotizhongxin,2013-06-17 21:00:00
2615,2013,6,17,22,50.0,103.0,8.0,94.0,800.0,68.0,25.4,994.3,18.8,0.0,SSW,1.1,Aotizhongxin,2013-06-17 22:00:00
2616,2013,6,17,23,51.0,66.0,9.0,92.0,700.0,65.0,24.8,994.1,17.8,0.0,W,0.0,Aotizhongxin,2013-06-17 23:00:00
2617,2013,6,18,0,53.0,88.0,12.0,111.0,700.0,43.0,23.2,994.0,18.7,0.0,W,0.4,Aotizhongxin,2013-06-18 00:00:00
2618,2013,6,18,1,55.0,89.0,17.0,110.0,700.0,33.0,22.4,993.6,18.8,0.0,NE,0.0,Aotizhongxin,2013-06-18 01:00:00
2619,2013,6,18,2,60.0,93.0,17.0,120.0,700.0,3.0,21.8,993.2,19.0,0.0,ENE,0.6,Aotizhongxin,2013-06-18 02:00:00
2620,2013,6,18,3,46.0,83.0,12.0,94.0,700.0,2.5,21.9,992.9,16.8,0.0,NE,1.1,Aotizhongxin,2013-06-18 03:00:00
2621,2013,6,18,4,52.0,96.0,14.0,94.0,700.0,2.0,21.9,992.9,17.5,0.0,NE,0.5,Aotizhongxin,2013-06-18 04:00:00
2622,2013,6,18,5,49.0,96.0,14.0,118.0,700.0,2.0,22.1,992.8,19.3,0.0,WSW,0.6,Aotizhongxin,2013-06-18 05:00:00
2623,2013,6,18,6,60.0,198.0,12.0,108.0,700.0,2.0,23.5,993.1,18.2,0.0,ENE,1.1,Aotizhongxin,2013-06-18 06:00:00
2624,2013,6,18,7,62.0,198.0,13.0,88.0,700.0,13.0,25.6,993.0,17.5,0.0,ENE,0.6,Aotizhongxin,2013-06-18 07:00:00
2625,2013,6,18,8,72.0,76.0,17.0,95.0,800.0,34.0,27.8,993.0,16.1,0.0,NW,0.9,Aotizhongxin,2013-06-18 08:00:00
2626,2013,6,18,9,80.0,130.0,18.0,118.0,1000.0,47.0,29.5,992.6,14.9,0.0,SW,3.0,Aotizhongxin,2013-06-18 09:00:00
2627,2013,6,18,10,59.0,130.0,14.0,108.0,800.0,73.0,30.2,992.2,16.2,0.0,SSW,1.7,Aotizhongxin,2013-06-18 10:00:00
2628,2013,6,18,11,23.0,37.0,11.0,64.0,400.0,110.0,31.0,991.5,17.0,0.0,SSW,2.2,Aotizhongxin,2013-06-18 11:00:00
2629,2013,6,18,12,25.0,54.0,12.0,57.0,400.0,122.0,31.5,990.4,16.3,0.0,SSW,3.1,Aotizhongxin,2013-06-18 12:00:00
2630,2013,6,18,13,25.0,54.0,12.0,57.0,400.0,122.0,31.6,989.7,15.5,0.0,SSW,3.2,Aotizhongxin,2013-06-18 13:00:00
2631,2013,6,18,14,32.0,63.0,15.0,55.0,400.0,159.0,32.0,989.2,17.9,0.0,SSW,2.7,Aotizhongxin,2013-06-18 14:00:00
2632,2013,6,18,15,37.0,69.0,17.0,57.0,500.0,163.0,32.0,989.0,16.3,0.0,SW,4.0,Aotizhongxin,2013-06-18 15:00:00
2633,2013,6,18,16,39.0,91.0,18.0,60.0,500.0,167.0,31.1,989.5,16.3,0.0,SW,2.3,Aotizhongxin,2013-06-18 16:00:00
2634,2013,6,18,17,33.0,76.0,19.0,65.0,500.0,178.0,30.0,990.2,16.4,0.0,SW,1.8,Aotizhongxin,2013-06-18 17:00:00
2635,2013,6,18,18,40.0,74.0,17.0,73.0,500.0,174.0,29.6,991.2,16.8,0.0,SSW,0.9,Aotizhongxin,2013-06-18 18:00:00
2636,2013,6,18,19,32.0,48.0,12.0,77.0,500.0,148.0,26.3,992.1,19.2,0.0,SSW,0.5,Aotizhongxin,2013-06-18 19:00:00
2637,2013,6,18,20,53.0,90.0,12.0,93.0,600.0,121.0,27.0,993.1,17.2,0.0,NE,1.0,Aotizhongxin,2013-06-18 20:00:00
2638,2013,6,18,21,49.0,89.0,13.0,126.0,900.0,74.0,27.0,994.2,19.1,0.0,NE,1.7,Aotizhongxin,2013-06-18 21:00:00
2639,2013,6,18,22,58.0,233.0,14.0,137.0,900.0,56.0,26.2,994.7,19.1,0.0,ENE,1.1,Aotizhongxin,2013-06-18 22:00:00
2640,2013,6,18,23,61.0,128.0,14.0,96.0,700.0,71.0,25.7,995.6,19.1,0.0,S,1.2,Aotizhongxin,2013-06-18 23:00:00
2641,2013,6,19,0,74.0,252.0,48.0,74.0,1700.0,43.0,24.4,996.5,19.2,0.0,SSE,1.3,Aotizhongxin,2013-06-19 00:00:00
2642,2013,6,19,1,91.0,144.0,36.0,49.0,1300.0,82.0,23.6,996.8,19.1,0.0,WNW,0.8,Aotizhongxin,2013-06-19 01:00:00
2643,2013,6,19,2,72.0,144.0,37.0,50.0,1399.0,80.0,21.8,996.8,19.0,0.0,S,0.5,Aotizhongxin,2013-06-19 02:00:00
2644,2013,6,19,3,64.0,29.0,17.0,45.0,1249.5,51.5,21.2,996.6,18.9,0.0,N,0.7,Aotizhongxin,2013-06-19 03:00:00
2645,2013,6,19,4,75.0,158.0,16.0,45.0,1100.0,23.0,21.9,997.1,19.5,0.0,NNE,0.4,Aotizhongxin,2013-06-19 04:00:00
2646,2013,6,19,5,91.0,124.0,17.0,84.0,1200.0,12.0,21.9,997.6,19.8,0.0,E,0.0,Aotizhongxin,2013-06-19 05:00:00
2647,2013,6,19,6,92.0,138.0,19.0,79.0,1300.0,16.0,23.6,997.7,19.1,0.0,NE,0.9,Aotizhongxin,2013-06-19 06:00:00
2648,2013,6,19,7,98.0,149.0,24.0,80.0,1399.0,24.0,26.0,997.8,19.4,0.0,NE,1.6,Aotizhongxin,2013-06-19 07:00:00
2649,2013,6,19,8,111.0,163.0,27.0,78.0,1399.0,54.0,29.4,998.0,19.1,0.0,ENE,1.5,Aotizhongxin,2013-06-19 08:00:00
2650,2013,6,19,9,88.0,163.0,24.0,60.0,1000.0,98.0,31.3,998.2,17.2,0.0,NNE,1.3,Aotizhongxin,2013-06-19 09:00:00
2651,2013,6,19,10,54.0,108.0,16.0,63.0,800.0,101.0,32.5,997.7,15.1,0.0,NW,0.9,Aotizhongxin,2013-06-19 10:00:00
2652,2013,6,19,11,28.0,109.0,12.0,45.0,500.0,120.0,33.7,997.8,14.7,0.0,ENE,1.5,Aotizhongxin,2013-06-19 11:00:00
2653,2013,6,19,12,20.0,20.0,19.0,45.0,300.0,160.0,34.0,997.2,12.9,0.0,SSW,1.0,Aotizhongxin,2013-06-19 12:00:00
2654,2013,6,19,13,27.0,27.0,18.0,44.0,300.0,175.0,34.8,996.6,11.9,0.0,NNE,1.4,Aotizhongxin,2013-06-19 13:00:00
2655,2013,6,19,14,3.0,6.0,16.0,44.0,200.0,156.0,35.4,996.3,13.0,0.0,SE,1.6,Aotizhongxin,2013-06-19 14:00:00
2656,2013,6,19,15,18.0,47.0,20.0,45.0,300.0,156.0,33.7,995.8,13.2,0.0,WSW,2.2,Aotizhongxin,2013-06-19 15:00:00
2657,2013,6,19,16,3.0,9.0,16.0,48.0,400.0,185.0,34.4,995.7,15.3,0.0,SW,1.1,Aotizhongxin,2013-06-19 16:00:00
2658,2013,6,19,17,16.0,9.0,16.0,48.0,333.3333333333333,197.17305,32.5,996.4,15.1,0.0,WSW,2.9,Aotizhongxin,2013-06-19 17:00:00
2659,2013,6,19,18,3.0,3.0,14.163085714285714,26.5,266.66666666666663,209.3461,31.7,996.6,15.2,0.0,SW,2.0,Aotizhongxin,2013-06-19 18:00:00
2660,2013,6,19,19,37.0,37.0,12.326171428571428,5.0,200.0,221.51915000000002,29.6,996.7,18.4,0.0,SW,1.3,Aotizhongxin,2013-06-19 19:00:00
2661,2013,6,19,20,37.0,37.0,10.489257142857143,5.0,220.0,233.6922,26.9,997.6,20.3,0.0,SW,0.9,Aotizhongxin,2013-06-19 20:00:00
2662,2013,6,19,21,43.0,43.0,8.652342857142857,98.1334,240.0,171.5742,28.2,997.6,17.7,0.0,SW,1.0,Aotizhongxin,2013-06-19 21:00:00
2663,2013,6,19,22,53.0,53.0,6.815428571428571,100.1864,260.0,125.307,25.9,998.0,19.1,0.0,WSW,0.0,Aotizhongxin,2013-06-19 22:00:00
2664,2013,6,19,23,60.0,60.0,4.978514285714286,159.7234,280.0,45.8388,25.3,998.0,19.9,0.0,N,0.0,Aotizhongxin,2013-06-19 23:00:00
2665,2013,6,20,0,62.0,62.0,3.1416,159.9287,300.0,12.6378,24.9,998.2,20.4,0.0,SSE,0.5,Aotizhongxin,2013-06-20 00:00:00
2666,2013,6,20,1,64.0,64.0,7.9968,161.7764,320.0,5.355,26.3,998.3,18.4,0.0,NE,1.5,Aotizhongxin,2013-06-20 01:00:00
2667,2013,6,20,2,74.0,74.0,16.5648,173.4785,340.0,4.8909,24.9,999.0,18.8,0.0,NE,1.0,Aotizhongxin,2013-06-20 02:00:00
2668,2013,6,20,3,61.0,61.0,15.9936,123.7959,360.0,4.4268,24.6,999.4,19.2,0.0,NNE,0.9,Aotizhongxin,2013-06-20 03:00:00
2669,2013,6,20,4,74.0,74.0,21.9912,111.6832,380.0,3.9627,24.1,1000.2,19.4,0.0,NNE,1.1,Aotizhongxin,2013-06-20 04:00:00
2670,2013,6,20,5,106.0,106.0,30.2736,117.021,400.0,3.4985999999999997,24.0,1000.3,20.1,0.0,N,0.7,Aotizhongxin,2013-06-20 05:00:00
2671,2013,6,20,6,92.0,92.0,25.704,99.5705,420.0,3.0345,24.5,1001.3,20.0,0.0,NE,1.5,Aotizhongxin,2013-06-20 06:00:00
2672,2013,6,20,7,61.0,61.0,17.9928,81.5041,440.0,2.5704,25.4,1001.6,18.8,0.0,ENE,1.0,Aotizhongxin,2013-06-20 07:00:00
2673,2013,6,20,8,37.0,37.0,7.7112,73.7027,460.0,11.781,26.2,1002.3,18.8,0.0,ENE,1.6,Aotizhongxin,2013-06-20 08:00:00
2674,2013,6,20,9,42.0,126.0,13.1376,90.9479,480.0,20.5632,27.1,1002.5,18.9,0.0,E,1.2,Aotizhongxin,2013-06-20 09:00:00
2675,2013,6,20,10,37.0,94.0,11.0,85.0,500.0,32.0,29.2,1002.7,19.5,0.0,N,0.5,Aotizhongxin,2013-06-20 10:00:00
2676,2013,6,20,11,27.0,30.0,10.0,61.0,400.0,64.0,28.3,1002.4,19.0,0.0,NNE,1.0,Aotizhongxin,2013-06-20 11:00:00
2677,2013,6,20,12,26.0,72.0,11.0,53.0,300.0,99.0,28.0,1002.1,21.8,0.0,W,0.6,Aotizhongxin,2013-06-20 12:00:00
2678,2013,6,20,13,23.0,61.0,9.0,44.0,200.0,124.0,28.1,1002.1,22.1,0.0,WSW,1.1,Aotizhongxin,2013-06-20 13:00:00
2679,2013,6,20,14,24.0,35.0,10.0,54.0,300.0,122.0,29.2,1002.0,19.2,0.0,W,0.9,Aotizhongxin,2013-06-20 14:00:00
2680,2013,6,20,15,33.0,58.0,11.0,54.0,309.8958333333333,134.3034,27.5,1002.6,21.8,0.0,WNW,0.5,Aotizhongxin,2013-06-20 15:00:00
2681,2013,6,20,16,54.0,124.0,34.8432,67.5437,319.7916666666667,132.1614,26.6,1002.4,20.7,0.0,WSW,0.7,Aotizhongxin,2013-06-20 16:00:00
2682,2013,6,20,17,53.0,117.0,23.7048,98.544,329.6875,144.3708,25.8,1002.7,19.2,0.0,SSW,0.2,Aotizhongxin,2013-06-20 17:00:00
2683,2013,6,20,18,44.0,106.0,17.9928,98.7493,339.5833333333333,116.3106,25.1,1002.6,17.8,0.0,SSE,0.0,Aotizhongxin,2013-06-20 18:00:00
2684,2013,6,20,19,42.0,87.0,19.992,89.7161,349.4791666666667,107.5284,24.6,1003.1,18.5,0.0,ENE,0.5,Aotizhongxin,2013-06-20 19:00:00
2685,2013,6,20,20,42.0,102.0,27.131999999999998,110.6567,359.375,60.1902,23.8,1003.7,19.3,0.0,SW,1.1,Aotizhongxin,2013-06-20 20:00:00
2686,2013,6,20,21,90.0,242.0,34.272,120.5111,369.2708333333333,33.201,23.7,1003.9,20.4,0.0,SW,1.4,Aotizhongxin,2013-06-20 21:00:00
2687,2013,6,20,22,90.0,242.0,65.1168,110.04079999999999,379.1666666666667,28.7028,24.2,1004.0,18.6,0.0,E,0.8,Aotizhongxin,2013-06-20 22:00:00
2688,2013,6,20,23,91.0,102.0,41.1264,99.5705,389.0625,49.6944,24.3,1004.3,19.1,0.0,NNE,0.2,Aotizhongxin,2013-06-20 23:00:00
2689,2013,6,21,0,56.0,135.0,19.992,129.1337,398.9583333333333,43.616475,23.0,1004.2,19.8,0.0,SSW,0.4,Aotizhongxin,2013-06-21 00:00:00
2690,2013,6,21,1,40.0,94.0,10.8528,98.7493,408.8541666666667,37.53855,22.2,1004.0,19.6,0.0,ESE,0.2,Aotizhongxin,2013-06-21 01:00:00
2691,2013,6,21,2,38.0,98.0,9.7104,100.1864,418.75,31.460625,21.8,1004.1,19.7,0.0,SSW,0.6,Aotizhongxin,2013-06-21 02:00:00
2692,2013,6,21,3,39.0,92.0,11.7096,105.7295,428.6458333333333,25.3827,21.2,1004.0,19.3,0.0,ENE,0.6,Aotizhongxin,2013-06-21 03:00:00
2693,2013,6,21,4,41.0,99.0,11.424,94.6433,438.5416666666667,19.304775,21.3,1004.4,19.8,0.0,SW,0.7,Aotizhongxin,2013-06-21 04:00:00
2694,2013,6,21,5,58.0,120.0,14.8512,95.6698,448.4375,13.226849999999999,21.6,1004.8,19.9,0.0,SW,0.6,Aotizhongxin,2013-06-21 05:00:00
2695,2013,6,21,6,82.0,152.0,19.1352,95.6698,458.33333333333337,7.148924999999998,23.3,1004.8,20.6,0.0,W,0.4,Aotizhongxin,2013-06-21 06:00:00
2696,2013,6,21,7,48.0,110.0,14.5656,85.1995,468.2291666666667,1.071,25.7,1005.0,19.6,0.0,NE,1.1,Aotizhongxin,2013-06-21 07:00:00
2697,2013,6,21,8,49.0,168.0,19.992,104.0871,478.125,4.7124,27.2,1005.2,19.0,0.0,ENE,0.8,Aotizhongxin,2013-06-21 08:00:00
2698,2013,6,21,9,115.0,179.0,27.7032,98.7493,488.02083333333337,45.1962,28.3,1005.0,18.7,0.0,WSW,0.9,Aotizhongxin,2013-06-21 09:00:00
2699,2013,6,21,10,98.0,106.0,27.9888,97.9281,497.9166666666667,84.1806,29.3,1004.7,19.9,0.0,ENE,0.4,Aotizhongxin,2013-06-21 10:00:00
2700,2013,6,21,11,84.0,106.0,26.2752,93.0009,507.8125,119.5236,30.6,1004.4,18.7,0.0,WSW,1.5,Aotizhongxin,2013-06-21 11:00:00
2701,2013,6,21,12,64.0,104.0,20.8488,87.2525,517.7083333333334,132.5898,29.7,1003.9,17.8,0.0,SSW,2.9,Aotizhongxin,2013-06-21 12:00:00
2702,2013,6,21,13,31.0,30.0,14.28,68.5702,527.6041666666666,160.8642,28.7,1003.4,19.1,0.0,SW,2.9,Aotizhongxin,2013-06-21 13:00:00
2703,2013,6,21,14,21.0,94.0,5.1408,50.7091,537.5,157.437,27.2,1003.0,19.3,0.0,SW,4.7,Aotizhongxin,2013-06-21 14:00:00
2704,2013,6,21,15,33.0,71.0,6.5688,53.378,547.3958333333334,137.9448,27.0,1002.9,19.9,0.0,SW,2.8,Aotizhongxin,2013-06-21 15:00:00
2705,2013,6,21,16,57.0,97.0,12.2808,77.3981,557.2916666666666,144.3708,26.9,1003.0,20.0,0.0,SW,2.6,Aotizhongxin,2013-06-21 16:00:00
2706,2013,6,21,17,56.0,171.0,8.8536,64.2589,567.1875,127.449,26.0,1002.6,19.6,0.0,SSW,2.1,Aotizhongxin,2013-06-21 17:00:00
2707,2013,6,21,18,56.0,171.0,9.1392,64.2589,577.0833333333334,106.6716,25.5,1002.7,19.6,0.0,SW,2.0,Aotizhongxin,2013-06-21 18:00:00
2708,2013,6,21,19,55.0,64.0,8.2824,64.2589,586.9791666666666,97.6752,25.4,1002.5,18.8,0.0,SW,2.8,Aotizhongxin,2013-06-21 19:00:00
2709,2013,6,21,20,41.0,47.0,4.8552,65.9013,596.875,65.1168,25.2,1002.6,15.5,0.0,SW,3.6,Aotizhongxin,2013-06-21 20:00:00
2710,2013,6,21,21,24.0,47.0,2.856,51.9409,606.7708333333334,83.3238,24.9,1003.3,15.5,0.0,SW,3.5,Aotizhongxin,2013-06-21 21:00:00
2711,2013,6,21,22,16.0,47.0,3.4272,53.1727,616.6666666666667,79.0398,24.1,1003.7,16.9,0.0,SW,2.7,Aotizhongxin,2013-06-21 22:00:00
2712,2013,6,21,23,20.0,48.0,4.5696,55.0204,626.5625,75.1842,23.4,1003.5,17.4,0.0,SW,2.1,Aotizhongxin,2013-06-21 23:00:00
2713,2013,6,22,0,32.0,87.0,5.9976,54.1992,636.4583333333334,72.1854,22.9,1003.7,17.8,0.0,SW,1.4,Aotizhongxin,2013-06-22 00:00:00
2714,2013,6,22,1,38.0,63.0,6.8544,54.4045,646.3541666666667,71.5428,22.1,1003.2,18.3,0.0,NW,0.7,Aotizhongxin,2013-06-22 01:00:00
2715,2013,6,22,2,38.0,50.0,5.9976,62.8218,656.25,60.1902,21.2,1002.8,18.4,0.0,E,0.2,Aotizhongxin,2013-06-22 02:00:00
2716,2013,6,22,3,35.0,51.0,5.1408,44.9607,666.1458333333334,38.2347,21.1,1003.0,19.0,0.0,WSW,0.5,Aotizhongxin,2013-06-22 03:00:00
2717,2013,6,22,4,38.0,68.0,6.8544,59.3317,676.0416666666667,16.2792,21.6,1003.4,18.2,0.0,WSW,1.8,Aotizhongxin,2013-06-22 04:00:00
2718,2013,6,22,5,47.0,99.0,5.9976,73.7027,685.9375,20.1348,20.7,1003.6,19.4,0.3,WSW,1.3,Aotizhongxin,2013-06-22 05:00:00
2719,2013,6,22,6,75.0,145.0,6.2832,59.3317,695.8333333333334,35.9856,20.6,1004.2,19.8,0.7,SSE,0.4,Aotizhongxin,2013-06-22 06:00:00
2720,2013,6,22,7,94.0,109.0,5.4264,49.4773,705.7291666666667,40.4838,20.7,1004.4,19.9,0.6,NE,1.3,Aotizhongxin,2013-06-22 07:00:00
2721,2013,6,22,8,90.0,91.0,3.9984,63.0271,715.625,25.0614,20.5,1004.5,19.8,1.2,NE,1.8,Aotizhongxin,2013-06-22 08:00:00
2722,2013,6,22,9,74.0,91.0,3.1416,73.908,725.5208333333334,2.3562,20.6,1004.3,19.9,0.6,NE,1.9,Aotizhongxin,2013-06-22 09:00:00
2723,2013,6,22,10,59.0,65.0,2.856,65.696,735.4166666666667,8.3538,21.0,1004.0,20.5,1.0,N,1.4,Aotizhongxin,2013-06-22 10:00:00
2724,2013,6,22,11,53.0,66.0,1.9992,57.2787,745.3125,15.2082,21.0,1003.6,20.5,1.0,NNE,2.5,Aotizhongxin,2013-06-22 11:00:00
2725,2013,6,22,12,50.0,42.0,2.2848,54.6098,755.2083333333334,24.4188,20.9,1003.1,20.1,0.1,NE,1.8,Aotizhongxin,2013-06-22 12:00:00
2726,2013,6,22,13,43.0,43.0,1.9992,52.3515,765.1041666666667,38.1276,21.2,1002.4,20.2,0.2,NE,2.2,Aotizhongxin,2013-06-22 13:00:00
2727,2013,6,22,14,43.0,23.0,1.428,50.5038,775.0,38.3418,21.6,1002.1,20.1,0.0,NE,1.3,Aotizhongxin,2013-06-22 14:00:00
2728,2013,6,22,15,31.0,23.0,1.428,46.8084,784.8958333333334,37.0566,22.1,1002.0,20.2,0.0,NE,1.1,Aotizhongxin,2013-06-22 15:00:00
2729,2013,6,22,16,34.0,49.0,1.9992,44.7554,794.7916666666667,39.627,22.2,1001.6,19.7,0.0,ENE,1.1,Aotizhongxin,2013-06-22 16:00:00
2730,2013,6,22,17,34.0,49.0,0.8568,52.7621,804.6875,46.9098,22.2,1001.3,19.7,0.0,NNE,1.0,Aotizhongxin,2013-06-22 17:00:00
2731,2013,6,22,18,59.0,44.0,3.4272,63.643,814.5833333333334,36.8424,21.9,1001.5,19.8,0.0,NE,1.3,Aotizhongxin,2013-06-22 18:00:00
2732,2013,6,22,19,37.0,37.0,3.1416,61.1794,824.4791666666667,41.1264,21.5,1001.8,19.2,0.0,WSW,1.5,Aotizhongxin,2013-06-22 19:00:00
2733,2013,6,22,20,53.0,119.0,2.856,91.5638,834.375,31.3803,20.8,1002.3,19.1,0.0,W,1.2,Aotizhongxin,2013-06-22 20:00:00
2734,2013,6,22,21,50.0,52.0,1.428,87.4578,844.2708333333334,21.6342,20.5,1002.2,19.2,0.0,N,0.0,Aotizhongxin,2013-06-22 21:00:00
2735,2013,6,22,22,48.0,52.0,2.2848,93.8221,854.1666666666667,11.888100000000001,20.4,1002.2,19.4,0.0,WNW,0.6,Aotizhongxin,2013-06-22 22:00:00
2736,2013,6,22,23,46.0,22.0,3.1416,82.12,864.0625,2.142,20.2,1001.8,19.4,0.0,N,0.1,Aotizhongxin,2013-06-22 23:00:00
2737,2013,6,23,0,47.0,75.0,2.5704,83.3518,873.9583333333334,6.08328,20.3,1001.4,19.6,0.0,SW,0.7,Aotizhongxin,2013-06-23 00:00:00
2738,2013,6,23,1,50.0,75.0,4.5696,75.961,883.8541666666667,10.024560000000001,20.1,1001.4,19.4,0.0,SSW,0.5,Aotizhongxin,2013-06-23 01:00:00
2739,2013,6,23,2,62.0,57.0,11.424,83.3518,893.75,13.96584,19.9,1000.5,19.4,0.0,N,0.1,Aotizhongxin,2013-06-23 02:00:00
2740,2013,6,23,3,70.0,68.0,14.5656,74.3186,903.6458333333334,17.907120000000003,19.8,1000.5,19.3,0.0,N,0.0,Aotizhongxin,2013-06-23 03:00:00
2741,2013,6,23,4,78.0,70.0,12.5664,54.6098,913.5416666666667,21.8484,19.9,999.9,19.4,0.0,N,0.6,Aotizhongxin,2013-06-23 04:00:00
2742,2013,6,23,5,76.0,79.0,12.2808,66.7225,923.4375,5.7834,20.3,999.9,19.6,0.0,N,1.0,Aotizhongxin,2013-06-23 05:00:00
2743,2013,6,23,6,58.0,67.0,7.7112,80.8882,933.3333333333334,7.9968,21.4,999.8,19.3,0.0,NNE,1.3,Aotizhongxin,2013-06-23 06:00:00
2744,2013,6,23,7,83.0,67.0,16.2792,73.4974,943.2291666666667,10.2102,22.8,999.9,19.0,0.0,SW,0.8,Aotizhongxin,2013-06-23 07:00:00
2745,2013,6,23,8,80.0,76.0,15.1368,70.4179,953.125,12.4236,25.5,999.7,18.4,0.0,E,0.9,Aotizhongxin,2013-06-23 08:00:00
2746,2013,6,23,9,67.0,17.0,11.9952,59.537,963.0208333333334,41.3406,26.6,999.2,17.7,0.0,NW,0.6,Aotizhongxin,2013-06-23 09:00:00
2747,2013,6,23,10,58.0,39.0,15.4224,54.1992,972.9166666666667,66.8304,28.4,998.7,17.6,0.0,NE,1.9,Aotizhongxin,2013-06-23 10:00:00
2748,2013,6,23,11,57.0,20.0,16.2792,50.5038,982.8125,94.0338,29.4,998.1,15.9,0.0,NW,1.4,Aotizhongxin,2013-06-23 11:00:00
2749,2013,6,23,12,57.0,11.0,9.996,38.8017,992.7083333333334,130.2336,29.9,997.6,16.0,0.0,SSW,1.5,Aotizhongxin,2013-06-23 12:00:00
2750,2013,6,23,13,29.0,13.0,6.5688,42.0865,1002.6041666666667,158.2938,30.9,996.8,15.7,0.0,WNW,1.4,Aotizhongxin,2013-06-23 13:00:00
2751,2013,6,23,14,32.0,13.0,6.2832,48.6561,1012.5,185.0688,31.2,996.3,17.5,0.0,WSW,1.8,Aotizhongxin,2013-06-23 14:00:00
2752,2013,6,23,15,36.0,18.0,5.9976,50.7091,1022.3958333333334,209.0592,31.1,995.7,16.3,0.0,SW,1.3,Aotizhongxin,2013-06-23 15:00:00
2753,2013,6,23,16,40.0,85.0,6.8544,57.0734,1032.2916666666667,244.188,30.4,995.1,17.5,0.0,SSW,2.1,Aotizhongxin,2013-06-23 16:00:00
2754,2013,6,23,17,57.0,107.0,5.9976,73.0868,1042.1875,261.5382,29.5,995.7,17.0,0.0,WSW,3.1,Aotizhongxin,2013-06-23 17:00:00
2755,2013,6,23,18,59.0,103.0,5.1408,57.8946,1052.0833333333335,254.2554,28.1,995.9,16.4,0.0,SW,2.2,Aotizhongxin,2013-06-23 18:00:00
2756,2013,6,23,19,56.0,78.0,5.4264,56.2522,1061.9791666666667,213.129,27.4,996.3,17.3,0.0,SW,2.2,Aotizhongxin,2013-06-23 19:00:00
2757,2013,6,23,20,47.0,60.0,4.5696,63.4377,1071.875,157.6512,27.0,997.1,18.3,0.0,SW,3.0,Aotizhongxin,2013-06-23 20:00:00
2758,2013,6,23,21,44.0,118.0,3.7128,68.1596,1081.7708333333335,123.5934,26.3,997.6,18.9,0.0,SW,2.0,Aotizhongxin,2013-06-23 21:00:00
2759,2013,6,23,22,61.0,96.0,5.1408,75.3451,1091.6666666666667,107.5284,25.8,997.4,18.7,0.0,SSW,1.8,Aotizhongxin,2013-06-23 22:00:00
2760,2013,6,23,23,64.0,93.0,4.284,63.2324,1101.5625,116.5248,25.0,997.7,18.9,0.0,SW,1.6,Aotizhongxin,2013-06-23 23:00:00
2761,2013,6,24,0,73.0,109.0,6.5688,56.4575,1111.4583333333335,125.0928,24.0,997.8,18.9,0.0,WSW,0.9,Aotizhongxin,2013-06-24 00:00:00
2762,2013,6,24,1,64.0,81.0,4.8552,60.9741,1121.3541666666667,87.1794,22.2,996.8,18.8,0.0,SSE,1.2,Aotizhongxin,2013-06-24 01:00:00
2763,2013,6,24,2,49.0,64.0,5.4264,53.1727,1131.25,72.6138,21.8,997.3,19.0,0.0,SSW,0.8,Aotizhongxin,2013-06-24 02:00:00
2764,2013,6,24,3,37.0,42.0,4.5696,55.431,1141.1458333333335,66.402,21.2,996.9,18.8,0.0,SSW,0.2,Aotizhongxin,2013-06-24 03:00:00
2765,2013,6,24,4,40.0,53.0,4.8552,54.4045,1151.0416666666667,55.2636,20.9,997.2,19.2,0.0,N,1.2,Aotizhongxin,2013-06-24 04:00:00
2766,2013,6,24,5,50.0,79.0,4.284,83.9677,1160.9375,21.42,21.4,997.6,19.3,0.0,N,1.3,Aotizhongxin,2013-06-24 05:00:00
2767,2013,6,24,6,55.0,103.0,4.8552,64.6695,1170.8333333333335,32.7726,22.7,998.0,20.0,0.0,NE,1.5,Aotizhongxin,2013-06-24 06:00:00
2768,2013,6,24,7,55.0,103.0,7.14,76.3716,1180.7291666666667,25.0614,23.7,998.1,20.2,0.0,N,1.5,Aotizhongxin,2013-06-24 07:00:00
2769,2013,6,24,8,209.0,281.0,9.996,85.1995,1190.625,25.0614,24.5,998.9,20.6,0.0,NNE,1.5,Aotizhongxin,2013-06-24 08:00:00
2770,2013,6,24,9,233.0,281.0,9.7104,72.6762,1200.5208333333335,53.55,24.9,997.9,20.6,0.0,ESE,0.6,Aotizhongxin,2013-06-24 09:00:00
2771,2013,6,24,10,192.0,182.0,9.7104,67.1331,1210.4166666666667,85.4658,27.0,997.7,20.6,0.0,NE,1.5,Aotizhongxin,2013-06-24 10:00:00
2772,2013,6,24,11,180.0,165.0,10.8528,64.4642,1220.3125,117.1674,27.4,997.8,20.7,0.0,ESE,0.9,Aotizhongxin,2013-06-24 11:00:00
2773,2013,6,24,12,161.0,131.0,10.5672,61.59,1230.2083333333335,164.934,28.8,997.0,20.8,0.0,E,0.9,Aotizhongxin,2013-06-24 12:00:00
2774,2013,6,24,13,153.0,149.0,13.9944,57.6893,1240.1041666666667,188.9244,28.8,996.4,21.1,0.0,S,1.7,Aotizhongxin,2013-06-24 13:00:00
2775,2013,6,24,14,141.0,147.0,16.8504,58.3052,1250.0,202.419,29.3,995.8,21.8,0.0,SW,1.8,Aotizhongxin,2013-06-24 14:00:00
2776,2013,6,24,15,154.0,205.0,14.5656,55.0204,1259.8958333333335,215.4852,28.6,994.8,21.6,0.0,S,2.0,Aotizhongxin,2013-06-24 15:00:00
2777,2013,6,24,16,133.0,205.0,14.8512,54.4045,1269.7916666666667,205.8462,28.6,994.7,20.9,0.0,SW,2.2,Aotizhongxin,2013-06-24 16:00:00
2778,2013,6,24,17,120.0,117.0,15.1368,51.1197,1279.6875,218.0556,28.5,994.8,21.0,0.0,SW,1.5,Aotizhongxin,2013-06-24 17:00:00
2779,2013,6,24,18,141.0,147.0,16.5648,52.9674,1289.5833333333335,216.7704,27.6,995.7,22.3,0.2,WSW,1.6,Aotizhongxin,2013-06-24 18:00:00
2780,2013,6,24,19,154.0,167.0,13.7088,56.2522,1299.4791666666667,209.2734,21.7,995.2,20.2,4.0,S,1.1,Aotizhongxin,2013-06-24 19:00:00
2781,2013,6,24,20,120.0,168.0,6.8544,44.9607,1309.375,164.2914,21.1,995.4,20.3,1.0,SE,1.7,Aotizhongxin,2013-06-24 20:00:00
2782,2013,6,24,21,36.0,29.0,1.9992,46.6031,1319.2708333333335,94.248,20.8,997.1,20.3,0.0,W,0.9,Aotizhongxin,2013-06-24 21:00:00
2783,2013,6,24,22,44.0,27.0,0.5712,45.5766,1329.1666666666667,90.1782,20.6,996.6,20.3,0.1,NE,2.0,Aotizhongxin,2013-06-24 22:00:00
2784,2013,6,24,23,37.0,9.0,0.2856,64.0536,1339.0625,59.976,20.8,996.8,20.3,0.0,N,0.6,Aotizhongxin,2013-06-24 23:00:00
2785,2013,6,25,0,37.0,37.0,1.7136,49.57995,1348.9583333333335,60.2973,20.9,997.1,20.6,0.0,N,0.7,Aotizhongxin,2013-06-25 00:00:00
2786,2013,6,25,1,38.0,35.0,3.1416,35.1063,1358.8541666666667,60.6186,20.8,996.5,20.5,0.0,NE,0.2,Aotizhongxin,2013-06-25 01:00:00
2787,2013,6,25,2,39.0,35.0,2.856,39.2123,1368.75,65.1168,20.7,997.1,20.0,0.0,E,0.8,Aotizhongxin,2013-06-25 02:00:00
2788,2013,6,25,3,63.0,30.0,2.5704,42.0865,1378.6458333333335,45.8388,20.6,996.8,20.1,0.3,N,0.5,Aotizhongxin,2013-06-25 03:00:00
2789,2013,6,25,4,69.0,21.0,4.284,38.8017,1388.5416666666667,26.5608,20.8,996.2,20.5,0.0,WNW,2.2,Aotizhongxin,2013-06-25 04:00:00
2790,2013,6,25,5,78.0,22.0,3.9984,35.5169,1398.4375,57.834,20.6,995.6,20.1,0.0,N,1.2,Aotizhongxin,2013-06-25 05:00:00
2791,2013,6,25,6,87.0,42.0,6.2832,43.5236,1408.3333333333335,54.621,20.9,995.9,19.9,0.0,NE,1.0,Aotizhongxin,2013-06-25 06:00:00
2792,2013,6,25,7,74.0,50.0,7.14,39.4176,1418.2291666666667,63.8316,21.3,995.8,19.9,0.0,NE,1.5,Aotizhongxin,2013-06-25 07:00:00
2793,2013,6,25,8,74.0,56.0,5.4264,62.0006,1428.125,2.3562,21.8,995.5,20.4,0.0,NE,1.1,Aotizhongxin,2013-06-25 08:00:00
2794,2013,6,25,9,81.0,107.0,2.856,61.1794,1438.0208333333335,17.7786,22.6,995.5,20.9,0.0,ENE,1.3,Aotizhongxin,2013-06-25 09:00:00
2795,2013,6,25,10,96.0,103.0,2.2848,63.2324,1447.9166666666667,20.5632,22.6,995.7,21.1,0.0,NE,1.9,Aotizhongxin,2013-06-25 10:00:00
2796,2013,6,25,11,150.0,104.0,4.8552,60.1529,1457.8125,28.2744,22.3,995.5,21.3,0.0,NE,1.5,Aotizhongxin,2013-06-25 11:00:00
2797,2013,6,25,12,150.0,172.0,22.5624,69.3914,1467.7083333333335,31.4874,22.8,995.4,20.9,0.0,E,1.2,Aotizhongxin,2013-06-25 12:00:00
2798,2013,6,25,13,170.0,172.0,28.8456,58.3052,1477.6041666666667,59.5476,23.8,994.7,20.5,0.0,NW,0.7,Aotizhongxin,2013-06-25 13:00:00
2799,2013,6,25,14,141.0,138.0,31.1304,64.4642,1487.5,56.763,24.1,993.6,20.8,0.0,E,0.9,Aotizhongxin,2013-06-25 14:00:00
2800,2013,6,25,15,136.0,141.0,31.9872,63.643,1497.3958333333335,59.5476,23.6,993.3,20.7,0.0,NE,0.9,Aotizhongxin,2013-06-25 15:00:00
2801,2013,6,25,16,153.0,175.0,35.1288,71.855,1507.2916666666667,51.408,23.3,993.0,20.8,0.0,NE,1.3,Aotizhongxin,2013-06-25 16:00:00
2802,2013,6,25,17,174.0,220.0,34.272,74.9345,1517.1875,36.6282,22.7,993.3,21.2,0.1,WNW,0.8,Aotizhongxin,2013-06-25 17:00:00
2803,2013,6,25,18,188.0,222.0,27.9888,92.385,1527.0833333333335,7.9254,22.2,992.8,21.4,0.7,NE,1.2,Aotizhongxin,2013-06-25 18:00:00
2804,2013,6,25,19,177.0,192.0,19.4208,89.7161,1536.9791666666667,3.4272,21.8,992.8,21.1,0.0,E,0.6,Aotizhongxin,2013-06-25 19:00:00
2805,2013,6,25,20,172.0,192.0,12.2808,79.0405,1546.875,3.4629,21.7,992.7,21.4,0.0,WSW,1.5,Aotizhongxin,2013-06-25 20:00:00
2806,2013,6,25,21,164.0,142.0,10.8528,82.7359,1556.7708333333335,3.4986,21.6,993.2,21.3,0.0,SW,1.5,Aotizhongxin,2013-06-25 21:00:00
2807,2013,6,25,22,160.0,129.0,10.2816,82.5306,1566.6666666666667,3.5343,21.9,994.5,21.2,0.0,SSW,1.1,Aotizhongxin,2013-06-25 22:00:00
2808,2013,6,25,23,160.0,160.0,37.2708,61.28205,1576.5625,3.57,21.8,993.9,21.5,0.0,SSW,0.5,Aotizhongxin,2013-06-25 23:00:00
2809,2013,6,26,0,145.5,183.0,64.26,40.0335,1586.4583333333335,3.6057,21.7,993.0,21.2,0.0,NNW,0.4,Aotizhongxin,2013-06-26 00:00:00
2810,2013,6,26,1,131.0,144.0,32.7012,54.8151,1596.3541666666667,3.6414,21.1,993.2,20.6,0.0,NNW,1.1,Aotizhongxin,2013-06-26 01:00:00
2811,2013,6,26,2,168.0,161.0,1.1424,64.8748,1606.25,4.846275,20.9,992.5,20.6,0.0,NE,1.1,Aotizhongxin,2013-06-26 02:00:00
2812,2013,6,26,3,153.0,132.0,5.1408,68.7755,1616.1458333333335,6.05115,21.1,992.7,20.8,0.0,NE,0.8,Aotizhongxin,2013-06-26 03:00:00
2813,2013,6,26,4,159.0,114.0,6.8544,66.7225,1626.0416666666667,7.256024999999999,21.2,992.9,20.9,0.0,NE,1.0,Aotizhongxin,2013-06-26 04:00:00
2814,2013,6,26,5,134.0,103.0,7.14,64.4642,1635.9375,8.460899999999999,21.2,992.8,20.7,0.0,NE,1.3,Aotizhongxin,2013-06-26 05:00:00
2815,2013,6,26,6,129.0,110.0,5.712,61.7953,1645.8333333333335,9.665775,21.6,992.8,20.6,0.0,NE,1.6,Aotizhongxin,2013-06-26 06:00:00
2816,2013,6,26,7,141.0,131.0,7.4256,58.7158,1655.7291666666667,10.87065,22.3,992.9,20.6,0.0,NE,1.0,Aotizhongxin,2013-06-26 07:00:00
2817,2013,6,26,8,161.0,149.0,9.1392,60.5635,1665.625,12.075524999999999,24.0,992.8,20.9,0.0,NE,1.0,Aotizhongxin,2013-06-26 08:00:00
2818,2013,6,26,9,187.0,161.0,7.9968,57.484,1675.5208333333335,13.2804,25.3,992.5,20.8,0.0,E,0.7,Aotizhongxin,2013-06-26 09:00:00
2819,2013,6,26,10,182.0,103.0,9.1392,49.272,1685.4166666666667,71.1144,26.6,992.5,20.9,0.0,W,1.6,Aotizhongxin,2013-06-26 10:00:00
2820,2013,6,26,11,185.0,166.0,7.7112,59.3317,1695.3125,93.177,28.2,992.1,21.2,0.0,S,1.6,Aotizhongxin,2013-06-26 11:00:00
2821,2013,6,26,12,189.0,182.0,6.2832,63.2324,1705.2083333333335,139.8726,29.7,991.4,21.6,0.0,SSW,1.5,Aotizhongxin,2013-06-26 12:00:00
2822,2013,6,26,13,207.0,202.0,6.5688,69.5967,1715.1041666666667,185.283,30.5,990.4,22.1,0.0,SW,2.6,Aotizhongxin,2013-06-26 13:00:00
2823,2013,6,26,14,217.0,148.0,6.8544,75.961,1725.0,249.3288,30.8,989.9,22.4,0.0,SW,3.6,Aotizhongxin,2013-06-26 14:00:00
2824,2013,6,26,15,192.0,198.0,7.9968,74.9345,1734.8958333333335,302.8788,30.8,989.1,22.7,0.0,SW,3.7,Aotizhongxin,2013-06-26 15:00:00
2825,2013,6,26,16,121.0,198.0,8.2824,59.537,1744.7916666666667,238.4046,31.2,988.7,22.5,0.0,SSW,2.3,Aotizhongxin,2013-06-26 16:00:00
2826,2013,6,26,17,83.0,65.0,8.2824,46.1925,1754.6875,197.4924,30.7,988.8,22.3,0.0,SW,3.0,Aotizhongxin,2013-06-26 17:00:00
2827,2013,6,26,18,78.0,98.0,7.7112,39.6229,1764.5833333333335,189.1386,29.9,989.3,22.9,0.0,SW,2.4,Aotizhongxin,2013-06-26 18:00:00
2828,2013,6,26,19,90.0,112.0,8.8536,41.06,1774.4791666666667,185.7114,28.7,990.1,22.7,0.0,SSW,0.8,Aotizhongxin,2013-06-26 19:00:00
2829,2013,6,26,20,105.0,142.0,9.1392,46.1925,1784.375,162.792,28.0,991.6,22.7,0.0,SE,0.7,Aotizhongxin,2013-06-26 20:00:00
2830,2013,6,26,21,119.0,153.0,9.1392,73.908,1794.2708333333335,128.0916,27.6,991.8,22.8,0.0,SSE,1.1,Aotizhongxin,2013-06-26 21:00:00
2831,2013,6,26,22,138.0,160.0,10.2816,74.3186,1804.1666666666667,121.023,26.3,992.0,21.3,0.0,N,1.3,Aotizhongxin,2013-06-26 22:00:00
2832,2013,6,26,23,226.0,250.0,12.2808,58.5105,1814.0625,106.8858,25.4,992.5,21.3,0.0,NE,0.7,Aotizhongxin,2013-06-26 23:00:00
2833,2013,6,27,0,247.0,250.0,11.1384,65.696,1823.9583333333335,70.9002,24.8,992.1,20.7,0.0,NE,0.9,Aotizhongxin,2013-06-27 00:00:00
2834,2013,6,27,1,131.0,82.0,9.7104,70.0073,1833.8541666666667,46.9098,24.2,991.5,20.3,0.0,NNE,1.0,Aotizhongxin,2013-06-27 01:00:00
2835,2013,6,27,2,99.0,57.0,8.2824,71.0338,1843.75,44.1252,23.2,991.4,19.8,0.0,NE,1.0,Aotizhongxin,2013-06-27 02:00:00
2836,2013,6,27,3,84.0,41.0,10.5672,68.9808,1853.6458333333335,42.84,22.6,991.7,19.2,0.0,NE,0.8,Aotizhongxin,2013-06-27 03:00:00
2837,2013,6,27,4,61.0,11.0,8.568,70.2126,1863.5416666666667,20.5632,23.4,992.9,19.1,0.0,ESE,2.2,Aotizhongxin,2013-06-27 04:00:00
2838,2013,6,27,5,50.0,65.0,6.8544,74.1133,1873.4375,9.8532,22.8,992.8,19.4,0.0,NE,1.4,Aotizhongxin,2013-06-27 05:00:00
2839,2013,6,27,6,48.0,63.0,8.8536,50.9144,1883.3333333333335,29.1312,23.6,992.7,20.1,0.0,NE,1.3,Aotizhongxin,2013-06-27 06:00:00
2840,2013,6,27,7,69.0,105.0,8.2824,55.8416,1893.2291666666667,26.1324,25.3,993.4,20.5,0.0,ENE,1.3,Aotizhongxin,2013-06-27 07:00:00
2841,2013,6,27,8,100.0,182.0,14.28,75.3451,1903.125,8.1396,26.4,993.4,21.6,0.0,NE,1.4,Aotizhongxin,2013-06-27 08:00:00
2842,2013,6,27,9,184.0,269.0,41.6976,73.2921,1913.0208333333335,39.1986,28.3,993.4,20.1,0.0,E,1.3,Aotizhongxin,2013-06-27 09:00:00
2843,2013,6,27,10,176.0,269.0,37.4136,52.7621,1922.9166666666667,100.2456,30.1,993.1,19.2,0.0,NE,1.4,Aotizhongxin,2013-06-27 10:00:00
2844,2013,6,27,11,79.0,79.0,10.2816,39.4176,1932.8125,126.378,31.6,993.1,17.9,0.0,ESE,1.6,Aotizhongxin,2013-06-27 11:00:00
2845,2013,6,27,12,37.0,37.0,4.8552,34.6957,1942.7083333333335,139.0158,32.6,992.8,17.2,0.0,ESE,1.8,Aotizhongxin,2013-06-27 12:00:00
2846,2013,6,27,13,31.0,31.0,5.712,38.5964,1952.6041666666667,158.2938,33.5,991.6,18.0,0.0,W,2.3,Aotizhongxin,2013-06-27 13:00:00
2847,2013,6,27,14,30.0,12.0,6.8544,41.06,1962.5,185.9256,34.2,991.4,17.9,0.0,SW,2.9,Aotizhongxin,2013-06-27 14:00:00
2848,2013,6,27,15,31.0,38.0,7.14,43.7289,1972.3958333333335,214.8426,33.8,991.3,17.9,0.0,SW,3.5,Aotizhongxin,2013-06-27 15:00:00
2849,2013,6,27,16,36.0,39.0,7.4256,46.1925,1982.2916666666667,236.2626,33.8,990.7,18.7,0.0,SW,2.8,Aotizhongxin,2013-06-27 16:00:00
2850,2013,6,27,17,40.0,98.0,6.5688,54.4045,1992.1875,276.7464,31.9,991.4,18.8,0.0,SW,2.4,Aotizhongxin,2013-06-27 17:00:00
2851,2013,6,27,18,47.0,127.0,8.568,53.9939,2002.0833333333335,280.3878,31.0,992.4,18.0,0.0,SW,1.4,Aotizhongxin,2013-06-27 18:00:00
2852,2013,6,27,19,85.0,160.0,15.708,56.2522,2011.9791666666667,242.9028,27.9,992.6,18.9,0.0,SSW,0.8,Aotizhongxin,2013-06-27 19:00:00
2853,2013,6,27,20,83.0,114.0,14.8512,64.0536,2021.875,192.3516,25.8,993.2,20.1,0.0,WNW,0.8,Aotizhongxin,2013-06-27 20:00:00
2854,2013,6,27,21,82.0,124.0,11.7096,96.491,2031.7708333333335,105.8148,25.2,993.8,19.6,0.0,N,0.0,Aotizhongxin,2013-06-27 21:00:00
2855,2013,6,27,22,94.0,178.0,10.5672,151.3061,2041.6666666666667,27.2034,24.8,993.9,19.8,0.0,ENE,0.4,Aotizhongxin,2013-06-27 22:00:00
2856,2013,6,27,23,105.0,233.0,10.5672,203.247,2051.5625,33.79005,26.8,994.8,19.7,0.0,NNE,2.6,Aotizhongxin,2013-06-27 23:00:00
2857,2013,6,28,0,113.0,339.0,18.564,201.8099,2061.4583333333335,40.3767,26.1,994.8,21.1,0.0,ENE,1.1,Aotizhongxin,2013-06-28 00:00:00
2858,2013,6,28,1,210.0,507.0,18.8496,161.1605,2071.354166666667,46.96335,24.8,994.5,21.9,0.0,W,0.7,Aotizhongxin,2013-06-28 01:00:00
2859,2013,6,28,2,320.0,377.0,18.1356,65.0801,2081.25,53.55,25.0,995.1,21.9,0.0,NE,1.1,Aotizhongxin,2013-06-28 02:00:00
2860,2013,6,28,3,392.0,377.0,17.4216,38.8017,2091.1458333333335,44.8749,25.1,995.3,22.6,0.0,NNE,1.1,Aotizhongxin,2013-06-28 03:00:00
2861,2013,6,28,4,368.0,322.0,17.9928,58.7158,2101.041666666667,36.1998,25.3,995.7,22.6,0.0,NNE,1.1,Aotizhongxin,2013-06-28 04:00:00
2862,2013,6,28,5,317.0,258.0,24.8472,78.6299,2110.9375,35.1288,25.4,996.1,22.1,0.0,SE,0.6,Aotizhongxin,2013-06-28 05:00:00
2863,2013,6,28,6,287.0,237.0,43.4112,51.7356,2120.8333333333335,46.053,25.5,996.4,22.0,0.0,ENE,1.7,Aotizhongxin,2013-06-28 06:00:00
2864,2013,6,28,7,279.0,245.0,69.1152,67.9543,2130.729166666667,27.2034,25.5,996.5,22.2,0.0,SE,1.0,Aotizhongxin,2013-06-28 07:00:00
2865,2013,6,28,8,263.0,245.0,65.1168,75.3451,2140.625,28.0602,25.6,996.5,22.1,0.0,E,0.7,Aotizhongxin,2013-06-28 08:00:00
2866,2013,6,28,9,263.0,222.0,44.5536,62.6165,2150.5208333333335,31.2732,25.5,996.8,22.0,0.0,S,0.8,Aotizhongxin,2013-06-28 09:00:00
2867,2013,6,28,10,250.0,220.0,47.9808,56.0469,2160.416666666667,40.2696,25.7,996.9,22.2,0.0,SE,0.8,Aotizhongxin,2013-06-28 10:00:00
2868,2013,6,28,11,254.0,247.0,49.6944,52.9674,2170.3125,50.337,25.9,996.4,22.2,0.0,ENE,1.4,Aotizhongxin,2013-06-28 11:00:00
2869,2013,6,28,12,277.0,274.0,47.124,61.7953,2180.2083333333335,52.2648,26.0,995.9,22.3,0.0,S,1.0,Aotizhongxin,2013-06-28 12:00:00
2870,2013,6,28,13,249.0,199.0,43.6968,56.2522,2190.104166666667,95.7474,26.3,995.8,22.2,0.0,SE,1.3,Aotizhongxin,2013-06-28 13:00:00
2871,2013,6,28,14,267.0,236.0,29.0,54.0,2200.0,124.0,26.4,995.0,22.5,0.0,SE,2.1,Aotizhongxin,2013-06-28 14:00:00
2872,2013,6,28,15,344.0,357.0,22.0,63.0,2600.0,101.0,27.0,993.5,22.6,0.0,NE,0.9,Aotizhongxin,2013-06-28 15:00:00
2873,2013,6,28,16,464.0,528.0,25.0,77.0,3200.0,78.0,26.4,994.0,22.7,0.0,E,1.0,Aotizhongxin,2013-06-28 16:00:00
2874,2013,6,28,17,494.0,544.0,32.0,80.0,3299.0,85.0,26.2,994.7,22.7,0.0,NE,1.1,Aotizhongxin,2013-06-28 17:00:00
2875,2013,6,28,18,485.0,527.0,32.0,76.0,3399.0,95.0,26.2,995.6,22.9,0.0,N,1.1,Aotizhongxin,2013-06-28 18:00:00
2876,2013,6,28,19,510.0,564.0,25.0,89.0,3299.0,75.0,25.8,994.4,23.3,0.0,N,0.8,Aotizhongxin,2013-06-28 19:00:00
2877,2013,6,28,20,494.0,564.0,21.0,103.0,3299.0,44.0,26.2,996.4,22.9,0.0,N,1.6,Aotizhongxin,2013-06-28 20:00:00
2878,2013,6,28,21,430.0,375.0,29.0,91.0,3200.0,36.0,20.8,994.9,19.8,16.0,SW,1.6,Aotizhongxin,2013-06-28 21:00:00
2879,2013,6,28,22,279.0,120.0,24.0,54.0,2000.0,86.0,21.3,996.0,19.9,1.0,S,1.2,Aotizhongxin,2013-06-28 22:00:00
2880,2013,6,28,23,23.0,23.0,6.0,47.0,600.0,100.0,20.9,996.6,19.7,0.0,WSW,1.2,Aotizhongxin,2013-06-28 23:00:00
2881,2013,6,29,0,25.0,25.0,3.0,61.0,500.0,85.0,21.0,996.6,20.5,0.6,NNE,1.5,Aotizhongxin,2013-06-29 00:00:00
2882,2013,6,29,1,22.0,22.0,3.0,53.0,500.0,80.0,21.0,996.4,20.5,0.2,NE,1.7,Aotizhongxin,2013-06-29 01:00:00
2883,2013,6,29,2,44.0,44.0,4.0,52.0,600.0,64.0,20.6,996.9,20.1,0.0,NNE,1.0,Aotizhongxin,2013-06-29 02:00:00
2884,2013,6,29,3,54.0,54.0,4.0,39.0,600.0,75.0,20.5,997.4,20.2,0.0,NNE,0.5,Aotizhongxin,2013-06-29 03:00:00
2885,2013,6,29,4,61.0,21.0,3.0,43.0,600.0,63.0,20.6,997.9,20.3,0.0,NNE,0.9,Aotizhongxin,2013-06-29 04:00:00
2886,2013,6,29,5,64.0,25.0,3.0,43.0,600.0,57.0,21.0,998.5,20.7,0.0,NE,0.6,Aotizhongxin,2013-06-29 05:00:00
2887,2013,6,29,6,68.0,42.0,4.0,48.0,600.0,32.0,21.4,999.4,20.9,0.0,ENE,1.2,Aotizhongxin,2013-06-29 06:00:00
2888,2013,6,29,7,68.0,21.0,3.0,57.0,700.0,26.0,21.9,999.1,21.1,0.1,ENE,0.9,Aotizhongxin,2013-06-29 07:00:00
2889,2013,6,29,8,65.0,23.0,5.0,47.0,700.0,36.0,22.5,999.6,21.1,0.0,NE,1.9,Aotizhongxin,2013-06-29 08:00:00
2890,2013,6,29,9,65.0,33.0,5.0,47.0,800.0,38.0,22.6,999.5,21.1,0.0,ENE,0.5,Aotizhongxin,2013-06-29 09:00:00
2891,2013,6,29,10,68.0,41.0,7.0,56.0,900.0,46.0,22.8,999.5,21.1,0.0,NE,1.7,Aotizhongxin,2013-06-29 10:00:00
2892,2013,6,29,11,108.0,97.0,10.0,60.0,1600.0,29.0,22.9,999.5,21.2,0.0,NE,1.3,Aotizhongxin,2013-06-29 11:00:00
2893,2013,6,29,12,125.0,144.0,11.0,58.0,1899.0,29.0,22.9,999.1,21.0,0.0,N,1.5,Aotizhongxin,2013-06-29 12:00:00
2894,2013,6,29,13,116.0,141.0,18.0,68.0,2299.0,25.0,23.3,999.4,21.2,0.0,ENE,1.1,Aotizhongxin,2013-06-29 13:00:00
2895,2013,6,29,14,127.0,161.0,21.0,71.0,2700.0,27.0,24.8,999.1,21.9,0.0,NE,1.2,Aotizhongxin,2013-06-29 14:00:00
2896,2013,6,29,15,140.0,223.0,20.0,67.0,2600.0,36.0,25.0,999.2,21.9,0.0,NE,1.9,Aotizhongxin,2013-06-29 15:00:00
2897,2013,6,29,16,146.0,197.0,16.0,68.0,2399.0,35.0,24.9,998.6,21.8,0.0,N,1.8,Aotizhongxin,2013-06-29 16:00:00
2898,2013,6,29,17,148.0,191.0,14.0,61.0,2299.0,46.0,24.8,998.7,21.9,0.0,NE,0.2,Aotizhongxin,2013-06-29 17:00:00
2899,2013,6,29,18,140.0,163.0,19.0,73.0,2100.0,45.0,24.5,999.2,21.8,0.0,NE,1.3,Aotizhongxin,2013-06-29 18:00:00
2900,2013,6,29,19,135.0,174.0,18.0,90.0,2100.0,28.0,23.7,999.5,21.8,0.0,NE,1.0,Aotizhongxin,2013-06-29 19:00:00
2901,2013,6,29,20,151.0,173.0,16.0,86.0,2100.0,24.0,23.4,999.9,21.8,0.0,NNE,0.9,Aotizhongxin,2013-06-29 20:00:00
2902,2013,6,29,21,157.0,176.0,13.0,77.0,2399.0,20.0,22.9,999.8,21.9,0.0,NE,0.6,Aotizhongxin,2013-06-29 21:00:00
2903,2013,6,29,22,172.0,185.0,14.0,66.0,2200.0,20.0,22.9,999.8,21.9,0.0,N,0.2,Aotizhongxin,2013-06-29 22:00:00
2904,2013,6,29,23,175.0,187.0,13.0,81.0,2299.0,2.0,22.7,1000.1,21.9,0.0,N,0.0,Aotizhongxin,2013-06-29 23:00:00
2905,2013,6,30,0,179.0,201.0,14.0,92.0,2399.0,2.0,22.5,999.5,22.0,0.0,N,0.0,Aotizhongxin,2013-06-30 00:00:00
2906,2013,6,30,1,180.0,189.0,13.0,85.0,2399.0,2.0,22.6,999.5,22.1,0.0,N,0.0,Aotizhongxin,2013-06-30 01:00:00
2907,2013,6,30,2,171.0,179.0,11.0,71.0,2399.0,2.0,22.2,998.9,21.7,0.0,NW,0.8,Aotizhongxin,2013-06-30 02:00:00
2908,2013,6,30,3,169.0,177.0,12.0,64.0,2399.0,2.0,21.9,998.8,21.6,0.0,N,0.0,Aotizhongxin,2013-06-30 03:00:00
2909,2013,6,30,4,167.0,173.0,12.0,67.0,2600.0,2.0,22.0,999.1,21.7,0.0,N,0.0,Aotizhongxin,2013-06-30 04:00:00
2910,2013,6,30,5,189.0,172.0,36.0,72.0,2899.0,2.0,22.5,999.7,22.3,0.0,NE,0.0,Aotizhongxin,2013-06-30 05:00:00
2911,2013,6,30,6,194.0,181.0,40.0,70.0,3000.0,2.0,23.3,999.8,22.5,0.0,WSW,0.5,Aotizhongxin,2013-06-30 06:00:00
2912,2013,6,30,7,203.0,195.0,36.0,64.0,3100.0,2.0,23.6,999.0,22.6,0.0,SW,0.7,Aotizhongxin,2013-06-30 07:00:00
2913,2013,6,30,8,227.0,222.0,32.0,64.0,3299.0,2.0,24.0,999.5,22.6,0.0,SW,0.7,Aotizhongxin,2013-06-30 08:00:00
2914,2013,6,30,9,262.0,256.0,27.0,65.0,3299.0,2.0,24.7,998.8,22.8,0.0,SSW,0.9,Aotizhongxin,2013-06-30 09:00:00
2915,2013,6,30,10,281.0,271.0,24.0,73.0,3399.0,2.0,25.4,998.7,23.3,0.0,SW,1.4,Aotizhongxin,2013-06-30 10:00:00
2916,2013,6,30,11,306.0,360.0,20.0,78.0,3000.0,17.0,26.5,997.7,23.8,0.0,S,1.8,Aotizhongxin,2013-06-30 11:00:00
2917,2013,6,30,12,246.0,222.0,18.0,61.0,2000.0,74.0,27.2,998.0,23.7,0.0,S,1.7,Aotizhongxin,2013-06-30 12:00:00
2918,2013,6,30,13,229.0,225.0,17.0,49.0,1700.0,104.0,27.3,997.5,24.0,0.0,SSW,1.0,Aotizhongxin,2013-06-30 13:00:00
2919,2013,6,30,14,218.0,207.0,14.0,48.0,1500.0,101.0,27.7,997.1,23.9,0.0,SSW,1.2,Aotizhongxin,2013-06-30 14:00:00
2920,2013,6,30,15,189.0,127.0,14.0,43.0,1100.0,108.0,28.3,997.2,24.1,0.0,W,0.9,Aotizhongxin,2013-06-30 15:00:00
2921,2013,6,30,16,190.0,175.0,16.0,40.0,1100.0,119.0,26.8,997.8,23.9,0.0,N,2.0,Aotizhongxin,2013-06-30 16:00:00
2922,2013,6,30,17,186.0,196.0,16.0,56.0,1100.0,110.0,25.8,996.2,23.7,0.0,N,0.7,Aotizhongxin,2013-06-30 17:00:00
2923,2013,6,30,18,230.0,292.0,15.0,77.0,2399.0,22.0,25.6,997.3,23.6,0.0,NE,1.2,Aotizhongxin,2013-06-30 18:00:00
2924,2013,6,30,19,247.0,271.0,14.0,90.0,2600.0,9.0,25.4,997.3,23.6,0.0,NE,1.6,Aotizhongxin,2013-06-30 19:00:00
2925,2013,6,30,20,254.0,271.0,13.0,87.0,2700.0,4.0,25.1,997.0,23.5,0.0,ESE,0.8,Aotizhongxin,2013-06-30 20:00:00
2926,2013,6,30,21,254.0,262.0,13.0,88.0,2700.0,2.0,24.8,997.7,23.8,0.0,NNE,0.4,Aotizhongxin,2013-06-30 21:00:00
2927,2013,6,30,22,269.0,317.0,13.0,95.0,2700.0,2.0,24.8,997.2,23.6,0.0,ESE,0.7,Aotizhongxin,2013-06-30 22:00:00
2928,2013,6,30,23,277.0,318.0,14.0,94.0,2700.0,2.0,24.8,996.6,23.8,0.0,ESE,0.2,Aotizhongxin,2013-06-30 23:00:00
2929,2013,7,1,0,271.0,247.0,13.0,92.0,2500.0,2.0,24.6,996.1,23.7,0.0,ENE,0.8,Aotizhongxin,2013-07-01 00:00:00
2930,2013,7,1,1,245.0,207.0,14.0,98.0,2100.0,2.0,24.3,995.1,23.6,0.0,N,0.0,Aotizhongxin,2013-07-01 01:00:00
2931,2013,7,1,2,167.0,34.0,14.0,62.0,1100.0,30.0,24.3,994.8,23.8,0.0,NW,0.1,Aotizhongxin,2013-07-01 02:00:00
2932,2013,7,1,3,149.0,61.0,11.0,28.0,900.0,26.0,24.0,994.9,23.5,0.1,NE,0.7,Aotizhongxin,2013-07-01 03:00:00
2933,2013,7,1,4,155.0,85.0,10.0,28.0,700.0,22.0,23.9,995.3,23.2,0.0,NE,0.9,Aotizhongxin,2013-07-01 04:00:00
2934,2013,7,1,5,155.0,101.0,10.0,62.0,1100.0,4.0,24.0,995.3,23.1,0.0,NE,1.2,Aotizhongxin,2013-07-01 05:00:00
2935,2013,7,1,6,162.0,113.0,16.0,54.0,1500.0,6.0,24.4,995.6,23.0,0.0,NE,1.2,Aotizhongxin,2013-07-01 06:00:00
2936,2013,7,1,7,160.0,125.0,22.0,56.0,1899.0,3.0,24.5,995.8,23.1,0.0,NE,1.2,Aotizhongxin,2013-07-01 07:00:00
2937,2013,7,1,8,171.0,142.0,23.0,67.0,2000.0,2.0,24.8,995.6,23.2,0.0,NE,1.1,Aotizhongxin,2013-07-01 08:00:00
2938,2013,7,1,9,168.0,144.0,23.0,72.0,2200.0,2.0,24.9,995.4,23.1,0.0,NE,1.0,Aotizhongxin,2013-07-01 09:00:00
2939,2013,7,1,10,175.0,177.0,24.0,76.0,2399.0,2.0,24.8,995.2,23.2,0.0,N,1.8,Aotizhongxin,2013-07-01 10:00:00
2940,2013,7,1,11,181.0,181.0,22.0,78.0,2500.0,2.0,24.7,995.3,23.3,0.0,N,1.2,Aotizhongxin,2013-07-01 11:00:00
2941,2013,7,1,12,181.0,181.0,22.0,78.0,2500.0,2.0,24.9,994.2,23.3,0.0,NE,1.9,Aotizhongxin,2013-07-01 12:00:00
2942,2013,7,1,13,175.0,183.0,22.0,73.0,2574.75,4.7485,26.3,992.7,23.6,0.0,NE,2.0,Aotizhongxin,2013-07-01 13:00:00
2943,2013,7,1,14,199.0,215.0,25.4184,71.855,2649.5,7.497,27.8,992.5,23.6,0.0,ENE,1.7,Aotizhongxin,2013-07-01 14:00:00
2944,2013,7,1,15,212.0,220.0,24.276,76.5769,2724.25,20.1348,27.0,992.3,23.9,0.0,NE,1.3,Aotizhongxin,2013-07-01 15:00:00
2945,2013,7,1,16,224.0,235.0,30.0,91.0,2799.0,17.0,26.5,991.8,23.6,0.0,NE,2.0,Aotizhongxin,2013-07-01 16:00:00
2946,2013,7,1,17,225.0,244.0,26.0,86.0,2799.0,2.0,26.0,991.3,23.7,0.0,ENE,1.5,Aotizhongxin,2013-07-01 17:00:00
2947,2013,7,1,18,221.0,244.0,26.0,84.0,2500.0,2.0,25.6,991.4,23.5,0.0,NE,1.6,Aotizhongxin,2013-07-01 18:00:00
2948,2013,7,1,19,193.0,158.0,22.0,89.0,2299.0,2.0,25.1,991.1,23.2,0.0,NE,2.1,Aotizhongxin,2013-07-01 19:00:00
2949,2013,7,1,20,193.0,39.0,22.0,89.0,2100.0,5.0,24.5,990.8,23.5,0.5,NE,1.1,Aotizhongxin,2013-07-01 20:00:00
2950,2013,7,1,21,85.0,58.5,12.0,79.0,2100.0,4.0,24.0,990.3,23.3,5.7,N,0.6,Aotizhongxin,2013-07-01 21:00:00
2951,2013,7,1,22,78.0,78.0,11.0,77.0,2200.0,2.0,23.8,989.6,23.5,11.7,NE,1.1,Aotizhongxin,2013-07-01 22:00:00
2952,2013,7,1,23,53.0,53.0,9.0,77.0,2299.0,2.0,21.7,990.7,21.2,21.0,N,4.9,Aotizhongxin,2013-07-01 23:00:00
2953,2013,7,2,0,37.0,37.0,8.0,66.0,2399.0,4.0,21.1,989.9,20.8,10.1,NE,2.7,Aotizhongxin,2013-07-02 00:00:00
2954,2013,7,2,1,30.0,30.0,4.0,27.0,500.0,58.0,21.1,989.3,20.6,0.1,NNE,1.8,Aotizhongxin,2013-07-02 01:00:00
2955,2013,7,2,2,12.0,12.0,3.0,23.0,300.0,67.0,21.1,989.0,20.1,0.0,NE,1.2,Aotizhongxin,2013-07-02 02:00:00
2956,2013,7,2,3,9.0,9.0,3.0,31.0,300.0,61.0,20.9,989.1,19.9,0.0,NE,1.9,Aotizhongxin,2013-07-02 03:00:00
2957,2013,7,2,4,12.0,12.0,3.0,32.0,300.0,61.0,21.0,989.0,18.6,0.0,NE,3.0,Aotizhongxin,2013-07-02 04:00:00
2958,2013,7,2,5,11.0,11.0,3.0,23.0,200.0,69.0,21.8,989.4,18.2,0.0,NE,1.8,Aotizhongxin,2013-07-02 05:00:00
2959,2013,7,2,6,12.0,12.0,3.0,22.0,200.0,69.0,23.0,990.0,17.9,0.0,NE,1.5,Aotizhongxin,2013-07-02 06:00:00
2960,2013,7,2,7,13.0,13.0,4.0,29.0,200.0,65.0,26.2,990.8,16.7,0.0,NNE,2.7,Aotizhongxin,2013-07-02 07:00:00
2961,2013,7,2,8,11.0,11.0,9.0,37.0,300.0,63.0,28.9,991.1,16.8,0.0,NNE,2.5,Aotizhongxin,2013-07-02 08:00:00
2962,2013,7,2,9,11.0,11.0,8.0,45.0,300.0,71.0,30.7,991.1,17.0,0.0,NNW,1.7,Aotizhongxin,2013-07-02 09:00:00
2963,2013,7,2,10,11.0,7.0,10.0,45.0,400.0,83.0,31.7,991.4,16.4,0.0,WNW,2.0,Aotizhongxin,2013-07-02 10:00:00
2964,2013,7,2,11,7.0,7.0,7.0,33.0,200.0,104.0,32.2,991.2,16.5,0.0,W,1.9,Aotizhongxin,2013-07-02 11:00:00
2965,2013,7,2,12,7.0,7.0,4.0,31.0,200.0,111.0,33.4,990.8,16.7,0.0,WSW,1.8,Aotizhongxin,2013-07-02 12:00:00
2966,2013,7,2,13,4.0,4.0,3.0,31.0,200.0,109.0,35.3,989.8,15.1,0.0,N,3.4,Aotizhongxin,2013-07-02 13:00:00
2967,2013,7,2,14,4.0,9.0,3.0,29.0,200.0,108.0,36.1,989.6,17.8,0.0,WNW,2.0,Aotizhongxin,2013-07-02 14:00:00
2968,2013,7,2,15,14.0,9.0,4.0,31.0,200.0,110.0,36.0,989.5,18.1,0.0,W,2.0,Aotizhongxin,2013-07-02 15:00:00
2969,2013,7,2,16,11.0,25.0,4.0,29.0,200.0,114.0,35.5,989.1,18.1,0.0,WSW,2.1,Aotizhongxin,2013-07-02 16:00:00
2970,2013,7,2,17,5.0,21.0,3.0,34.0,200.0,111.0,34.9,989.1,17.2,0.0,WSW,2.7,Aotizhongxin,2013-07-02 17:00:00
2971,2013,7,2,18,9.0,21.0,3.0,36.0,200.0,105.0,32.8,989.2,18.2,0.0,SW,2.0,Aotizhongxin,2013-07-02 18:00:00
2972,2013,7,2,19,14.0,127.0,3.0,60.0,300.0,94.0,31.3,989.3,19.6,0.0,SW,2.0,Aotizhongxin,2013-07-02 19:00:00
2973,2013,7,2,20,18.0,105.0,3.0,76.0,300.0,81.0,30.3,990.2,20.3,0.0,SW,2.0,Aotizhongxin,2013-07-02 20:00:00
2974,2013,7,2,21,23.0,111.0,5.0,81.0,400.0,56.0,28.8,990.6,19.4,0.0,SW,1.5,Aotizhongxin,2013-07-02 21:00:00
2975,2013,7,2,22,24.0,37.0,6.0,106.0,500.0,15.0,26.0,990.7,20.1,0.0,SW,1.5,Aotizhongxin,2013-07-02 22:00:00
2976,2013,7,2,23,22.0,26.0,7.0,98.0,500.0,18.0,26.9,990.5,20.5,0.0,SSW,1.0,Aotizhongxin,2013-07-02 23:00:00
2977,2013,7,3,0,21.0,78.0,6.0,95.0,400.0,17.0,25.3,990.2,20.5,0.0,W,0.8,Aotizhongxin,2013-07-03 00:00:00
2978,2013,7,3,1,25.0,67.0,7.0,94.0,500.0,14.0,23.5,990.0,20.6,0.0,SSW,0.6,Aotizhongxin,2013-07-03 01:00:00
2979,2013,7,3,2,23.0,63.0,6.0,100.0,400.0,4.0,22.8,990.3,20.7,0.0,NE,0.4,Aotizhongxin,2013-07-03 02:00:00
2980,2013,7,3,3,25.0,60.0,7.0,99.0,500.0,2.0,22.4,990.5,20.7,0.0,NW,0.5,Aotizhongxin,2013-07-03 03:00:00
2981,2013,7,3,4,31.0,124.0,8.0,99.0,600.0,2.0,21.9,990.3,20.7,0.0,NNE,0.6,Aotizhongxin,2013-07-03 04:00:00
2982,2013,7,3,5,35.0,134.0,10.0,90.0,600.0,2.0,23.7,990.8,20.0,0.0,NE,1.4,Aotizhongxin,2013-07-03 05:00:00
2983,2013,7,3,6,37.0,71.0,9.0,93.0,700.0,2.0,25.7,990.9,21.1,0.0,NNE,0.9,Aotizhongxin,2013-07-03 06:00:00
2984,2013,7,3,7,46.0,134.0,10.0,92.0,800.0,2.0,28.3,991.6,20.8,0.0,E,1.2,Aotizhongxin,2013-07-03 07:00:00
2985,2013,7,3,8,44.0,88.0,8.0,88.0,700.0,16.0,31.7,991.5,21.8,0.0,NE,1.6,Aotizhongxin,2013-07-03 08:00:00
2986,2013,7,3,9,33.0,93.0,10.0,69.0,500.0,57.0,33.7,991.1,19.8,0.0,NE,2.1,Aotizhongxin,2013-07-03 09:00:00
2987,2013,7,3,10,26.0,93.0,16.0,54.0,500.0,87.0,34.3,990.6,16.6,0.0,NNE,2.0,Aotizhongxin,2013-07-03 10:00:00
2988,2013,7,3,11,13.0,13.0,7.0,31.0,300.0,99.0,35.1,990.0,18.2,0.0,NE,2.2,Aotizhongxin,2013-07-03 11:00:00
2989,2013,7,3,12,14.0,40.0,7.0,27.0,300.0,119.0,35.3,989.6,18.8,0.0,W,1.0,Aotizhongxin,2013-07-03 12:00:00
2990,2013,7,3,13,20.0,46.0,10.0,31.0,300.0,142.0,36.4,989.4,18.0,0.0,WNW,1.9,Aotizhongxin,2013-07-03 13:00:00
2991,2013,7,3,14,25.0,58.0,13.0,37.0,400.0,163.0,36.8,989.3,17.4,0.0,W,1.2,Aotizhongxin,2013-07-03 14:00:00
2992,2013,7,3,15,28.0,58.0,12.0,39.0,300.0,164.0,36.7,989.5,16.3,0.0,NNW,1.5,Aotizhongxin,2013-07-03 15:00:00
2993,2013,7,3,16,17.0,17.0,7.0,35.0,300.0,154.0,34.2,989.0,17.9,0.0,WNW,0.9,Aotizhongxin,2013-07-03 16:00:00
2994,2013,7,3,17,10.0,10.0,3.0,34.0,200.0,112.0,32.9,988.7,23.8,0.0,NNW,0.1,Aotizhongxin,2013-07-03 17:00:00
2995,2013,7,3,18,8.0,8.0,3.0,30.0,300.0,115.0,29.6,989.0,23.1,0.0,WNW,0.0,Aotizhongxin,2013-07-03 18:00:00
2996,2013,7,3,19,13.0,119.0,6.0,61.0,400.0,96.0,27.6,989.3,23.0,0.0,N,0.1,Aotizhongxin,2013-07-03 19:00:00
2997,2013,7,3,20,23.0,47.0,8.0,81.0,600.0,72.0,26.6,990.2,21.4,0.0,N,0.0,Aotizhongxin,2013-07-03 20:00:00
2998,2013,7,3,21,46.0,162.0,9.0,103.0,900.0,35.0,27.6,989.9,20.7,0.0,ENE,0.9,Aotizhongxin,2013-07-03 21:00:00
2999,2013,7,3,22,41.0,219.0,10.0,133.0,800.0,2.0,25.9,989.8,22.4,0.0,SSW,0.1,Aotizhongxin,2013-07-03 22:00:00
3000,2013,7,3,23,42.0,130.0,10.0,120.0,800.0,2.0,24.1,989.6,20.6,0.0,WSW,0.0,Aotizhongxin,2013-07-03 23:00:00
3001,2013,7,4,0,25.0,54.0,8.0,102.0,700.0,2.0,24.0,989.2,20.9,0.0,N,0.0,Aotizhongxin,2013-07-04 00:00:00
3002,2013,7,4,1,33.0,114.0,10.0,102.0,700.0,2.0,24.3,989.0,20.6,0.0,ENE,0.8,Aotizhongxin,2013-07-04 01:00:00
3003,2013,7,4,2,33.0,42.0,10.0,85.0,500.0,2.0,23.7,989.1,19.6,0.0,ENE,0.8,Aotizhongxin,2013-07-04 02:00:00
3004,2013,7,4,3,29.0,42.0,6.0,68.0,400.0,2.0,23.8,988.8,19.3,0.0,E,0.7,Aotizhongxin,2013-07-04 03:00:00
3005,2013,7,4,4,18.0,43.0,8.0,68.0,300.0,2.0,23.5,988.8,18.8,0.0,NE,1.2,Aotizhongxin,2013-07-04 04:00:00
3006,2013,7,4,5,26.0,115.0,6.0,65.0,300.0,2.0,23.6,988.8,19.1,0.0,NE,0.9,Aotizhongxin,2013-07-04 05:00:00
3007,2013,7,4,6,23.0,29.0,5.0,59.0,400.0,2.0,25.0,988.9,19.6,0.0,NE,1.3,Aotizhongxin,2013-07-04 06:00:00
3008,2013,7,4,7,20.0,41.0,5.0,56.0,400.0,2.0,27.5,988.9,19.3,0.0,ESE,0.9,Aotizhongxin,2013-07-04 07:00:00
3009,2013,7,4,8,16.0,21.0,5.0,61.0,500.0,13.0,30.2,989.1,18.9,0.0,NNE,1.8,Aotizhongxin,2013-07-04 08:00:00
3010,2013,7,4,9,21.0,52.0,5.0,53.0,400.0,43.0,31.8,988.6,19.1,0.0,NNE,1.6,Aotizhongxin,2013-07-04 09:00:00
3011,2013,7,4,10,16.0,28.0,6.0,44.0,400.0,62.0,33.6,988.8,18.1,0.0,N,2.2,Aotizhongxin,2013-07-04 10:00:00
3012,2013,7,4,11,19.0,87.0,7.0,58.0,400.0,79.0,34.6,988.7,16.4,0.0,NE,2.6,Aotizhongxin,2013-07-04 11:00:00
3013,2013,7,4,12,23.0,37.0,18.0,43.0,400.0,105.0,35.7,988.0,17.4,0.0,ESE,1.0,Aotizhongxin,2013-07-04 12:00:00
3014,2013,7,4,13,22.0,37.0,17.0,39.0,300.0,138.0,36.4,987.2,14.4,0.0,E,1.0,Aotizhongxin,2013-07-04 13:00:00
3015,2013,7,4,14,22.0,22.0,10.0,41.0,300.0,181.0,37.2,986.3,17.2,0.0,WSW,1.0,Aotizhongxin,2013-07-04 14:00:00
3016,2013,7,4,15,16.0,3.0,5.0,36.0,300.0,176.0,35.5,985.9,19.0,0.0,SW,0.5,Aotizhongxin,2013-07-04 15:00:00
3017,2013,7,4,16,17.0,73.0,6.0,35.0,300.0,208.0,33.0,988.1,18.4,0.0,NNW,3.2,Aotizhongxin,2013-07-04 16:00:00
3018,2013,7,4,17,24.0,73.0,5.0,34.0,300.0,224.0,22.9,988.3,21.4,3.2,E,1.3,Aotizhongxin,2013-07-04 17:00:00
3019,2013,7,4,18,14.0,396.0,3.0,25.0,200.0,121.0,24.0,988.3,20.7,0.1,N,1.6,Aotizhongxin,2013-07-04 18:00:00
3020,2013,7,4,19,19.0,50.0,3.0,50.0,400.0,80.0,24.1,989.6,20.4,0.0,NE,1.1,Aotizhongxin,2013-07-04 19:00:00
3021,2013,7,4,20,21.0,50.0,3.0,53.0,400.0,62.0,22.7,990.4,19.9,0.0,NW,0.0,Aotizhongxin,2013-07-04 20:00:00
3022,2013,7,4,21,18.0,16.0,3.0,57.0,400.0,66.0,23.7,991.4,19.0,0.0,ENE,0.7,Aotizhongxin,2013-07-04 21:00:00
3023,2013,7,4,22,17.0,48.0,3.0,60.0,400.0,50.0,23.0,991.9,19.4,0.0,ESE,0.1,Aotizhongxin,2013-07-04 22:00:00
3024,2013,7,4,23,28.0,74.0,3.0,81.0,500.0,14.0,22.0,991.7,20.3,0.0,E,0.0,Aotizhongxin,2013-07-04 23:00:00
3025,2013,7,5,0,22.0,56.0,3.0,84.0,400.0,10.0,22.0,991.7,20.1,0.0,ENE,0.0,Aotizhongxin,2013-07-05 00:00:00
3026,2013,7,5,1,19.0,56.0,5.0,82.0,400.0,10.0,21.5,991.2,20.0,0.0,NE,0.7,Aotizhongxin,2013-07-05 01:00:00
3027,2013,7,5,2,15.0,46.0,3.0,64.0,200.0,21.0,21.5,990.9,19.6,0.0,NE,1.0,Aotizhongxin,2013-07-05 02:00:00
3028,2013,7,5,3,17.0,28.0,3.0,51.0,200.0,28.0,21.0,991.1,19.6,0.0,NE,0.8,Aotizhongxin,2013-07-05 03:00:00
3029,2013,7,5,4,18.0,36.0,3.0,37.0,200.0,38.0,20.6,991.7,19.4,0.0,NE,1.1,Aotizhongxin,2013-07-05 04:00:00
3030,2013,7,5,5,23.0,56.0,5.0,54.0,300.0,7.0,21.2,992.0,19.7,0.0,NE,1.4,Aotizhongxin,2013-07-05 05:00:00
3031,2013,7,5,6,21.0,57.0,4.0,62.0,300.0,2.0,23.2,992.8,20.0,0.0,NNE,1.0,Aotizhongxin,2013-07-05 06:00:00
3032,2013,7,5,7,25.0,47.0,4.0,54.0,400.0,14.0,25.9,993.0,20.2,0.0,N,1.7,Aotizhongxin,2013-07-05 07:00:00
3033,2013,7,5,8,23.0,32.0,5.0,49.0,400.0,25.0,30.2,993.4,20.4,0.0,NE,2.4,Aotizhongxin,2013-07-05 08:00:00
3034,2013,7,5,9,22.0,82.0,15.0,45.0,500.0,40.0,32.1,993.4,19.4,0.0,ENE,1.9,Aotizhongxin,2013-07-05 09:00:00
3035,2013,7,5,10,21.0,82.0,17.0,41.0,600.0,65.0,33.1,993.3,18.5,0.0,NE,1.7,Aotizhongxin,2013-07-05 10:00:00
3036,2013,7,5,11,11.0,11.0,6.0,31.0,200.0,100.0,33.6,993.0,17.7,0.0,NE,1.5,Aotizhongxin,2013-07-05 11:00:00
3037,2013,7,5,12,14.0,5.0,4.0,23.0,200.0,115.0,34.3,992.6,17.9,0.0,ENE,2.0,Aotizhongxin,2013-07-05 12:00:00
3038,2013,7,5,13,13.0,15.0,5.0,28.0,200.0,142.0,35.3,992.2,16.1,0.0,NNW,2.0,Aotizhongxin,2013-07-05 13:00:00
3039,2013,7,5,14,15.0,15.0,6.0,28.0,200.0,164.0,35.4,992.0,20.5,0.0,WSW,2.1,Aotizhongxin,2013-07-05 14:00:00
3040,2013,7,5,15,19.0,15.0,7.0,29.0,300.0,171.0,36.2,992.0,17.4,0.0,W,1.4,Aotizhongxin,2013-07-05 15:00:00
3041,2013,7,5,16,15.0,35.0,6.0,26.0,300.0,155.0,34.8,992.0,18.4,0.0,WSW,3.2,Aotizhongxin,2013-07-05 16:00:00
3042,2013,7,5,17,10.0,18.0,4.0,20.0,200.0,128.0,33.9,992.0,18.0,0.0,WSW,2.4,Aotizhongxin,2013-07-05 17:00:00
3043,2013,7,5,18,16.0,51.0,4.0,30.0,300.0,179.0,32.4,992.8,18.9,0.0,SW,2.1,Aotizhongxin,2013-07-05 18:00:00
3044,2013,7,5,19,25.0,57.0,3.0,38.0,400.0,183.0,30.9,993.1,18.3,0.0,SSW,1.5,Aotizhongxin,2013-07-05 19:00:00
3045,2013,7,5,20,21.0,47.0,3.0,37.0,400.0,163.0,30.5,993.7,17.2,0.0,SW,1.5,Aotizhongxin,2013-07-05 20:00:00
3046,2013,7,5,21,24.0,39.0,4.0,47.0,600.0,129.0,29.4,994.6,18.2,0.0,SW,3.3,Aotizhongxin,2013-07-05 21:00:00
3047,2013,7,5,22,31.0,79.0,5.0,66.0,700.0,90.0,29.1,995.1,19.7,0.0,WSW,1.7,Aotizhongxin,2013-07-05 22:00:00
3048,2013,7,5,23,35.0,178.0,6.0,76.0,500.0,78.0,28.3,995.3,20.1,0.0,SW,1.3,Aotizhongxin,2013-07-05 23:00:00
3049,2013,7,6,0,29.0,116.0,9.0,55.0,600.0,101.0,27.3,995.4,20.1,0.0,WSW,1.1,Aotizhongxin,2013-07-06 00:00:00
3050,2013,7,6,1,29.0,85.0,9.0,52.0,500.0,99.0,25.1,995.3,21.0,0.0,NE,0.8,Aotizhongxin,2013-07-06 01:00:00
3051,2013,7,6,2,33.0,124.0,6.0,64.0,500.0,75.0,24.4,995.1,19.9,0.0,NE,1.0,Aotizhongxin,2013-07-06 02:00:00
3052,2013,7,6,3,33.0,181.0,7.0,83.0,500.0,39.0,24.2,995.3,20.1,0.0,NE,1.5,Aotizhongxin,2013-07-06 03:00:00
3053,2013,7,6,4,54.0,154.0,14.0,103.0,600.0,2.0,23.8,996.0,20.3,0.0,NNE,1.1,Aotizhongxin,2013-07-06 04:00:00
3054,2013,7,6,5,63.0,222.0,14.0,97.0,800.0,2.0,24.1,996.4,20.4,0.0,NNE,1.6,Aotizhongxin,2013-07-06 05:00:00
3055,2013,7,6,6,70.0,227.0,11.0,88.0,800.0,2.0,25.0,996.7,20.9,0.0,NE,1.9,Aotizhongxin,2013-07-06 06:00:00
3056,2013,7,6,7,73.0,230.0,14.0,88.0,900.0,2.0,26.4,996.9,21.4,0.0,NE,1.8,Aotizhongxin,2013-07-06 07:00:00
3057,2013,7,6,8,89.0,185.0,16.0,93.0,900.0,7.0,29.2,996.9,21.2,0.0,NE,1.4,Aotizhongxin,2013-07-06 08:00:00
3058,2013,7,6,9,106.0,201.0,17.0,88.0,1100.0,50.0,30.3,996.8,21.9,0.0,SW,1.2,Aotizhongxin,2013-07-06 09:00:00
3059,2013,7,6,10,107.0,180.0,17.0,102.0,1200.0,86.0,32.1,996.2,20.7,0.0,SSW,1.9,Aotizhongxin,2013-07-06 10:00:00
3060,2013,7,6,11,100.0,180.0,18.0,81.0,900.0,146.0,33.3,996.1,19.0,0.0,SW,2.8,Aotizhongxin,2013-07-06 11:00:00
3061,2013,7,6,12,41.0,35.0,14.0,39.0,500.0,203.0,33.8,994.9,17.9,0.0,SW,3.5,Aotizhongxin,2013-07-06 12:00:00
3062,2013,7,6,13,35.0,35.0,12.0,42.0,500.0,205.0,34.0,994.2,19.7,0.0,SSW,3.6,Aotizhongxin,2013-07-06 13:00:00
3063,2013,7,6,14,26.0,33.0,9.0,40.0,400.0,197.0,34.2,993.6,19.8,0.0,SW,3.7,Aotizhongxin,2013-07-06 14:00:00
3064,2013,7,6,15,41.0,164.0,9.0,37.0,500.0,218.0,34.3,993.5,20.7,0.0,SW,3.2,Aotizhongxin,2013-07-06 15:00:00
3065,2013,7,6,16,44.0,83.0,10.0,34.0,600.0,226.0,33.8,993.0,20.6,0.0,SSW,2.8,Aotizhongxin,2013-07-06 16:00:00
3066,2013,7,6,17,47.0,85.0,10.0,39.0,700.0,221.0,33.2,993.2,20.0,0.0,WSW,3.2,Aotizhongxin,2013-07-06 17:00:00
3067,2013,7,6,18,56.0,131.0,16.0,32.0,900.0,226.0,32.4,993.8,19.6,0.0,SSW,3.0,Aotizhongxin,2013-07-06 18:00:00
3068,2013,7,6,19,62.0,79.0,22.0,29.0,1100.0,223.0,31.7,994.3,20.3,0.0,S,1.8,Aotizhongxin,2013-07-06 19:00:00
3069,2013,7,6,20,62.0,117.0,24.0,32.0,1300.0,199.0,31.1,995.4,20.7,0.0,SSE,2.0,Aotizhongxin,2013-07-06 20:00:00
3070,2013,7,6,21,62.0,117.0,24.0,32.0,1100.0,166.0,26.9,997.6,18.5,0.0,N,4.8,Aotizhongxin,2013-07-06 21:00:00
3071,2013,7,6,22,70.0,185.0,23.0,51.0,1200.0,143.0,21.9,997.8,21.1,6.4,SW,1.6,Aotizhongxin,2013-07-06 22:00:00
3072,2013,7,6,23,39.0,83.0,4.0,20.0,300.0,151.0,21.9,996.6,21.2,2.4,SSE,1.5,Aotizhongxin,2013-07-06 23:00:00
3073,2013,7,7,0,20.0,67.0,3.0,24.0,400.0,124.0,22.0,996.3,21.3,1.7,WSW,0.4,Aotizhongxin,2013-07-07 00:00:00
3074,2013,7,7,1,27.0,54.0,3.0,25.0,400.0,109.0,22.0,996.4,21.3,0.0,SW,1.1,Aotizhongxin,2013-07-07 01:00:00
3075,2013,7,7,2,37.0,54.0,3.0,36.0,400.0,86.0,21.7,995.4,21.2,0.0,NNW,0.4,Aotizhongxin,2013-07-07 02:00:00
3076,2013,7,7,3,30.0,30.0,3.0,24.0,350.0,64.0,21.5,994.4,21.2,0.0,NE,1.4,Aotizhongxin,2013-07-07 03:00:00
3077,2013,7,7,4,36.0,36.0,5.0,24.0,300.0,42.0,21.4,994.6,21.1,0.0,N,0.8,Aotizhongxin,2013-07-07 04:00:00
3078,2013,7,7,5,55.0,25.0,4.0,42.0,300.0,44.0,21.6,995.4,21.4,0.0,WNW,0.6,Aotizhongxin,2013-07-07 05:00:00
3079,2013,7,7,6,47.0,37.0,4.0,36.0,300.0,56.0,22.3,995.9,21.8,0.0,WNW,0.7,Aotizhongxin,2013-07-07 06:00:00
3080,2013,7,7,7,48.0,36.0,4.0,40.0,400.0,62.0,24.1,996.4,22.0,0.0,NW,0.6,Aotizhongxin,2013-07-07 07:00:00
3081,2013,7,7,8,49.0,43.0,5.0,44.0,500.0,70.0,25.9,996.9,22.2,0.0,NE,1.6,Aotizhongxin,2013-07-07 08:00:00
3082,2013,7,7,9,53.0,91.0,6.0,56.0,500.0,56.0,26.6,996.2,22.2,0.0,WNW,1.1,Aotizhongxin,2013-07-07 09:00:00
3083,2013,7,7,10,68.0,85.0,6.0,66.0,600.0,41.0,28.6,996.0,23.3,0.0,ENE,0.6,Aotizhongxin,2013-07-07 10:00:00
3084,2013,7,7,11,80.0,104.0,7.0,70.0,700.0,76.0,29.8,995.5,21.7,0.0,SW,1.3,Aotizhongxin,2013-07-07 11:00:00
3085,2013,7,7,12,74.0,74.0,6.0,51.0,700.0,159.0,30.6,994.9,22.5,0.0,SW,1.3,Aotizhongxin,2013-07-07 12:00:00
3086,2013,7,7,13,72.0,96.0,10.0,41.0,600.0,194.0,31.4,993.8,23.2,0.0,SW,1.9,Aotizhongxin,2013-07-07 13:00:00
3087,2013,7,7,14,85.0,102.0,14.0,39.0,700.0,225.0,31.8,993.3,23.9,0.0,WSW,2.7,Aotizhongxin,2013-07-07 14:00:00
3088,2013,7,7,15,101.0,172.0,16.0,41.0,800.0,234.0,31.6,992.5,24.5,0.0,SSW,2.5,Aotizhongxin,2013-07-07 15:00:00
3089,2013,7,7,16,117.0,167.0,17.0,41.0,800.0,233.0,31.2,992.6,24.8,0.0,SW,3.0,Aotizhongxin,2013-07-07 16:00:00
3090,2013,7,7,17,135.0,146.0,19.0,40.0,900.0,211.0,30.5,992.6,24.6,0.0,SW,2.6,Aotizhongxin,2013-07-07 17:00:00
3091,2013,7,7,18,142.0,241.0,16.0,30.0,900.0,213.0,30.4,993.2,25.0,0.0,SW,1.5,Aotizhongxin,2013-07-07 18:00:00
3092,2013,7,7,19,143.0,194.0,12.0,47.0,1100.0,179.0,29.1,993.6,25.5,0.0,SE,0.0,Aotizhongxin,2013-07-07 19:00:00
3093,2013,7,7,20,151.0,182.0,12.0,46.0,1300.0,182.0,28.1,994.6,25.7,0.0,E,0.2,Aotizhongxin,2013-07-07 20:00:00
3094,2013,7,7,21,160.0,190.0,12.0,45.0,1399.0,160.0,28.0,994.6,25.6,0.0,SSW,0.6,Aotizhongxin,2013-07-07 21:00:00
3095,2013,7,7,22,175.0,207.0,15.0,63.0,1500.0,125.0,27.9,993.8,25.7,0.0,SSW,0.0,Aotizhongxin,2013-07-07 22:00:00
3096,2013,7,7,23,214.0,207.0,14.0,41.0,1500.0,143.0,27.4,994.8,26.0,2.0,E,1.3,Aotizhongxin,2013-07-07 23:00:00
3097,2013,7,8,0,213.0,162.0,13.0,29.0,1200.0,154.0,24.8,995.2,23.8,4.4,NNE,0.8,Aotizhongxin,2013-07-08 00:00:00
3098,2013,7,8,1,70.0,70.0,5.0,18.0,500.0,155.0,23.8,995.6,23.3,12.1,SW,0.9,Aotizhongxin,2013-07-08 01:00:00
3099,2013,7,8,2,62.0,70.0,4.0,28.0,400.0,130.0,23.4,995.7,22.9,1.0,ESE,0.7,Aotizhongxin,2013-07-08 02:00:00
3100,2013,7,8,3,62.0,70.0,4.0,18.0,400.0,135.0,23.2,995.4,22.9,0.1,NE,1.0,Aotizhongxin,2013-07-08 03:00:00
3101,2013,7,8,4,57.0,43.0,3.0,21.0,400.0,122.0,23.7,996.3,23.4,0.0,NE,2.3,Aotizhongxin,2013-07-08 04:00:00
3102,2013,7,8,5,67.0,32.0,4.0,46.0,500.0,84.0,23.2,996.9,22.7,0.0,ESE,0.8,Aotizhongxin,2013-07-08 05:00:00
3103,2013,7,8,6,59.0,14.0,4.0,34.0,500.0,97.0,23.6,996.9,23.1,0.0,ESE,0.9,Aotizhongxin,2013-07-08 06:00:00
3104,2013,7,8,7,74.0,60.0,4.0,43.0,500.0,82.0,24.2,997.8,23.3,0.0,ENE,1.3,Aotizhongxin,2013-07-08 07:00:00
3105,2013,7,8,8,82.0,65.0,5.0,41.0,600.0,83.0,24.7,997.9,23.5,0.5,E,0.7,Aotizhongxin,2013-07-08 08:00:00
3106,2013,7,8,9,91.0,69.0,5.0,49.0,700.0,66.0,24.7,997.8,23.3,0.3,E,0.8,Aotizhongxin,2013-07-08 09:00:00
3107,2013,7,8,10,88.0,69.0,5.0,50.0,700.0,71.0,25.0,997.8,24.0,6.6,E,1.1,Aotizhongxin,2013-07-08 10:00:00
3108,2013,7,8,11,74.0,103.0,6.0,55.0,800.0,66.0,25.9,997.9,23.8,0.0,NNW,0.5,Aotizhongxin,2013-07-08 11:00:00
3109,2013,7,8,12,83.0,103.0,6.0,65.0,900.0,58.0,26.4,997.6,23.9,0.0,ENE,1.2,Aotizhongxin,2013-07-08 12:00:00
3110,2013,7,8,13,90.0,23.0,7.0,54.0,800.0,87.0,26.6,997.0,24.3,0.0,ENE,0.0,Aotizhongxin,2013-07-08 13:00:00
3111,2013,7,8,14,94.0,88.0,6.0,53.0,800.0,94.0,25.7,996.5,23.9,3.6,S,0.5,Aotizhongxin,2013-07-08 14:00:00
3112,2013,7,8,15,99.0,78.0,6.0,61.0,900.0,79.0,27.1,996.7,23.8,0.0,SW,1.5,Aotizhongxin,2013-07-08 15:00:00
3113,2013,7,8,16,85.0,28.0,6.0,51.0,800.0,107.0,27.2,996.2,25.0,0.1,WSW,1.1,Aotizhongxin,2013-07-08 16:00:00
3114,2013,7,8,17,87.0,87.0,6.0,63.0,900.0,99.0,26.2,996.0,23.5,0.0,SW,2.4,Aotizhongxin,2013-07-08 17:00:00
3115,2013,7,8,18,106.0,122.0,6.0,83.0,1000.0,81.0,25.3,996.3,23.7,0.1,W,1.5,Aotizhongxin,2013-07-08 18:00:00
3116,2013,7,8,19,123.0,165.0,7.0,100.0,1200.0,60.0,25.1,997.0,24.1,0.0,WSW,0.8,Aotizhongxin,2013-07-08 19:00:00
3117,2013,7,8,20,143.0,165.0,9.0,94.0,1200.0,47.0,24.9,997.6,24.2,0.2,SE,0.1,Aotizhongxin,2013-07-08 20:00:00
3118,2013,7,8,21,152.0,153.0,9.0,84.0,1200.0,36.0,24.9,997.5,24.4,0.3,ESE,0.0,Aotizhongxin,2013-07-08 21:00:00
3119,2013,7,8,22,154.0,163.0,9.0,78.0,1200.0,24.0,24.9,997.8,24.6,0.0,WSW,0.9,Aotizhongxin,2013-07-08 22:00:00
3120,2013,7,8,23,147.0,163.0,8.0,98.0,1200.0,3.0,24.8,997.9,24.5,0.0,N,0.0,Aotizhongxin,2013-07-08 23:00:00
3121,2013,7,9,0,166.0,128.0,9.0,84.0,1300.0,9.0,24.8,997.5,24.5,0.0,NNE,1.1,Aotizhongxin,2013-07-09 00:00:00
3122,2013,7,9,1,164.0,100.0,10.0,88.0,1300.0,2.0,24.6,996.8,24.3,0.0,NNE,1.3,Aotizhongxin,2013-07-09 01:00:00
3123,2013,7,9,2,147.0,78.0,9.0,84.0,1100.0,2.0,24.6,997.1,24.1,0.0,NE,0.9,Aotizhongxin,2013-07-09 02:00:00
3124,2013,7,9,3,149.0,107.0,9.0,77.0,1100.0,2.0,24.6,997.3,24.3,0.6,NNE,0.1,Aotizhongxin,2013-07-09 03:00:00
3125,2013,7,9,4,165.0,105.0,10.0,72.0,1000.0,2.0,24.6,997.4,24.3,0.9,NE,1.0,Aotizhongxin,2013-07-09 04:00:00
3126,2013,7,9,5,150.0,101.0,10.0,78.0,1000.0,2.0,24.5,997.7,24.3,0.2,NNE,0.7,Aotizhongxin,2013-07-09 05:00:00
3127,2013,7,9,6,156.0,118.0,10.0,68.0,1000.0,2.0,24.8,997.8,24.6,0.0,N,0.9,Aotizhongxin,2013-07-09 06:00:00
3128,2013,7,9,7,161.0,89.0,10.0,61.0,1100.0,8.0,24.6,997.6,24.3,0.0,NE,1.9,Aotizhongxin,2013-07-09 07:00:00
3129,2013,7,9,8,149.0,28.0,11.0,71.0,1100.0,18.0,24.6,997.5,24.3,0.0,NE,2.0,Aotizhongxin,2013-07-09 08:00:00
3130,2013,7,9,9,134.0,61.0,11.0,57.0,1100.0,16.0,25.4,997.6,23.8,0.0,NNE,1.6,Aotizhongxin,2013-07-09 09:00:00
3131,2013,7,9,10,71.0,71.0,8.0,45.0,900.0,44.0,25.0,997.5,23.6,0.0,NNE,1.2,Aotizhongxin,2013-07-09 10:00:00
3132,2013,7,9,11,57.0,57.0,7.0,34.0,700.0,64.0,24.9,997.9,24.0,1.0,NNE,1.0,Aotizhongxin,2013-07-09 11:00:00
3133,2013,7,9,12,52.0,25.0,6.0,46.0,700.0,50.0,25.0,998.2,24.3,2.1,NE,0.7,Aotizhongxin,2013-07-09 12:00:00
3134,2013,7,9,13,52.0,38.5,6.0,50.0,700.0,48.0,23.7,997.9,22.9,2.2,NE,1.4,Aotizhongxin,2013-07-09 13:00:00
3135,2013,7,9,14,52.0,52.0,4.0,38.0,500.0,60.0,23.8,997.8,22.9,1.7,NE,1.5,Aotizhongxin,2013-07-09 14:00:00
3136,2013,7,9,15,19.0,162.0,3.0,46.0,500.0,59.0,23.4,998.0,22.6,0.9,NE,1.4,Aotizhongxin,2013-07-09 15:00:00
3137,2013,7,9,16,25.0,82.0,3.0,35.0,400.0,67.0,23.2,997.7,22.5,0.8,NE,0.8,Aotizhongxin,2013-07-09 16:00:00
3138,2013,7,9,17,25.0,56.0,3.0,45.0,500.0,51.0,23.5,997.5,22.8,0.2,S,0.6,Aotizhongxin,2013-07-09 17:00:00
3139,2013,7,9,18,24.0,52.0,3.0,49.0,500.0,43.0,23.4,997.8,22.9,0.0,WSW,0.5,Aotizhongxin,2013-07-09 18:00:00
3140,2013,7,9,19,27.0,50.0,3.0,47.0,500.0,47.0,23.1,997.6,22.6,0.0,N,0.0,Aotizhongxin,2013-07-09 19:00:00
3141,2013,7,9,20,37.0,51.0,3.0,57.0,600.0,23.0,22.8,998.3,22.5,0.0,NNW,0.9,Aotizhongxin,2013-07-09 20:00:00
3142,2013,7,9,21,43.0,60.0,3.0,74.0,700.0,4.0,22.8,998.9,22.5,0.0,NE,0.8,Aotizhongxin,2013-07-09 21:00:00
3143,2013,7,9,22,47.0,62.0,3.0,78.0,700.0,2.0,22.7,998.6,22.4,0.0,SW,0.5,Aotizhongxin,2013-07-09 22:00:00
3144,2013,7,9,23,50.0,60.0,3.0,77.0,700.0,2.0,22.5,998.5,22.3,0.0,SW,0.5,Aotizhongxin,2013-07-09 23:00:00
3145,2013,7,10,0,54.0,57.0,3.0,69.0,600.0,2.0,22.4,998.3,22.2,0.0,N,0.0,Aotizhongxin,2013-07-10 00:00:00
3146,2013,7,10,1,51.0,52.0,3.0,70.0,600.0,2.0,22.3,998.0,22.1,0.0,N,0.2,Aotizhongxin,2013-07-10 01:00:00
3147,2013,7,10,2,44.0,52.0,3.0,62.0,600.0,2.0,22.3,998.0,22.1,0.0,NE,1.0,Aotizhongxin,2013-07-10 02:00:00
3148,2013,7,10,3,47.0,59.0,4.0,44.0,500.0,2.0,22.0,998.2,21.8,0.0,NE,0.8,Aotizhongxin,2013-07-10 03:00:00
3149,2013,7,10,4,41.0,45.0,5.0,44.0,400.0,2.0,21.9,998.9,21.7,0.2,NE,1.0,Aotizhongxin,2013-07-10 04:00:00
3150,2013,7,10,5,35.0,47.0,3.0,48.0,500.0,2.0,22.0,999.3,22.0,0.2,NNE,0.9,Aotizhongxin,2013-07-10 05:00:00
3151,2013,7,10,6,33.0,40.0,3.0,50.0,500.0,2.0,22.3,999.6,22.3,0.0,NE,1.1,Aotizhongxin,2013-07-10 06:00:00
3152,2013,7,10,7,30.0,40.0,3.0,45.0,500.0,2.0,22.9,1000.1,22.7,0.0,ESE,0.7,Aotizhongxin,2013-07-10 07:00:00
3153,2013,7,10,8,30.0,41.0,5.0,46.0,600.0,2.0,23.5,1000.1,22.8,0.0,NNE,0.8,Aotizhongxin,2013-07-10 08:00:00
3154,2013,7,10,9,25.0,47.0,6.0,43.0,600.0,8.0,24.8,1000.3,22.7,0.0,NNE,0.9,Aotizhongxin,2013-07-10 09:00:00
3155,2013,7,10,10,25.0,41.0,5.0,45.0,600.0,15.0,24.7,1000.5,22.2,0.0,NNE,1.0,Aotizhongxin,2013-07-10 10:00:00
3156,2013,7,10,11,25.0,39.0,5.0,33.0,500.0,34.0,24.4,1000.2,22.5,0.0,NNE,1.7,Aotizhongxin,2013-07-10 11:00:00
3157,2013,7,10,12,26.0,47.0,5.0,41.0,700.0,29.0,24.6,1000.1,22.1,0.0,NE,1.1,Aotizhongxin,2013-07-10 12:00:00
3158,2013,7,10,13,32.0,49.0,5.0,55.0,600.0,17.0,23.0,1000.2,21.6,1.1,ENE,1.3,Aotizhongxin,2013-07-10 13:00:00
3159,2013,7,10,14,31.0,47.0,4.0,51.0,500.0,25.0,22.8,1000.7,21.6,2.8,N,1.1,Aotizhongxin,2013-07-10 14:00:00
3160,2013,7,10,15,20.0,30.0,3.0,34.0,400.0,64.0,22.6,1000.6,21.9,1.1,WNW,0.0,Aotizhongxin,2013-07-10 15:00:00
3161,2013,7,10,16,21.0,30.0,3.0,44.0,500.0,56.0,22.8,1000.3,21.8,0.2,NNW,0.7,Aotizhongxin,2013-07-10 16:00:00
3162,2013,7,10,17,19.0,23.0,3.0,47.0,400.0,57.0,23.6,999.7,22.4,0.0,NNE,1.2,Aotizhongxin,2013-07-10 17:00:00
3163,2013,7,10,18,21.0,23.0,3.0,55.0,500.0,46.0,23.2,1000.2,20.9,0.0,N,1.1,Aotizhongxin,2013-07-10 18:00:00
3164,2013,7,10,19,23.0,28.0,3.0,61.0,500.0,34.0,22.5,1000.1,21.1,0.0,NW,0.0,Aotizhongxin,2013-07-10 19:00:00
3165,2013,7,10,20,34.0,36.0,3.0,64.0,500.0,25.0,22.5,1000.9,21.8,0.0,SSW,0.1,Aotizhongxin,2013-07-10 20:00:00
3166,2013,7,10,21,27.0,41.0,3.0,73.0,600.0,7.0,22.3,1000.8,21.6,0.0,NW,0.1,Aotizhongxin,2013-07-10 21:00:00
3167,2013,7,10,22,28.0,51.0,3.0,84.0,600.0,2.0,22.1,1000.4,21.4,0.0,WNW,0.1,Aotizhongxin,2013-07-10 22:00:00
3168,2013,7,10,23,28.0,51.0,3.0,84.0,550.0,2.0,22.0,1000.4,21.3,0.0,NE,0.8,Aotizhongxin,2013-07-10 23:00:00
3169,2013,7,11,0,28.0,30.0,3.0,66.0,500.0,2.0,21.8,1000.1,21.3,0.0,ESE,0.0,Aotizhongxin,2013-07-11 00:00:00
3170,2013,7,11,1,27.0,48.0,3.0,62.0,400.0,2.0,21.8,1000.3,21.3,0.0,NE,0.5,Aotizhongxin,2013-07-11 01:00:00
3171,2013,7,11,2,28.0,41.0,3.0,63.0,400.0,2.0,22.0,1000.2,21.5,0.0,NE,0.8,Aotizhongxin,2013-07-11 02:00:00
3172,2013,7,11,3,26.0,29.0,3.0,63.0,300.0,2.0,21.8,1000.2,21.1,0.0,NE,0.5,Aotizhongxin,2013-07-11 03:00:00
3173,2013,7,11,4,26.0,32.0,4.0,64.0,400.0,2.0,21.8,1000.7,21.3,0.0,N,0.1,Aotizhongxin,2013-07-11 04:00:00
3174,2013,7,11,5,22.0,41.0,4.0,59.0,400.0,2.0,21.8,1000.9,21.3,0.0,NE,0.6,Aotizhongxin,2013-07-11 05:00:00
3175,2013,7,11,6,26.0,40.0,4.0,58.0,400.0,2.0,22.6,1001.4,21.6,0.0,N,0.2,Aotizhongxin,2013-07-11 06:00:00
3176,2013,7,11,7,29.0,47.0,4.0,47.0,500.0,2.0,23.9,1001.1,21.6,0.0,SE,0.6,Aotizhongxin,2013-07-11 07:00:00
3177,2013,7,11,8,25.0,47.0,5.0,39.0,500.0,10.0,24.6,1001.5,21.9,0.0,ENE,0.6,Aotizhongxin,2013-07-11 08:00:00
3178,2013,7,11,9,29.0,53.0,3.0,45.0,600.0,9.0,25.3,1001.6,21.8,0.0,WNW,0.8,Aotizhongxin,2013-07-11 09:00:00
3179,2013,7,11,10,36.0,59.0,3.0,45.0,700.0,14.0,25.5,1001.5,21.6,0.0,W,1.2,Aotizhongxin,2013-07-11 10:00:00
3180,2013,7,11,11,38.0,69.0,5.0,52.0,700.0,18.0,25.2,1001.4,23.1,0.0,N,0.0,Aotizhongxin,2013-07-11 11:00:00
3181,2013,7,11,12,38.0,59.0,4.0,58.0,700.0,19.0,26.8,1001.1,22.2,0.0,W,0.8,Aotizhongxin,2013-07-11 12:00:00
3182,2013,7,11,13,41.0,54.0,5.0,62.0,800.0,24.0,26.4,1000.5,21.8,0.0,WSW,1.1,Aotizhongxin,2013-07-11 13:00:00
3183,2013,7,11,14,38.0,49.0,5.0,57.0,800.0,39.0,26.5,1000.7,22.1,0.0,WSW,1.2,Aotizhongxin,2013-07-11 14:00:00
3184,2013,7,11,15,40.0,48.0,5.0,62.0,700.0,43.0,27.5,1000.4,22.2,0.0,WSW,1.3,Aotizhongxin,2013-07-11 15:00:00
3185,2013,7,11,16,36.0,44.0,6.0,47.0,600.0,65.0,28.8,999.2,19.4,0.0,WSW,1.1,Aotizhongxin,2013-07-11 16:00:00
3186,2013,7,11,17,36.0,44.0,6.0,47.0,605.8823529411765,82.8954,28.2,999.3,20.2,0.0,SW,2.1,Aotizhongxin,2013-07-11 17:00:00
3187,2013,7,11,18,30.0,45.0,5.1408,45.9872,611.7647058823529,93.3912,25.9,1000.1,20.5,0.0,WSW,1.7,Aotizhongxin,2013-07-11 18:00:00
3188,2013,7,11,19,39.0,67.0,4.5696,61.3847,617.6470588235294,103.0302,24.7,1000.4,20.8,0.0,SW,1.5,Aotizhongxin,2013-07-11 19:00:00
3189,2013,7,11,20,38.0,76.0,3.4272,81.7094,623.5294117647059,46.4814,24.4,1001.0,20.9,0.0,SW,2.0,Aotizhongxin,2013-07-11 20:00:00
3190,2013,7,11,21,50.0,110.0,3.4272,75.961,629.4117647058823,43.6968,24.0,1000.9,21.5,0.0,WSW,1.3,Aotizhongxin,2013-07-11 21:00:00
3191,2013,7,11,22,51.0,64.0,5.9976,69.5967,635.2941176470588,36.1998,23.6,1001.1,21.7,0.0,SW,1.4,Aotizhongxin,2013-07-11 22:00:00
3192,2013,7,11,23,49.0,82.0,4.284,59.537,641.1764705882352,33.4152,23.1,1000.5,21.2,0.0,SW,1.3,Aotizhongxin,2013-07-11 23:00:00
3193,2013,7,12,0,55.0,73.0,3.4272,53.1727,647.0588235294117,28.0602,22.2,1000.4,21.0,0.0,WSW,0.6,Aotizhongxin,2013-07-12 00:00:00
3194,2013,7,12,1,56.0,64.0,4.284,52.3515,652.9411764705883,28.4886,21.6,1000.4,21.1,0.0,N,0.0,Aotizhongxin,2013-07-12 01:00:00
3195,2013,7,12,2,57.0,68.0,3.7128,59.9476,658.8235294117648,18.207,21.0,999.8,20.5,0.0,ENE,0.7,Aotizhongxin,2013-07-12 02:00:00
3196,2013,7,12,3,60.0,63.0,4.5696,78.4246,664.7058823529412,16.1721,20.8,1000.7,20.3,0.0,NE,0.8,Aotizhongxin,2013-07-12 03:00:00
3197,2013,7,12,4,62.0,72.0,5.712,76.9875,670.5882352941177,14.1372,20.6,1000.7,20.1,0.0,ENE,0.7,Aotizhongxin,2013-07-12 04:00:00
3198,2013,7,12,5,51.0,84.0,5.712,75.1398,676.4705882352941,12.102300000000001,20.9,1001.2,20.4,0.0,NE,1.0,Aotizhongxin,2013-07-12 05:00:00
3199,2013,7,12,6,52.0,94.0,6.5688,70.0073,682.3529411764706,10.067400000000001,22.2,1001.0,20.7,0.0,NE,0.9,Aotizhongxin,2013-07-12 06:00:00
3200,2013,7,12,7,55.0,88.0,5.1408,69.802,688.2352941176471,8.0325,24.3,1001.3,20.8,0.0,E,0.9,Aotizhongxin,2013-07-12 07:00:00
3201,2013,7,12,8,63.0,93.0,6.0,72.0,694.1176470588235,5.9976,26.7,1001.5,21.2,0.0,E,0.9,Aotizhongxin,2013-07-12 08:00:00
3202,2013,7,12,9,75.0,95.0,8.0,70.0,700.0,39.0,28.5,1001.4,21.5,0.0,SE,1.2,Aotizhongxin,2013-07-12 09:00:00
3203,2013,7,12,10,75.0,86.0,8.0,62.0,700.0,82.0,29.3,1000.9,21.3,0.0,W,1.4,Aotizhongxin,2013-07-12 10:00:00
3204,2013,7,12,11,58.0,64.0,7.0,49.0,600.0,132.0,30.2,1000.2,21.0,0.0,WNW,1.2,Aotizhongxin,2013-07-12 11:00:00
3205,2013,7,12,12,51.0,57.0,7.0,45.0,600.0,169.0,31.7,999.5,21.5,0.0,NW,0.6,Aotizhongxin,2013-07-12 12:00:00
3206,2013,7,12,13,58.0,60.0,7.0,52.0,700.0,216.0,32.1,999.2,23.6,0.0,WSW,2.5,Aotizhongxin,2013-07-12 13:00:00
3207,2013,7,12,14,79.0,93.0,6.0,62.0,800.0,265.0,31.8,998.9,23.9,0.0,WSW,2.8,Aotizhongxin,2013-07-12 14:00:00
3208,2013,7,12,15,80.0,101.0,5.0,57.0,700.0,289.0,31.2,998.5,24.3,0.0,SW,3.3,Aotizhongxin,2013-07-12 15:00:00
3209,2013,7,12,16,65.0,92.0,4.0,43.0,600.0,233.0,30.6,998.4,24.5,0.0,SSW,1.5,Aotizhongxin,2013-07-12 16:00:00
3210,2013,7,12,17,46.0,68.0,4.0,35.0,600.0,159.0,30.0,999.1,24.4,0.0,SW,2.0,Aotizhongxin,2013-07-12 17:00:00
3211,2013,7,12,18,47.0,69.0,3.0,33.0,600.0,138.0,28.9,999.7,23.6,0.0,SW,2.2,Aotizhongxin,2013-07-12 18:00:00
3212,2013,7,12,19,42.0,55.0,3.0,35.0,700.0,113.0,27.7,1000.0,23.5,0.0,SSW,2.3,Aotizhongxin,2013-07-12 19:00:00
3213,2013,7,12,20,63.0,85.0,3.0,43.0,800.0,120.0,27.0,1000.6,23.5,0.0,SW,2.7,Aotizhongxin,2013-07-12 20:00:00
3214,2013,7,12,21,123.0,140.0,8.0,45.0,1000.0,123.0,26.5,1001.2,23.2,0.0,SSW,2.1,Aotizhongxin,2013-07-12 21:00:00
3215,2013,7,12,22,137.0,140.0,13.0,47.0,1100.0,91.0,26.0,1001.4,23.1,0.0,SW,2.1,Aotizhongxin,2013-07-12 22:00:00
3216,2013,7,12,23,130.0,115.0,16.0,39.0,900.0,90.0,25.5,1001.0,23.2,0.0,SW,1.5,Aotizhongxin,2013-07-12 23:00:00
3217,2013,7,13,0,126.0,106.0,12.0,41.0,800.0,75.0,25.4,1001.1,23.3,0.0,SSW,0.8,Aotizhongxin,2013-07-13 00:00:00
3218,2013,7,13,1,131.0,116.0,15.0,42.0,800.0,69.0,25.2,1000.4,23.3,0.0,WSW,0.9,Aotizhongxin,2013-07-13 01:00:00
3219,2013,7,13,2,132.0,117.0,15.0,46.0,800.0,51.0,25.2,1000.3,23.4,0.0,W,0.4,Aotizhongxin,2013-07-13 02:00:00
3220,2013,7,13,3,136.0,126.0,9.0,37.0,800.0,29.0,25.2,1000.5,23.6,0.0,WSW,0.7,Aotizhongxin,2013-07-13 03:00:00
3221,2013,7,13,4,138.0,136.0,9.0,37.0,800.0,7.0,25.1,1001.1,23.5,0.0,W,0.9,Aotizhongxin,2013-07-13 04:00:00
3222,2013,7,13,5,140.0,124.0,7.0,59.0,1000.0,6.0,25.0,1001.7,23.6,0.0,W,1.0,Aotizhongxin,2013-07-13 05:00:00
3223,2013,7,13,6,142.0,132.0,6.0,66.0,1000.0,2.0,25.2,1001.6,23.6,0.0,WSW,0.8,Aotizhongxin,2013-07-13 06:00:00
3224,2013,7,13,7,145.0,126.0,7.0,67.0,1100.0,2.0,25.9,1002.1,23.9,0.0,WNW,0.9,Aotizhongxin,2013-07-13 07:00:00
3225,2013,7,13,8,158.0,137.0,9.0,62.0,1100.0,23.0,27.5,1002.0,24.1,0.0,NW,1.0,Aotizhongxin,2013-07-13 08:00:00
3226,2013,7,13,9,163.0,125.0,12.0,55.0,1100.0,59.0,27.7,1002.3,23.9,0.0,ESE,0.6,Aotizhongxin,2013-07-13 09:00:00
3227,2013,7,13,10,185.0,129.0,11.0,55.0,1100.0,83.0,27.7,1002.3,24.3,0.0,NE,1.0,Aotizhongxin,2013-07-13 10:00:00
3228,2013,7,13,11,163.0,136.0,10.0,54.0,1100.0,103.0,29.2,1002.0,24.5,0.0,ENE,1.1,Aotizhongxin,2013-07-13 11:00:00
3229,2013,7,13,12,160.0,131.0,13.0,51.0,1100.0,139.0,29.8,1001.8,24.4,0.0,ENE,0.9,Aotizhongxin,2013-07-13 12:00:00
3230,2013,7,13,13,141.0,116.0,12.0,54.0,1100.0,154.0,30.5,1001.3,23.9,0.0,ESE,1.5,Aotizhongxin,2013-07-13 13:00:00
3231,2013,7,13,14,119.0,93.0,10.0,42.0,1100.0,180.0,30.7,1001.1,23.6,0.0,SW,1.0,Aotizhongxin,2013-07-13 14:00:00
3232,2013,7,13,15,102.0,90.0,9.0,35.0,1100.0,193.0,31.9,1001.0,23.2,0.0,SE,1.0,Aotizhongxin,2013-07-13 15:00:00
3233,2013,7,13,16,102.0,76.0,7.0,36.0,1000.0,196.0,30.4,1000.5,23.8,0.0,SW,1.4,Aotizhongxin,2013-07-13 16:00:00
3234,2013,7,13,17,87.0,65.0,5.0,36.0,900.0,189.0,29.9,1000.7,23.4,0.0,SW,1.2,Aotizhongxin,2013-07-13 17:00:00
3235,2013,7,13,18,77.0,89.0,5.0,47.0,1000.0,179.0,29.4,1000.5,23.4,0.0,WSW,1.7,Aotizhongxin,2013-07-13 18:00:00
3236,2013,7,13,19,76.0,84.0,5.0,46.0,1000.0,177.0,28.2,1000.8,23.1,0.0,SW,1.5,Aotizhongxin,2013-07-13 19:00:00
3237,2013,7,13,20,76.0,84.0,5.0,46.0,1100.0,155.0,27.8,1001.7,23.2,0.0,SSW,1.6,Aotizhongxin,2013-07-13 20:00:00
3238,2013,7,13,21,87.0,123.0,7.0,45.0,1600.0,154.0,27.7,1001.9,23.1,0.0,S,1.5,Aotizhongxin,2013-07-13 21:00:00
3239,2013,7,13,22,142.0,160.0,11.0,40.0,2000.0,186.0,27.4,1002.4,23.6,0.0,SW,1.8,Aotizhongxin,2013-07-13 22:00:00
3240,2013,7,13,23,179.0,160.0,13.0,48.0,1800.0,170.0,26.8,1002.2,23.7,0.0,SW,2.3,Aotizhongxin,2013-07-13 23:00:00
3241,2013,7,14,0,167.0,151.0,14.0,42.0,1500.0,144.0,26.2,1002.2,23.3,0.0,SW,1.5,Aotizhongxin,2013-07-14 00:00:00
3242,2013,7,14,1,124.0,109.0,11.0,49.0,1100.0,94.0,25.8,1002.2,23.1,0.0,SW,0.9,Aotizhongxin,2013-07-14 01:00:00
3243,2013,7,14,2,109.0,114.0,13.0,57.0,1000.0,67.0,25.7,1002.3,23.0,0.0,SSW,1.3,Aotizhongxin,2013-07-14 02:00:00
3244,2013,7,14,3,111.0,114.0,15.0,53.0,1000.0,48.0,25.1,1002.7,22.8,0.0,SSE,1.0,Aotizhongxin,2013-07-14 03:00:00
3245,2013,7,14,4,121.0,107.0,19.0,53.0,1800.0,32.0,24.6,1003.0,22.8,0.0,SW,1.0,Aotizhongxin,2013-07-14 04:00:00
3246,2013,7,14,5,117.0,96.0,23.0,64.0,1600.0,15.0,24.9,1003.0,22.8,0.0,S,0.9,Aotizhongxin,2013-07-14 05:00:00
3247,2013,7,14,6,120.0,121.0,20.0,72.0,1300.0,2.0,24.8,1003.4,22.5,0.0,S,0.5,Aotizhongxin,2013-07-14 06:00:00
3248,2013,7,14,7,164.0,121.0,22.0,62.0,1300.0,2.0,25.2,1003.9,22.9,0.0,SE,1.2,Aotizhongxin,2013-07-14 07:00:00
3249,2013,7,14,8,171.0,156.0,16.0,49.0,1200.0,8.0,25.7,1004.1,22.8,0.0,SSE,0.8,Aotizhongxin,2013-07-14 08:00:00
3250,2013,7,14,9,133.0,95.0,22.0,47.0,800.0,29.0,26.8,1004.1,22.6,0.0,WSW,1.1,Aotizhongxin,2013-07-14 09:00:00
3251,2013,7,14,10,110.0,80.0,31.0,45.0,700.0,52.0,28.1,1003.5,22.6,0.0,NE,1.4,Aotizhongxin,2013-07-14 10:00:00
3252,2013,7,14,11,104.0,79.0,27.0,42.0,600.0,81.0,29.7,1003.0,22.4,0.0,ENE,1.4,Aotizhongxin,2013-07-14 11:00:00
3253,2013,7,14,12,74.0,26.0,21.0,36.0,700.0,117.0,30.2,1002.2,20.2,0.0,N,1.1,Aotizhongxin,2013-07-14 12:00:00
3254,2013,7,14,13,81.0,90.0,26.0,32.0,1000.0,156.0,31.2,1001.5,20.5,0.0,N,2.0,Aotizhongxin,2013-07-14 13:00:00
3255,2013,7,14,14,83.0,104.0,23.0,30.0,900.0,187.0,30.7,1000.9,20.9,0.0,ESE,0.6,Aotizhongxin,2013-07-14 14:00:00
3256,2013,7,14,15,73.0,104.0,15.0,29.0,700.0,196.0,30.2,1000.6,19.9,0.0,E,1.0,Aotizhongxin,2013-07-14 15:00:00
3257,2013,7,14,16,64.0,65.0,11.0,28.0,700.0,187.0,29.4,1000.6,21.1,0.0,SE,1.5,Aotizhongxin,2013-07-14 16:00:00
3258,2013,7,14,17,69.0,93.0,11.0,35.0,700.0,164.0,28.7,1000.3,22.9,0.0,SSW,2.5,Aotizhongxin,2013-07-14 17:00:00
3259,2013,7,14,18,66.0,68.0,11.0,52.0,800.0,116.0,27.6,1000.1,21.6,0.0,S,1.3,Aotizhongxin,2013-07-14 18:00:00
3260,2013,7,14,19,71.0,143.0,9.0,48.0,800.0,93.0,26.9,1000.6,22.5,0.0,SSW,1.5,Aotizhongxin,2013-07-14 19:00:00
3261,2013,7,14,20,85.0,109.0,11.0,49.0,700.0,90.0,25.3,1001.3,23.0,0.0,SW,1.8,Aotizhongxin,2013-07-14 20:00:00
3262,2013,7,14,21,73.0,87.0,7.0,42.0,600.0,80.0,24.0,1000.7,23.1,0.5,SW,1.3,Aotizhongxin,2013-07-14 21:00:00
3263,2013,7,14,22,66.0,87.0,4.0,56.0,600.0,55.0,23.1,1000.4,22.8,11.2,SW,1.2,Aotizhongxin,2013-07-14 22:00:00
3264,2013,7,14,23,61.0,46.0,3.0,53.0,600.0,48.0,23.3,1000.2,23.1,2.0,W,0.9,Aotizhongxin,2013-07-14 23:00:00
3265,2013,7,15,0,65.0,48.0,3.0,52.0,700.0,37.0,22.7,999.4,22.4,3.0,NNW,0.5,Aotizhongxin,2013-07-15 00:00:00
3266,2013,7,15,1,60.0,35.0,3.0,62.0,600.0,17.0,22.8,998.7,22.5,4.1,NNE,0.9,Aotizhongxin,2013-07-15 01:00:00
3267,2013,7,15,2,51.0,13.0,3.0,38.0,500.0,42.0,22.6,997.6,22.3,1.4,ESE,0.2,Aotizhongxin,2013-07-15 02:00:00
3268,2013,7,15,3,69.0,47.0,3.0,38.0,700.0,28.0,22.7,997.2,22.5,1.8,NE,1.5,Aotizhongxin,2013-07-15 03:00:00
3269,2013,7,15,4,72.0,55.0,4.0,34.0,1400.0,4.0,22.8,996.7,22.6,3.0,N,0.6,Aotizhongxin,2013-07-15 04:00:00
3270,2013,7,15,5,64.0,49.0,5.0,42.0,1700.0,2.0,23.0,996.4,22.8,3.1,NNE,1.1,Aotizhongxin,2013-07-15 05:00:00
3271,2013,7,15,6,64.0,26.0,5.0,42.0,1800.0,2.0,22.9,996.1,22.7,9.8,NE,1.0,Aotizhongxin,2013-07-15 06:00:00
3272,2013,7,15,7,51.0,43.0,5.0,44.0,2000.0,2.0,22.9,995.7,22.7,8.8,ESE,0.6,Aotizhongxin,2013-07-15 07:00:00
3273,2013,7,15,8,59.0,55.0,5.0,38.0,2100.0,2.0,22.9,995.0,22.9,4.5,SE,0.1,Aotizhongxin,2013-07-15 08:00:00
3274,2013,7,15,9,34.0,19.0,4.0,46.0,1500.0,2.0,23.1,994.5,22.9,3.3,NE,0.5,Aotizhongxin,2013-07-15 09:00:00
3275,2013,7,15,10,34.0,9.0,4.0,46.0,1400.0,2.0,24.1,993.6,24.1,2.5,SW,1.5,Aotizhongxin,2013-07-15 10:00:00
3276,2013,7,15,11,25.0,14.0,3.0,58.0,1400.0,2.0,24.4,993.1,24.2,0.9,SSW,1.3,Aotizhongxin,2013-07-15 11:00:00
3277,2013,7,15,12,20.0,15.0,4.0,40.0,1200.0,2.0,24.9,992.8,24.6,0.8,SSW,1.0,Aotizhongxin,2013-07-15 12:00:00
3278,2013,7,15,13,30.0,12.0,3.0,39.0,1100.0,2.0,25.5,992.1,25.2,0.6,S,0.9,Aotizhongxin,2013-07-15 13:00:00
3279,2013,7,15,14,38.0,29.0,3.0,40.0,1000.0,2.0,25.5,992.0,24.8,0.1,SW,0.7,Aotizhongxin,2013-07-15 14:00:00
3280,2013,7,15,15,39.0,18.0,3.0,44.0,1000.0,2.0,25.0,992.2,24.5,1.1,WSW,1.6,Aotizhongxin,2013-07-15 15:00:00
3281,2013,7,15,16,42.0,32.0,4.0,51.0,1000.0,2.0,24.3,991.2,24.0,3.8,WSW,0.0,Aotizhongxin,2013-07-15 16:00:00
3282,2013,7,15,17,41.0,25.0,4.0,64.0,900.0,2.0,24.5,990.4,24.2,0.5,N,1.1,Aotizhongxin,2013-07-15 17:00:00
3283,2013,7,15,18,46.0,29.0,4.0,66.0,900.0,4.0,24.4,990.0,24.1,0.6,E,0.6,Aotizhongxin,2013-07-15 18:00:00
3284,2013,7,15,19,49.0,35.0,3.0,73.0,1000.0,2.0,24.1,990.7,23.9,0.1,N,0.0,Aotizhongxin,2013-07-15 19:00:00
3285,2013,7,15,20,48.0,38.0,3.0,79.0,1100.0,2.0,23.9,991.5,23.7,0.3,N,0.2,Aotizhongxin,2013-07-15 20:00:00
3286,2013,7,15,21,48.0,42.0,4.0,81.0,1200.0,2.0,23.8,991.4,23.6,0.0,SW,1.4,Aotizhongxin,2013-07-15 21:00:00
3287,2013,7,15,22,54.0,45.0,4.0,76.0,1300.0,2.0,23.7,991.0,23.5,0.0,N,0.0,Aotizhongxin,2013-07-15 22:00:00
3288,2013,7,15,23,55.0,41.0,3.0,69.0,1100.0,2.0,23.5,990.7,23.3,0.0,NNE,0.7,Aotizhongxin,2013-07-15 23:00:00
3289,2013,7,16,0,53.0,38.0,4.0,62.0,1100.0,2.0,23.3,990.4,23.3,0.0,NE,0.8,Aotizhongxin,2013-07-16 00:00:00
3290,2013,7,16,1,56.0,45.0,5.0,56.0,1200.0,2.0,23.2,990.3,23.2,0.1,NW,0.5,Aotizhongxin,2013-07-16 01:00:00
3291,2013,7,16,2,58.0,47.0,5.0,57.0,1200.0,2.0,23.0,990.3,23.0,0.0,N,0.2,Aotizhongxin,2013-07-16 02:00:00
3292,2013,7,16,3,49.0,41.0,3.0,45.0,1050.0,2.0,22.6,990.8,22.6,0.0,NE,1.0,Aotizhongxin,2013-07-16 03:00:00
3293,2013,7,16,4,51.0,40.0,4.0,45.0,900.0,2.0,21.5,991.7,20.1,0.0,NNE,2.3,Aotizhongxin,2013-07-16 04:00:00
3294,2013,7,16,5,51.0,51.0,4.0,43.0,600.0,19.0,23.0,992.5,17.7,0.0,NW,1.8,Aotizhongxin,2013-07-16 05:00:00
3295,2013,7,16,6,14.0,21.0,10.0,30.0,300.0,48.0,24.4,993.0,17.1,0.0,NE,1.9,Aotizhongxin,2013-07-16 06:00:00
3296,2013,7,16,7,8.0,10.0,10.0,23.0,300.0,60.0,25.8,993.5,17.2,0.0,N,2.1,Aotizhongxin,2013-07-16 07:00:00
3297,2013,7,16,8,8.0,11.0,12.0,27.0,300.0,63.0,27.6,993.8,15.3,0.0,N,4.3,Aotizhongxin,2013-07-16 08:00:00
3298,2013,7,16,9,9.0,16.0,8.0,26.0,200.0,70.0,29.1,994.7,14.1,0.0,NNE,4.6,Aotizhongxin,2013-07-16 09:00:00
3299,2013,7,16,10,7.0,16.0,5.0,20.0,200.0,84.0,30.2,995.1,13.5,0.0,NNE,4.0,Aotizhongxin,2013-07-16 10:00:00
3300,2013,7,16,11,5.0,5.0,3.0,14.0,200.0,91.0,30.9,995.1,13.7,0.0,NNW,3.5,Aotizhongxin,2013-07-16 11:00:00
3301,2013,7,16,12,7.0,7.0,3.0,13.0,200.0,90.0,31.8,995.1,13.5,0.0,NW,2.2,Aotizhongxin,2013-07-16 12:00:00
3302,2013,7,16,13,7.0,7.0,3.0,13.0,200.0,90.0,32.9,995.2,14.0,0.0,N,2.7,Aotizhongxin,2013-07-16 13:00:00
3303,2013,7,16,14,10.0,11.0,3.0,15.0,100.0,86.0,33.5,995.2,13.5,0.0,N,2.9,Aotizhongxin,2013-07-16 14:00:00
3304,2013,7,16,15,6.0,7.0,3.0,15.0,200.0,83.0,33.8,995.2,12.2,0.0,NW,2.5,Aotizhongxin,2013-07-16 15:00:00
3305,2013,7,16,16,7.0,12.0,3.0,16.0,200.0,81.0,34.3,995.6,12.6,0.0,N,1.8,Aotizhongxin,2013-07-16 16:00:00
3306,2013,7,16,17,6.0,10.0,3.0,18.0,100.0,76.0,33.4,995.7,14.9,0.0,WNW,1.4,Aotizhongxin,2013-07-16 17:00:00
3307,2013,7,16,18,7.0,15.0,3.0,27.0,200.0,81.0,29.8,996.6,21.7,0.0,WSW,0.9,Aotizhongxin,2013-07-16 18:00:00
3308,2013,7,16,19,12.0,31.0,3.0,39.0,300.0,89.0,25.2,997.1,17.9,0.0,S,0.5,Aotizhongxin,2013-07-16 19:00:00
3309,2013,7,16,20,23.0,71.0,3.0,86.0,500.0,54.0,24.2,998.0,18.4,0.0,SSW,0.7,Aotizhongxin,2013-07-16 20:00:00
3310,2013,7,16,21,25.0,66.0,3.0,82.0,500.0,54.0,22.7,998.2,18.9,0.0,SSW,0.6,Aotizhongxin,2013-07-16 21:00:00
3311,2013,7,16,22,32.0,67.0,4.0,101.0,600.0,23.0,21.6,998.9,19.0,0.0,N,0.1,Aotizhongxin,2013-07-16 22:00:00
3312,2013,7,16,23,42.0,122.0,5.0,120.0,800.0,2.0,20.9,999.0,19.0,0.0,N,0.0,Aotizhongxin,2013-07-16 23:00:00
3313,2013,7,17,0,37.0,103.0,6.0,121.0,800.0,2.0,20.8,999.3,18.7,0.0,WSW,0.0,Aotizhongxin,2013-07-17 00:00:00
3314,2013,7,17,1,36.0,81.0,7.0,102.0,800.0,2.0,20.2,999.6,18.3,0.0,N,0.0,Aotizhongxin,2013-07-17 01:00:00
3315,2013,7,17,2,27.0,69.0,8.0,77.0,500.0,2.0,20.1,999.7,17.7,0.0,ENE,0.6,Aotizhongxin,2013-07-17 02:00:00
3316,2013,7,17,3,37.0,105.0,8.0,70.0,600.0,2.0,20.1,1000.5,17.9,0.0,NE,1.1,Aotizhongxin,2013-07-17 03:00:00
3317,2013,7,17,4,32.0,89.0,8.0,60.0,600.0,2.0,19.8,1000.9,17.9,0.0,NE,0.7,Aotizhongxin,2013-07-17 04:00:00
3318,2013,7,17,5,26.0,60.0,8.0,55.0,500.0,2.0,20.6,1001.2,17.8,0.0,NE,1.3,Aotizhongxin,2013-07-17 05:00:00
3319,2013,7,17,6,19.0,41.0,6.0,50.0,400.0,2.0,21.7,1001.3,17.7,0.0,NE,1.3,Aotizhongxin,2013-07-17 06:00:00
3320,2013,7,17,7,22.0,58.0,6.0,46.0,500.0,2.0,23.6,1001.4,18.3,0.0,NE,1.0,Aotizhongxin,2013-07-17 07:00:00
3321,2013,7,17,8,31.0,77.0,10.0,50.0,500.0,8.0,25.5,1001.2,18.4,0.0,ENE,1.6,Aotizhongxin,2013-07-17 08:00:00
3322,2013,7,17,9,37.0,92.0,11.0,56.0,600.0,17.0,28.0,1001.3,20.8,0.0,E,0.9,Aotizhongxin,2013-07-17 09:00:00
3323,2013,7,17,10,52.0,117.0,14.0,65.0,600.0,41.0,29.2,1001.0,19.2,0.0,WSW,1.1,Aotizhongxin,2013-07-17 10:00:00
3324,2013,7,17,11,55.0,112.0,16.0,76.0,700.0,66.0,30.6,1000.5,19.3,0.0,NW,1.2,Aotizhongxin,2013-07-17 11:00:00
3325,2013,7,17,12,69.0,115.0,15.0,90.0,800.0,108.0,31.9,999.6,19.9,0.0,SSW,1.0,Aotizhongxin,2013-07-17 12:00:00
3326,2013,7,17,13,69.0,107.0,25.0,70.0,700.0,181.0,32.4,999.3,19.3,0.0,SSW,3.3,Aotizhongxin,2013-07-17 13:00:00
3327,2013,7,17,14,55.0,76.0,18.0,43.0,400.0,215.0,32.8,998.5,17.0,0.0,SW,3.3,Aotizhongxin,2013-07-17 14:00:00
3328,2013,7,17,15,37.0,53.0,13.0,34.0,300.0,196.0,32.8,997.8,15.3,0.0,WSW,3.9,Aotizhongxin,2013-07-17 15:00:00
3329,2013,7,17,16,30.0,63.0,11.0,33.0,300.0,189.0,32.7,997.4,16.9,0.0,WSW,3.1,Aotizhongxin,2013-07-17 16:00:00
3330,2013,7,17,17,36.0,60.0,10.0,32.0,300.0,191.0,31.5,997.5,19.5,0.0,S,0.8,Aotizhongxin,2013-07-17 17:00:00
3331,2013,7,17,18,32.0,61.0,9.0,36.0,400.0,168.0,30.0,997.9,18.8,0.0,SSW,1.2,Aotizhongxin,2013-07-17 18:00:00
3332,2013,7,17,19,30.0,52.0,11.0,39.0,500.0,159.0,29.7,998.2,17.2,0.0,S,1.6,Aotizhongxin,2013-07-17 19:00:00
3333,2013,7,17,20,32.0,57.0,11.0,49.0,700.0,141.0,29.1,999.2,19.7,0.0,SSE,2.1,Aotizhongxin,2013-07-17 20:00:00
3334,2013,7,17,21,83.0,155.0,24.0,64.0,1000.0,141.0,28.4,999.5,19.9,0.0,SW,2.4,Aotizhongxin,2013-07-17 21:00:00
3335,2013,7,17,22,66.0,97.0,28.0,59.0,900.0,108.0,27.9,999.3,19.7,0.0,SSW,0.8,Aotizhongxin,2013-07-17 22:00:00
3336,2013,7,17,23,47.0,84.0,28.0,61.0,1000.0,82.0,27.0,999.3,20.6,0.0,WSW,1.4,Aotizhongxin,2013-07-17 23:00:00
3337,2013,7,18,0,57.0,105.0,24.0,63.0,1400.0,75.0,26.4,999.3,21.4,0.0,SE,1.4,Aotizhongxin,2013-07-18 00:00:00
3338,2013,7,18,1,82.0,130.0,21.0,62.0,1600.0,70.0,25.9,999.1,22.2,0.0,SE,1.9,Aotizhongxin,2013-07-18 01:00:00
3339,2013,7,18,2,107.0,146.0,16.0,64.0,1400.0,43.0,25.5,999.0,22.0,0.0,ESE,1.2,Aotizhongxin,2013-07-18 02:00:00
3340,2013,7,18,3,147.0,161.0,24.0,65.0,1700.0,23.0,25.0,999.2,22.3,0.0,SSE,0.8,Aotizhongxin,2013-07-18 03:00:00
3341,2013,7,18,4,153.0,161.0,17.0,62.0,1200.0,24.0,25.0,999.8,22.7,0.0,SSE,1.0,Aotizhongxin,2013-07-18 04:00:00
3342,2013,7,18,5,169.0,150.0,12.0,48.0,1200.0,43.0,25.0,999.6,22.9,0.0,SSW,0.5,Aotizhongxin,2013-07-18 05:00:00
3343,2013,7,18,6,175.0,140.0,11.0,35.0,1300.0,54.0,25.2,999.0,23.4,0.0,SSW,0.7,Aotizhongxin,2013-07-18 06:00:00
3344,2013,7,18,7,172.0,131.0,13.0,42.0,1100.0,51.0,25.4,999.5,23.6,0.0,SW,0.9,Aotizhongxin,2013-07-18 07:00:00
3345,2013,7,18,8,162.0,125.0,11.0,48.0,1100.0,54.0,25.1,999.2,23.5,0.0,NNW,1.3,Aotizhongxin,2013-07-18 08:00:00
3346,2013,7,18,9,168.0,145.0,10.0,77.0,1500.0,21.0,26.1,999.2,23.6,0.0,SSW,1.3,Aotizhongxin,2013-07-18 09:00:00
3347,2013,7,18,10,186.0,161.0,13.0,72.0,1900.0,31.0,27.5,999.4,23.5,0.0,SSW,1.1,Aotizhongxin,2013-07-18 10:00:00
3348,2013,7,18,11,182.0,152.0,16.0,59.0,1700.0,70.0,28.3,999.0,23.4,0.0,ESE,1.3,Aotizhongxin,2013-07-18 11:00:00
3349,2013,7,18,12,192.0,155.0,18.0,53.0,1900.0,87.0,29.1,998.5,23.5,0.0,S,1.3,Aotizhongxin,2013-07-18 12:00:00
3350,2013,7,18,13,192.0,154.0,29.0,53.0,2200.0,101.0,28.0,998.4,22.5,0.0,S,1.8,Aotizhongxin,2013-07-18 13:00:00
3351,2013,7,18,14,182.0,154.0,31.0,53.0,2300.0,121.0,27.9,998.1,22.8,0.0,SSW,2.1,Aotizhongxin,2013-07-18 14:00:00
3352,2013,7,18,15,180.0,155.0,20.0,51.0,2100.0,120.0,28.2,997.9,22.2,0.0,SW,2.0,Aotizhongxin,2013-07-18 15:00:00
3353,2013,7,18,16,165.0,129.0,13.0,47.0,1700.0,118.0,27.7,997.8,22.0,0.0,SSW,1.9,Aotizhongxin,2013-07-18 16:00:00
3354,2013,7,18,17,152.0,137.0,11.0,49.0,1500.0,110.0,27.1,998.1,21.6,0.0,SW,3.5,Aotizhongxin,2013-07-18 17:00:00
3355,2013,7,18,18,144.0,113.0,13.0,45.0,1400.0,108.0,26.6,998.0,21.8,0.0,SSW,1.6,Aotizhongxin,2013-07-18 18:00:00
3356,2013,7,18,19,144.0,77.0,13.0,45.0,1100.0,114.0,25.9,998.2,21.8,0.0,SW,1.9,Aotizhongxin,2013-07-18 19:00:00
3357,2013,7,18,20,99.0,95.0,13.0,48.0,900.0,107.0,25.5,998.9,21.4,0.0,SSW,1.7,Aotizhongxin,2013-07-18 20:00:00
3358,2013,7,18,21,101.0,99.0,12.0,48.0,800.0,107.0,25.1,998.8,20.6,0.0,WSW,1.1,Aotizhongxin,2013-07-18 21:00:00
3359,2013,7,18,22,94.0,91.0,18.0,48.0,700.0,91.0,24.6,998.8,20.7,0.0,WSW,1.5,Aotizhongxin,2013-07-18 22:00:00
3360,2013,7,18,23,91.0,86.0,17.0,49.0,600.0,78.0,24.4,997.7,21.1,0.0,SW,1.2,Aotizhongxin,2013-07-18 23:00:00
3361,2013,7,19,0,103.0,100.0,14.0,49.0,700.0,64.0,23.8,997.8,21.1,0.0,W,1.1,Aotizhongxin,2013-07-19 00:00:00
3362,2013,7,19,1,114.0,96.0,15.0,44.0,700.0,59.0,23.3,997.3,21.2,0.0,SW,1.0,Aotizhongxin,2013-07-19 01:00:00
3363,2013,7,19,2,120.0,113.0,15.0,50.0,700.0,45.0,22.8,997.0,21.1,0.0,WSW,1.4,Aotizhongxin,2013-07-19 02:00:00
3364,2013,7,19,3,137.0,127.0,9.0,35.0,700.0,32.0,22.9,997.1,21.5,0.0,SW,1.5,Aotizhongxin,2013-07-19 03:00:00
3365,2013,7,19,4,156.0,139.0,11.0,35.0,700.0,19.0,22.5,997.2,21.5,0.0,SW,0.5,Aotizhongxin,2013-07-19 04:00:00
3366,2013,7,19,5,168.0,127.0,9.0,36.0,800.0,42.0,22.5,997.3,21.8,0.0,W,0.6,Aotizhongxin,2013-07-19 05:00:00
3367,2013,7,19,6,176.0,144.0,8.0,35.0,800.0,42.0,23.2,997.5,22.2,0.0,SSW,0.6,Aotizhongxin,2013-07-19 06:00:00
3368,2013,7,19,7,175.0,130.0,9.0,36.0,900.0,40.0,24.1,997.7,22.2,0.0,W,1.0,Aotizhongxin,2013-07-19 07:00:00
3369,2013,7,19,8,164.0,129.0,11.0,56.0,900.0,18.0,24.9,997.3,22.4,0.0,SSW,0.8,Aotizhongxin,2013-07-19 08:00:00
3370,2013,7,19,9,142.0,120.0,12.0,64.0,900.0,22.0,26.3,997.0,21.9,0.0,N,0.6,Aotizhongxin,2013-07-19 09:00:00
3371,2013,7,19,10,150.0,127.0,12.0,74.0,1000.0,29.0,27.4,997.2,22.1,0.0,WNW,1.6,Aotizhongxin,2013-07-19 10:00:00
3372,2013,7,19,11,140.0,104.0,13.0,65.0,900.0,75.0,28.7,996.9,22.0,0.0,W,0.9,Aotizhongxin,2013-07-19 11:00:00
3373,2013,7,19,12,138.0,128.0,13.0,69.0,1100.0,106.0,29.9,996.5,22.1,0.0,W,0.9,Aotizhongxin,2013-07-19 12:00:00
3374,2013,7,19,13,134.0,115.0,14.0,63.0,1000.0,137.0,31.5,996.3,21.4,0.0,WSW,1.3,Aotizhongxin,2013-07-19 13:00:00
3375,2013,7,19,14,112.0,90.0,13.0,46.0,800.0,187.0,32.4,995.7,20.0,0.0,NNW,0.8,Aotizhongxin,2013-07-19 14:00:00
3376,2013,7,19,15,99.0,100.0,10.0,40.0,800.0,208.0,32.9,995.4,21.1,0.0,WNW,0.6,Aotizhongxin,2013-07-19 15:00:00
3377,2013,7,19,16,132.0,152.0,9.0,53.0,800.0,217.0,30.9,995.2,22.5,0.0,SW,2.3,Aotizhongxin,2013-07-19 16:00:00
3378,2013,7,19,17,110.0,122.0,8.0,42.0,700.0,206.0,30.0,995.5,22.7,0.0,SW,2.6,Aotizhongxin,2013-07-19 17:00:00
3379,2013,7,19,18,101.0,116.0,8.0,44.0,700.0,184.0,28.9,995.8,22.9,0.0,WSW,1.8,Aotizhongxin,2013-07-19 18:00:00
3380,2013,7,19,19,102.0,130.0,9.0,45.0,700.0,168.0,27.8,996.1,23.0,0.0,SW,1.5,Aotizhongxin,2013-07-19 19:00:00
3381,2013,7,19,20,104.0,127.0,8.0,56.0,800.0,139.0,27.1,997.1,22.7,0.0,SW,1.7,Aotizhongxin,2013-07-19 20:00:00
3382,2013,7,19,21,112.0,145.0,7.0,54.0,800.0,112.0,26.6,997.5,22.4,0.0,SW,1.8,Aotizhongxin,2013-07-19 21:00:00
3383,2013,7,19,22,118.0,141.0,6.0,52.0,800.0,85.0,25.5,997.8,23.0,0.0,WSW,0.5,Aotizhongxin,2013-07-19 22:00:00
3384,2013,7,19,23,118.0,141.0,6.0,52.0,800.0,63.0,24.4,997.6,22.8,0.0,NNW,1.2,Aotizhongxin,2013-07-19 23:00:00
3385,2013,7,20,0,125.0,145.0,5.0,73.0,900.0,39.0,24.1,997.5,21.0,0.0,NE,1.0,Aotizhongxin,2013-07-20 00:00:00
3386,2013,7,20,1,128.0,154.0,5.0,82.0,1000.0,16.0,23.8,997.4,21.1,0.0,NNE,0.8,Aotizhongxin,2013-07-20 01:00:00
3387,2013,7,20,2,119.0,134.0,7.0,97.0,1000.0,2.0,23.7,997.7,20.8,0.0,NE,0.8,Aotizhongxin,2013-07-20 02:00:00
3388,2013,7,20,3,101.0,169.0,7.0,90.0,900.0,2.0,23.1,997.9,20.8,0.0,ENE,0.6,Aotizhongxin,2013-07-20 03:00:00
3389,2013,7,20,4,148.0,175.0,5.0,77.0,900.0,2.0,22.9,998.2,21.0,0.0,NE,1.2,Aotizhongxin,2013-07-20 04:00:00
3390,2013,7,20,5,136.0,175.0,5.0,63.0,900.0,2.0,23.3,998.9,20.8,0.0,N,0.8,Aotizhongxin,2013-07-20 05:00:00
3391,2013,7,20,6,123.0,117.0,5.0,63.0,900.0,2.0,24.6,999.5,21.7,0.0,NNE,1.3,Aotizhongxin,2013-07-20 06:00:00
3392,2013,7,20,7,105.0,95.0,6.0,55.0,800.0,6.0,26.1,999.7,22.4,0.0,E,1.2,Aotizhongxin,2013-07-20 07:00:00
3393,2013,7,20,8,131.0,139.0,9.0,56.0,1000.0,23.0,28.1,999.8,21.4,0.0,ENE,1.9,Aotizhongxin,2013-07-20 08:00:00
3394,2013,7,20,9,120.0,139.0,15.0,62.0,1100.0,44.0,29.8,999.6,21.2,0.0,E,1.5,Aotizhongxin,2013-07-20 09:00:00
3395,2013,7,20,10,51.0,20.0,11.0,38.0,500.0,74.0,30.7,999.4,18.4,0.0,N,1.7,Aotizhongxin,2013-07-20 10:00:00
3396,2013,7,20,11,14.0,14.0,7.0,27.0,200.0,90.0,31.9,999.1,18.5,0.0,ENE,1.9,Aotizhongxin,2013-07-20 11:00:00
3397,2013,7,20,12,14.0,14.0,6.0,23.0,200.0,117.0,32.7,998.4,18.1,0.0,NNE,1.4,Aotizhongxin,2013-07-20 12:00:00
3398,2013,7,20,13,14.0,9.0,6.0,24.0,200.0,136.0,33.7,998.1,18.6,0.0,ENE,1.6,Aotizhongxin,2013-07-20 13:00:00
3399,2013,7,20,14,13.0,13.0,6.0,24.0,200.0,146.0,33.6,997.9,19.3,0.0,E,1.1,Aotizhongxin,2013-07-20 14:00:00
3400,2013,7,20,15,13.0,18.0,5.0,20.0,200.0,146.0,34.2,997.1,19.8,0.0,E,1.3,Aotizhongxin,2013-07-20 15:00:00
3401,2013,7,20,16,13.0,18.0,4.0,20.0,200.0,160.0,30.5,997.4,17.6,0.0,E,1.0,Aotizhongxin,2013-07-20 16:00:00
3402,2013,7,20,17,9.0,9.0,3.0,25.0,200.0,142.0,30.2,997.5,20.7,0.0,WSW,3.1,Aotizhongxin,2013-07-20 17:00:00
3403,2013,7,20,18,11.0,75.0,5.0,37.0,300.0,140.0,29.4,997.3,21.1,0.0,SW,1.7,Aotizhongxin,2013-07-20 18:00:00
3404,2013,7,20,19,63.0,159.0,9.0,46.0,800.0,196.0,27.7,997.7,21.5,0.0,SSW,0.5,Aotizhongxin,2013-07-20 19:00:00
3405,2013,7,20,20,91.0,125.0,7.0,46.0,1000.0,166.0,26.7,998.6,22.1,0.0,S,0.5,Aotizhongxin,2013-07-20 20:00:00
3406,2013,7,20,21,128.0,168.0,7.0,47.0,1200.0,148.0,26.2,999.2,22.5,0.0,SW,1.4,Aotizhongxin,2013-07-20 21:00:00
3407,2013,7,20,22,126.0,150.0,8.0,43.0,1200.0,144.0,26.7,999.4,21.5,0.0,SSW,0.9,Aotizhongxin,2013-07-20 22:00:00
3408,2013,7,20,23,116.0,119.0,9.0,52.0,1100.0,111.0,26.1,999.5,21.5,0.0,SW,0.9,Aotizhongxin,2013-07-20 23:00:00
3409,2013,7,21,0,94.0,104.0,10.0,44.0,1100.0,105.0,24.8,999.4,21.7,0.0,WSW,0.8,Aotizhongxin,2013-07-21 00:00:00
3410,2013,7,21,1,98.0,104.0,8.0,48.0,900.0,85.0,24.0,999.0,21.5,0.0,SW,0.8,Aotizhongxin,2013-07-21 01:00:00
3411,2013,7,21,2,84.0,81.0,8.0,60.0,700.0,59.0,24.6,999.1,20.7,0.0,SSW,0.7,Aotizhongxin,2013-07-21 02:00:00
3412,2013,7,21,3,81.0,78.0,8.0,64.0,700.0,44.0,23.7,999.0,21.0,0.0,SSE,0.0,Aotizhongxin,2013-07-21 03:00:00
3413,2013,7,21,4,75.0,84.0,8.0,69.0,600.0,33.0,23.6,999.5,21.7,0.0,E,0.0,Aotizhongxin,2013-07-21 04:00:00
3414,2013,7,21,5,69.0,89.0,7.0,59.0,600.0,36.0,23.7,999.9,21.0,0.0,N,0.6,Aotizhongxin,2013-07-21 05:00:00
3415,2013,7,21,6,70.0,120.0,6.0,64.0,600.0,26.0,24.7,1000.1,21.4,0.0,ENE,1.1,Aotizhongxin,2013-07-21 06:00:00
3416,2013,7,21,7,64.0,82.0,7.0,54.0,600.0,42.0,25.7,1000.3,22.2,0.0,NNE,0.6,Aotizhongxin,2013-07-21 07:00:00
3417,2013,7,21,8,82.0,159.0,8.0,82.0,800.0,2.0,26.6,1000.5,22.0,0.0,NW,1.0,Aotizhongxin,2013-07-21 08:00:00
3418,2013,7,21,9,99.0,166.0,8.0,88.0,1000.0,5.0,27.2,999.9,22.6,0.0,NE,1.3,Aotizhongxin,2013-07-21 09:00:00
3419,2013,7,21,10,106.0,154.0,9.0,91.0,1100.0,20.0,27.2,999.8,23.2,0.0,W,1.7,Aotizhongxin,2013-07-21 10:00:00
3420,2013,7,21,11,109.0,150.0,10.0,81.0,1000.0,50.0,28.5,999.6,23.2,0.0,SSE,1.0,Aotizhongxin,2013-07-21 11:00:00
3421,2013,7,21,12,106.0,126.0,9.0,80.0,1000.0,66.0,29.8,999.5,23.0,0.0,SSW,2.2,Aotizhongxin,2013-07-21 12:00:00
3422,2013,7,21,13,92.0,126.0,9.0,42.0,800.0,135.0,30.2,998.8,22.4,0.0,SSW,2.6,Aotizhongxin,2013-07-21 13:00:00
3423,2013,7,21,14,81.0,89.0,12.0,31.0,800.0,153.0,30.6,998.5,21.9,0.0,WSW,3.5,Aotizhongxin,2013-07-21 14:00:00
3424,2013,7,21,15,73.0,73.0,14.0,29.0,700.0,183.0,30.7,998.3,22.3,0.0,S,2.9,Aotizhongxin,2013-07-21 15:00:00
3425,2013,7,21,16,73.0,73.0,14.0,29.0,800.0,180.0,30.3,998.3,22.7,0.0,SSW,2.0,Aotizhongxin,2013-07-21 16:00:00
3426,2013,7,21,17,74.0,89.0,12.0,27.0,800.0,166.0,30.0,998.5,21.9,0.0,SW,2.7,Aotizhongxin,2013-07-21 17:00:00
3427,2013,7,21,18,66.0,86.0,9.0,28.0,700.0,164.0,29.1,998.4,22.1,0.0,SW,1.2,Aotizhongxin,2013-07-21 18:00:00
3428,2013,7,21,19,42.0,86.0,7.0,29.0,500.0,143.0,28.6,998.9,20.1,0.0,SW,1.4,Aotizhongxin,2013-07-21 19:00:00
3429,2013,7,21,20,38.0,64.0,8.0,43.0,500.0,129.0,26.8,999.8,20.4,0.0,WSW,0.5,Aotizhongxin,2013-07-21 20:00:00
3430,2013,7,21,21,44.0,98.0,6.0,51.0,600.0,104.0,24.9,999.8,21.0,0.0,N,0.0,Aotizhongxin,2013-07-21 21:00:00
3431,2013,7,21,22,54.0,128.0,6.0,85.0,700.0,60.0,24.2,1000.0,21.7,0.0,N,0.0,Aotizhongxin,2013-07-21 22:00:00
3432,2013,7,21,23,59.0,147.0,6.0,109.0,800.0,19.0,23.7,999.9,21.8,0.0,W,0.5,Aotizhongxin,2013-07-21 23:00:00
3433,2013,7,22,0,55.0,121.0,7.0,108.0,700.0,18.0,23.4,999.5,21.8,0.0,W,0.5,Aotizhongxin,2013-07-22 00:00:00
3434,2013,7,22,1,63.0,106.0,11.0,75.0,600.0,52.0,22.9,999.2,21.5,0.0,SW,1.3,Aotizhongxin,2013-07-22 01:00:00
3435,2013,7,22,2,72.0,109.0,10.0,63.0,700.0,45.0,22.8,999.2,21.6,0.0,WNW,0.4,Aotizhongxin,2013-07-22 02:00:00
3436,2013,7,22,3,82.0,125.0,9.0,53.0,750.0,23.5,22.3,999.6,21.6,0.0,N,0.0,Aotizhongxin,2013-07-22 03:00:00
3437,2013,7,22,4,93.0,147.0,9.0,53.0,800.0,2.0,22.0,999.5,21.5,0.0,N,0.0,Aotizhongxin,2013-07-22 04:00:00
3438,2013,7,22,5,99.0,185.0,9.0,91.0,900.0,2.0,22.8,999.6,22.1,0.0,NE,1.2,Aotizhongxin,2013-07-22 05:00:00
3439,2013,7,22,6,98.0,138.0,10.0,89.0,1000.0,2.0,24.0,999.5,22.3,0.0,NE,1.3,Aotizhongxin,2013-07-22 06:00:00
3440,2013,7,22,7,114.0,209.0,12.0,91.0,1300.0,2.0,25.5,1000.0,22.4,0.0,S,0.4,Aotizhongxin,2013-07-22 07:00:00
3441,2013,7,22,8,114.0,209.0,12.0,91.0,1262.5,3.142,27.4,999.7,22.6,0.0,SSW,0.6,Aotizhongxin,2013-07-22 08:00:00
3442,2013,7,22,9,141.0,219.0,12.2808,120.3058,1225.0,4.284,28.3,999.3,22.8,0.0,SE,0.0,Aotizhongxin,2013-07-22 09:00:00
3443,2013,7,22,10,125.0,127.0,18.2784,75.1398,1187.5,80.325,28.9,999.4,22.2,0.0,SW,1.1,Aotizhongxin,2013-07-22 10:00:00
3444,2013,7,22,11,97.0,95.0,18.8496,54.4045,1150.0,108.3852,29.4,999.0,22.6,0.0,SW,1.0,Aotizhongxin,2013-07-22 11:00:00
3445,2013,7,22,12,74.0,79.0,17.136,43.113,1112.5,119.5236,30.2,998.5,22.4,0.0,WSW,0.9,Aotizhongxin,2013-07-22 12:00:00
3446,2013,7,22,13,60.0,60.0,17.0,28.0,1075.0,149.2974,30.0,998.5,21.1,0.0,SW,1.7,Aotizhongxin,2013-07-22 13:00:00
3447,2013,7,22,14,60.0,60.0,17.0,28.0,1037.5,178.6428,29.6,998.2,19.0,0.0,SW,2.9,Aotizhongxin,2013-07-22 14:00:00
3448,2013,7,22,15,72.0,96.0,17.0,39.0,1000.0,184.0,29.7,997.4,19.1,0.0,SSW,1.3,Aotizhongxin,2013-07-22 15:00:00
3449,2013,7,22,16,64.0,90.0,15.0,34.0,900.0,176.0,28.9,996.5,18.1,0.0,SW,1.6,Aotizhongxin,2013-07-22 16:00:00
3450,2013,7,22,17,61.0,86.0,16.0,39.0,1000.0,157.0,28.3,996.5,20.1,0.0,SW,1.7,Aotizhongxin,2013-07-22 17:00:00
3451,2013,7,22,18,74.0,110.0,23.0,45.0,1200.0,166.0,27.8,997.1,20.6,0.0,WSW,1.2,Aotizhongxin,2013-07-22 18:00:00
3452,2013,7,22,19,89.0,152.0,32.0,53.0,1400.0,171.0,27.4,997.2,20.5,0.0,SW,1.6,Aotizhongxin,2013-07-22 19:00:00
3453,2013,7,22,20,90.0,129.0,29.0,55.0,1400.0,162.0,26.0,997.9,20.3,0.0,SW,1.0,Aotizhongxin,2013-07-22 20:00:00
3454,2013,7,22,21,98.0,134.0,28.0,56.0,1500.0,138.0,25.9,998.0,19.5,0.0,W,1.2,Aotizhongxin,2013-07-22 21:00:00
3455,2013,7,22,22,92.0,139.0,19.0,59.0,1300.0,103.0,25.6,997.7,20.2,0.0,SW,0.7,Aotizhongxin,2013-07-22 22:00:00
3456,2013,7,22,23,65.0,92.0,16.0,50.0,1100.0,103.0,24.8,997.6,20.3,0.0,SW,0.8,Aotizhongxin,2013-07-22 23:00:00
3457,2013,7,23,0,61.0,83.0,19.0,57.0,1000.0,83.0,26.0,997.1,19.4,0.0,SW,1.9,Aotizhongxin,2013-07-23 00:00:00
3458,2013,7,23,1,67.0,105.0,17.0,54.0,1000.0,80.0,25.8,996.4,19.9,0.0,SW,2.1,Aotizhongxin,2013-07-23 01:00:00
3459,2013,7,23,2,78.0,125.0,17.0,47.0,1000.0,98.0,25.1,996.4,18.5,0.0,SW,2.2,Aotizhongxin,2013-07-23 02:00:00
3460,2013,7,23,3,78.0,105.0,18.0,41.0,700.0,89.0,24.5,996.2,17.0,0.0,SW,1.2,Aotizhongxin,2013-07-23 03:00:00
3461,2013,7,23,4,52.0,105.0,14.0,30.0,400.0,73.0,23.9,996.4,17.6,0.0,SSW,1.2,Aotizhongxin,2013-07-23 04:00:00
3462,2013,7,23,5,35.0,45.0,8.0,30.0,300.0,57.0,22.9,996.7,18.9,0.0,WSW,0.9,Aotizhongxin,2013-07-23 05:00:00
3463,2013,7,23,6,45.0,89.0,7.0,36.0,400.0,43.0,22.1,996.7,18.9,0.0,SW,2.3,Aotizhongxin,2013-07-23 06:00:00
3464,2013,7,23,7,62.0,98.0,8.0,41.0,500.0,28.0,23.4,996.7,19.3,0.0,SW,1.9,Aotizhongxin,2013-07-23 07:00:00
3465,2013,7,23,8,62.0,98.0,8.0,41.0,450.0,30.2022,26.0,996.0,19.6,0.0,WSW,2.1,Aotizhongxin,2013-07-23 08:00:00
3466,2013,7,23,9,32.0,57.0,6.0,37.0,400.0,65.0,27.4,995.6,19.5,0.0,WSW,1.4,Aotizhongxin,2013-07-23 09:00:00
3467,2013,7,23,10,21.0,25.0,5.0,29.0,300.0,99.0,28.7,995.3,17.6,0.0,WSW,2.9,Aotizhongxin,2013-07-23 10:00:00
3468,2013,7,23,11,20.0,25.0,5.0,27.0,300.0,119.0,29.4,994.5,19.1,0.0,WSW,2.9,Aotizhongxin,2013-07-23 11:00:00
3469,2013,7,23,12,22.0,51.0,4.0,30.0,300.0,131.0,30.0,993.9,18.8,0.0,SW,2.5,Aotizhongxin,2013-07-23 12:00:00
3470,2013,7,23,13,23.0,45.0,5.0,28.0,300.0,155.0,30.6,993.3,19.9,0.0,WSW,2.4,Aotizhongxin,2013-07-23 13:00:00
3471,2013,7,23,14,24.0,55.0,6.0,28.0,300.0,160.0,31.3,992.8,19.6,0.0,SW,2.2,Aotizhongxin,2013-07-23 14:00:00
3472,2013,7,23,15,28.0,66.0,5.0,29.0,300.0,163.0,30.8,991.9,21.0,0.0,WSW,3.5,Aotizhongxin,2013-07-23 15:00:00
3473,2013,7,23,16,28.0,51.0,5.0,29.0,300.0,160.0,30.2,991.6,21.0,0.0,WSW,3.1,Aotizhongxin,2013-07-23 16:00:00
3474,2013,7,23,17,28.0,51.0,5.0,29.0,300.0,149.0,29.6,991.7,21.3,0.0,SSW,2.0,Aotizhongxin,2013-07-23 17:00:00
3475,2013,7,23,18,30.0,83.0,7.0,32.0,300.0,135.0,28.6,992.5,21.4,0.0,SW,3.6,Aotizhongxin,2013-07-23 18:00:00
3476,2013,7,23,19,33.0,69.0,9.0,30.0,300.0,136.0,27.8,993.0,21.1,0.0,SW,2.0,Aotizhongxin,2013-07-23 19:00:00
3477,2013,7,23,20,30.0,73.0,5.0,38.0,300.0,114.0,27.3,993.2,21.3,0.0,SW,2.7,Aotizhongxin,2013-07-23 20:00:00
3478,2013,7,23,21,34.0,78.0,6.0,33.0,300.0,112.0,26.8,993.6,21.6,0.0,WSW,1.7,Aotizhongxin,2013-07-23 21:00:00
3479,2013,7,23,22,42.0,87.0,8.0,40.0,400.0,96.0,25.1,993.4,21.8,0.0,SW,0.4,Aotizhongxin,2013-07-23 22:00:00
3480,2013,7,23,23,47.0,95.0,7.0,38.0,400.0,86.0,23.6,993.2,22.0,0.0,WNW,0.4,Aotizhongxin,2013-07-23 23:00:00
3481,2013,7,24,0,53.0,87.0,5.0,51.0,400.0,53.0,22.8,993.1,21.8,0.0,SSW,0.0,Aotizhongxin,2013-07-24 00:00:00
3482,2013,7,24,1,58.0,111.0,5.0,66.0,500.0,26.0,22.9,993.6,22.1,0.0,N,1.4,Aotizhongxin,2013-07-24 01:00:00
3483,2013,7,24,2,63.0,110.0,4.0,69.0,600.0,13.0,22.9,993.6,21.9,0.0,NE,1.6,Aotizhongxin,2013-07-24 02:00:00
3484,2013,7,24,3,63.0,129.0,6.0,94.0,600.0,2.0,22.5,994.2,21.5,0.0,NE,1.3,Aotizhongxin,2013-07-24 03:00:00
3485,2013,7,24,4,69.0,111.0,5.0,75.0,500.0,2.0,22.0,994.4,21.3,0.0,NE,1.1,Aotizhongxin,2013-07-24 04:00:00
3486,2013,7,24,5,76.0,108.0,6.0,63.0,400.0,2.0,22.2,994.9,21.5,0.0,ENE,0.9,Aotizhongxin,2013-07-24 05:00:00
3487,2013,7,24,6,74.0,99.0,6.0,56.0,400.0,4.0,23.6,995.3,22.0,0.0,N,0.2,Aotizhongxin,2013-07-24 06:00:00
3488,2013,7,24,7,69.0,90.0,7.0,39.0,400.0,35.0,25.9,995.7,21.8,0.0,ESE,0.9,Aotizhongxin,2013-07-24 07:00:00
3489,2013,7,24,8,52.0,54.0,12.0,61.0,500.0,12.0,29.6,995.9,20.2,0.0,WSW,1.1,Aotizhongxin,2013-07-24 08:00:00
3490,2013,7,24,9,44.0,66.0,19.0,70.0,600.0,14.0,32.9,995.5,17.9,0.0,NW,1.4,Aotizhongxin,2013-07-24 09:00:00
3491,2013,7,24,10,37.0,68.0,17.0,67.0,700.0,34.0,35.2,995.1,17.0,0.0,NE,2.2,Aotizhongxin,2013-07-24 10:00:00
3492,2013,7,24,11,15.0,28.0,14.0,47.0,400.0,74.0,36.4,994.7,13.2,0.0,N,3.1,Aotizhongxin,2013-07-24 11:00:00
3493,2013,7,24,12,14.0,28.0,13.0,25.0,300.0,102.0,37.1,994.0,14.4,0.0,N,2.1,Aotizhongxin,2013-07-24 12:00:00
3494,2013,7,24,13,10.0,9.0,7.0,15.0,200.0,116.0,37.6,993.5,14.2,0.0,N,3.0,Aotizhongxin,2013-07-24 13:00:00
3495,2013,7,24,14,12.0,24.0,8.0,15.0,200.0,123.0,37.9,993.5,16.2,0.0,N,2.0,Aotizhongxin,2013-07-24 14:00:00
3496,2013,7,24,15,8.0,37.0,10.0,15.0,200.0,130.0,37.4,993.5,15.8,0.0,NNW,2.0,Aotizhongxin,2013-07-24 15:00:00
3497,2013,7,24,16,13.0,32.0,11.0,15.0,200.0,133.0,37.6,993.3,17.1,0.0,WNW,1.3,Aotizhongxin,2013-07-24 16:00:00
3498,2013,7,24,17,13.0,39.0,12.0,18.0,200.0,135.0,36.9,993.1,15.9,0.0,WNW,1.5,Aotizhongxin,2013-07-24 17:00:00
3499,2013,7,24,18,14.0,35.0,11.0,19.0,200.0,135.0,32.9,993.2,21.7,0.0,NW,0.0,Aotizhongxin,2013-07-24 18:00:00
3500,2013,7,24,19,14.0,39.0,10.0,26.0,900.0,114.0,28.4,993.9,19.9,0.0,NNE,0.1,Aotizhongxin,2013-07-24 19:00:00
3501,2013,7,24,20,19.0,54.0,8.0,39.0,400.0,88.0,26.0,994.8,21.4,0.0,W,0.7,Aotizhongxin,2013-07-24 20:00:00
3502,2013,7,24,21,27.0,94.0,9.0,84.0,600.0,18.0,25.2,995.3,19.8,0.0,NE,0.5,Aotizhongxin,2013-07-24 21:00:00
3503,2013,7,24,22,25.0,66.0,10.0,101.0,700.0,2.0,25.3,995.3,20.5,0.0,WNW,0.0,Aotizhongxin,2013-07-24 22:00:00
3504,2013,7,24,23,20.0,49.0,9.0,70.0,400.0,26.0,26.0,995.5,19.2,0.0,NE,0.9,Aotizhongxin,2013-07-24 23:00:00
3505,2013,7,25,0,22.0,70.0,10.0,88.0,400.0,2.0,25.0,995.5,19.1,0.0,N,0.1,Aotizhongxin,2013-07-25 00:00:00
3506,2013,7,25,1,22.0,70.0,8.0,83.0,400.0,2.0,23.0,995.6,20.1,0.0,NNE,0.1,Aotizhongxin,2013-07-25 01:00:00
3507,2013,7,25,2,17.0,40.0,8.0,65.0,300.0,2.0,22.6,995.4,19.4,0.0,ENE,0.7,Aotizhongxin,2013-07-25 02:00:00
3508,2013,7,25,3,18.0,52.0,5.0,41.0,250.0,2.0,23.2,995.3,19.1,0.0,NE,1.8,Aotizhongxin,2013-07-25 03:00:00
3509,2013,7,25,4,21.0,49.0,6.0,41.0,200.0,2.0,22.9,996.1,18.4,0.0,N,0.6,Aotizhongxin,2013-07-25 04:00:00
3510,2013,7,25,5,19.0,64.0,6.0,56.0,300.0,2.0,23.1,996.4,19.3,0.0,ENE,1.1,Aotizhongxin,2013-07-25 05:00:00
3511,2013,7,25,6,15.0,48.0,5.0,53.0,200.0,2.0,25.0,996.3,19.6,0.0,NE,1.6,Aotizhongxin,2013-07-25 06:00:00
3512,2013,7,25,7,11.0,27.0,5.0,39.0,200.0,7.0,26.9,996.8,19.5,0.0,NE,2.1,Aotizhongxin,2013-07-25 07:00:00
3513,2013,7,25,8,15.0,71.0,6.0,50.0,300.0,4.0,29.0,997.1,19.9,0.0,NE,0.7,Aotizhongxin,2013-07-25 08:00:00
3514,2013,7,25,9,18.0,84.0,6.0,51.0,600.0,14.0,32.0,997.0,19.6,0.0,NNE,0.6,Aotizhongxin,2013-07-25 09:00:00
3515,2013,7,25,10,22.0,75.0,7.0,45.0,900.0,44.0,33.4,997.3,17.6,0.0,ENE,2.1,Aotizhongxin,2013-07-25 10:00:00
3516,2013,7,25,11,19.0,64.0,5.0,37.0,300.0,75.0,34.3,997.3,17.5,0.0,SSW,1.0,Aotizhongxin,2013-07-25 11:00:00
3517,2013,7,25,12,19.0,64.0,5.0,37.0,300.0,112.455,35.5,996.1,19.4,0.0,SSW,1.0,Aotizhongxin,2013-07-25 12:00:00
3518,2013,7,25,13,19.0,43.0,8.0,36.0,300.0,148.0,35.9,995.4,19.4,0.0,SSW,2.2,Aotizhongxin,2013-07-25 13:00:00
3519,2013,7,25,14,22.0,54.0,9.0,34.0,300.0,195.0,36.0,994.9,17.2,0.0,WSW,2.7,Aotizhongxin,2013-07-25 14:00:00
3520,2013,7,25,15,23.0,42.0,7.0,26.0,300.0,192.0,35.7,994.3,18.3,0.0,SW,2.2,Aotizhongxin,2013-07-25 15:00:00
3521,2013,7,25,16,23.0,71.0,10.0,28.0,300.0,196.0,35.5,994.4,19.0,0.0,SW,2.1,Aotizhongxin,2013-07-25 16:00:00
3522,2013,7,25,17,41.0,109.0,15.0,32.0,600.0,235.0,34.4,994.4,21.1,0.0,SSW,2.0,Aotizhongxin,2013-07-25 17:00:00
3523,2013,7,25,18,41.0,100.0,15.0,34.0,700.0,227.0,32.9,995.1,21.7,0.0,S,1.4,Aotizhongxin,2013-07-25 18:00:00
3524,2013,7,25,19,71.0,180.0,38.0,49.0,1800.0,266.0,31.3,995.9,22.3,0.0,S,2.1,Aotizhongxin,2013-07-25 19:00:00
3525,2013,7,25,20,70.0,169.0,30.0,58.0,1300.0,186.0,30.0,996.5,22.4,0.0,SSW,0.8,Aotizhongxin,2013-07-25 20:00:00
3526,2013,7,25,21,77.0,146.0,29.0,57.0,1700.0,132.0,28.8,997.1,22.3,0.0,SSW,1.3,Aotizhongxin,2013-07-25 21:00:00
3527,2013,7,25,22,70.0,139.0,25.0,67.0,1300.0,79.0,28.4,997.1,21.7,0.0,SSW,1.2,Aotizhongxin,2013-07-25 22:00:00
3528,2013,7,25,23,50.0,114.0,20.0,78.0,900.0,30.0,27.5,997.3,22.0,0.0,N,0.4,Aotizhongxin,2013-07-25 23:00:00
3529,2013,7,26,0,42.0,98.0,26.0,84.0,1000.0,2.0,26.3,997.8,21.3,0.0,NE,0.5,Aotizhongxin,2013-07-26 00:00:00
3530,2013,7,26,1,41.0,96.0,21.0,68.0,700.0,2.0,26.2,997.7,20.5,0.0,SE,1.4,Aotizhongxin,2013-07-26 01:00:00
3531,2013,7,26,2,34.0,79.0,17.0,56.0,400.0,6.0,25.9,997.4,20.7,0.0,E,0.9,Aotizhongxin,2013-07-26 02:00:00
3532,2013,7,26,3,27.0,57.0,23.0,53.0,400.0,12.0,26.1,997.7,20.7,0.0,NNE,1.5,Aotizhongxin,2013-07-26 03:00:00
3533,2013,7,26,4,31.0,81.0,31.0,53.0,700.0,3.0,25.7,997.8,21.6,0.0,NE,0.9,Aotizhongxin,2013-07-26 04:00:00
3534,2013,7,26,5,32.0,62.0,27.0,50.0,1000.0,6.0,25.7,997.8,20.9,0.0,NE,1.2,Aotizhongxin,2013-07-26 05:00:00
3535,2013,7,26,6,35.0,71.0,39.0,57.0,1500.0,2.0,26.0,997.9,20.6,0.0,NE,0.9,Aotizhongxin,2013-07-26 06:00:00
3536,2013,7,26,7,42.0,80.0,67.0,66.0,2300.0,2.0,26.7,998.0,20.5,0.0,NE,1.4,Aotizhongxin,2013-07-26 07:00:00
3537,2013,7,26,8,42.0,88.0,74.0,66.0,2300.0,5.0,26.1,998.6,20.7,0.0,SE,0.7,Aotizhongxin,2013-07-26 08:00:00
3538,2013,7,26,9,44.0,87.0,82.0,69.0,2100.0,8.0,24.6,998.9,22.7,1.1,NW,1.1,Aotizhongxin,2013-07-26 09:00:00
3539,2013,7,26,10,46.0,111.0,71.0,70.0,1900.0,10.0,24.3,999.1,22.9,0.2,SW,0.9,Aotizhongxin,2013-07-26 10:00:00
3540,2013,7,26,11,49.0,105.0,55.0,65.0,2000.0,22.0,23.8,999.1,22.4,0.8,ENE,1.7,Aotizhongxin,2013-07-26 11:00:00
3541,2013,7,26,12,56.0,120.0,22.0,64.0,2400.0,20.0,23.3,999.0,22.3,0.2,NE,1.6,Aotizhongxin,2013-07-26 12:00:00
3542,2013,7,26,13,39.0,47.0,7.0,60.0,1900.0,17.0,23.5,998.5,22.5,0.0,N,1.8,Aotizhongxin,2013-07-26 13:00:00
3543,2013,7,26,14,53.0,47.0,7.0,62.0,2000.0,23.0,24.1,997.7,22.5,0.0,N,1.4,Aotizhongxin,2013-07-26 14:00:00
3544,2013,7,26,15,79.0,84.0,10.0,58.0,2200.0,26.0,24.9,997.3,22.0,0.0,NE,2.3,Aotizhongxin,2013-07-26 15:00:00
3545,2013,7,26,16,68.0,84.0,9.0,61.0,1700.0,26.0,26.0,997.1,22.3,0.0,NNE,2.3,Aotizhongxin,2013-07-26 16:00:00
3546,2013,7,26,17,60.0,63.0,13.0,62.0,1400.0,24.0,25.7,996.8,22.2,0.0,NE,1.3,Aotizhongxin,2013-07-26 17:00:00
3547,2013,7,26,18,66.0,63.0,12.0,60.0,1500.0,36.0,25.6,997.1,21.7,0.0,N,1.2,Aotizhongxin,2013-07-26 18:00:00
3548,2013,7,26,19,67.0,76.0,13.0,68.0,1600.0,29.0,25.6,997.0,21.5,0.0,NE,0.8,Aotizhongxin,2013-07-26 19:00:00
3549,2013,7,26,20,67.0,76.0,13.0,68.0,1600.0,5.0,25.3,997.5,21.8,0.0,N,1.1,Aotizhongxin,2013-07-26 20:00:00
3550,2013,7,26,21,68.0,80.0,11.0,90.0,1500.0,2.0,25.1,997.5,23.0,0.0,W,0.0,Aotizhongxin,2013-07-26 21:00:00
3551,2013,7,26,22,67.0,80.0,10.0,87.0,1300.0,4.0,24.6,997.1,22.3,0.0,WSW,0.4,Aotizhongxin,2013-07-26 22:00:00
3552,2013,7,26,23,75.0,75.0,9.0,65.0,1100.0,20.0,24.5,997.1,22.4,0.0,ENE,0.0,Aotizhongxin,2013-07-26 23:00:00
3553,2013,7,27,0,86.0,106.0,8.0,66.0,1200.0,6.0,24.6,996.6,22.5,0.0,NE,0.4,Aotizhongxin,2013-07-27 00:00:00
3554,2013,7,27,1,91.0,106.0,8.0,62.0,1200.0,3.0,24.6,996.3,22.5,0.0,NE,1.4,Aotizhongxin,2013-07-27 01:00:00
3555,2013,7,27,2,91.0,78.0,8.0,62.0,1100.0,2.0,24.4,996.2,22.3,0.0,NE,1.1,Aotizhongxin,2013-07-27 02:00:00
3556,2013,7,27,3,91.0,95.0,9.0,65.0,1200.0,2.0,24.1,995.9,22.2,0.0,NNE,0.9,Aotizhongxin,2013-07-27 03:00:00
3557,2013,7,27,4,95.0,95.0,8.0,60.0,1100.0,2.0,24.2,995.8,22.5,0.0,NE,0.7,Aotizhongxin,2013-07-27 04:00:00
3558,2013,7,27,5,93.0,79.0,8.0,58.0,1000.0,4.0,24.3,995.6,23.1,0.4,NNE,0.7,Aotizhongxin,2013-07-27 05:00:00
3559,2013,7,27,6,92.0,73.0,7.0,49.0,1000.0,17.0,24.0,995.5,23.1,0.1,NE,0.2,Aotizhongxin,2013-07-27 06:00:00
3560,2013,7,27,7,90.0,73.0,6.0,49.0,1200.0,14.0,24.0,996.2,23.3,0.2,NE,0.9,Aotizhongxin,2013-07-27 07:00:00
3561,2013,7,27,8,89.0,54.0,5.0,47.0,1100.0,17.0,23.9,995.7,23.2,0.0,ENE,0.6,Aotizhongxin,2013-07-27 08:00:00
3562,2013,7,27,9,85.0,43.0,5.0,41.0,1000.0,31.0,24.1,995.7,23.4,0.1,NE,0.6,Aotizhongxin,2013-07-27 09:00:00
3563,2013,7,27,10,90.0,47.0,4.0,43.0,1300.0,33.0,24.4,995.3,23.7,0.0,NE,0.9,Aotizhongxin,2013-07-27 10:00:00
3564,2013,7,27,11,90.0,61.0,5.0,49.0,1300.0,19.0,24.9,994.8,23.7,0.0,ESE,0.7,Aotizhongxin,2013-07-27 11:00:00
3565,2013,7,27,12,90.0,58.0,5.0,49.0,1300.0,19.0,26.1,994.7,24.1,0.0,ENE,0.7,Aotizhongxin,2013-07-27 12:00:00
3566,2013,7,27,13,94.0,77.0,4.0,60.0,1400.0,11.0,26.8,994.3,23.7,0.0,NE,1.5,Aotizhongxin,2013-07-27 13:00:00
3567,2013,7,27,14,105.0,94.0,5.0,74.0,1500.0,4.0,26.9,993.9,23.8,0.0,NE,1.1,Aotizhongxin,2013-07-27 14:00:00
3568,2013,7,27,15,122.0,88.0,4.0,82.0,1700.0,13.0,27.5,993.9,24.1,0.0,NE,1.5,Aotizhongxin,2013-07-27 15:00:00
3569,2013,7,27,16,118.0,97.0,4.0,75.0,1600.0,25.0,27.3,993.9,23.8,0.0,NE,1.0,Aotizhongxin,2013-07-27 16:00:00
3570,2013,7,27,17,123.0,109.0,5.0,77.0,1200.0,30.0,26.8,994.7,23.7,0.0,N,1.1,Aotizhongxin,2013-07-27 17:00:00
3571,2013,7,27,18,131.0,107.0,5.0,75.0,1300.0,41.0,26.5,994.1,23.8,0.0,ENE,0.0,Aotizhongxin,2013-07-27 18:00:00
3572,2013,7,27,19,131.0,100.0,5.0,75.0,1400.0,30.0,25.3,994.6,23.9,0.0,E,0.0,Aotizhongxin,2013-07-27 19:00:00
3573,2013,7,27,20,134.0,114.0,4.0,90.0,1400.0,16.0,24.6,995.2,23.7,0.0,E,0.5,Aotizhongxin,2013-07-27 20:00:00
3574,2013,7,27,21,135.0,116.0,4.0,99.0,1500.0,4.0,24.5,995.2,23.8,0.0,W,0.5,Aotizhongxin,2013-07-27 21:00:00
3575,2013,7,27,22,137.0,103.0,5.0,112.0,1500.0,2.0,24.0,995.1,23.5,0.0,NE,0.6,Aotizhongxin,2013-07-27 22:00:00
3576,2013,7,27,23,137.0,119.0,5.0,105.0,1500.0,2.0,23.6,994.3,23.1,0.0,N,0.1,Aotizhongxin,2013-07-27 23:00:00
3577,2013,7,28,0,147.0,107.0,6.0,97.0,1800.0,2.0,23.4,994.3,23.1,0.0,NNE,0.2,Aotizhongxin,2013-07-28 00:00:00
3578,2013,7,28,1,149.0,151.0,6.0,97.0,1900.0,2.0,22.9,994.3,22.6,0.0,NNE,0.0,Aotizhongxin,2013-07-28 01:00:00
3579,2013,7,28,2,148.0,151.0,7.0,82.0,2800.0,2.0,22.8,994.2,22.6,0.0,NNE,0.6,Aotizhongxin,2013-07-28 02:00:00
3580,2013,7,28,3,144.0,123.0,6.0,59.0,2750.0,2.0,22.6,994.4,22.4,0.0,N,0.4,Aotizhongxin,2013-07-28 03:00:00
3581,2013,7,28,4,135.0,112.0,6.0,55.5,2700.0,2.0,22.2,994.6,22.0,0.0,NNE,0.6,Aotizhongxin,2013-07-28 04:00:00
3582,2013,7,28,5,100.0,24.0,3.0,52.0,2500.0,2.0,22.0,995.0,21.8,0.0,WNW,0.4,Aotizhongxin,2013-07-28 05:00:00
3583,2013,7,28,6,82.0,24.0,3.0,52.0,1900.0,2.0,23.4,995.3,23.4,0.0,SSW,0.4,Aotizhongxin,2013-07-28 06:00:00
3584,2013,7,28,7,63.0,40.0,3.0,58.0,1400.0,2.0,24.7,995.7,22.6,0.0,SE,0.7,Aotizhongxin,2013-07-28 07:00:00
3585,2013,7,28,8,61.0,28.0,7.0,56.0,1500.0,2.0,29.0,995.6,22.7,0.0,SW,0.6,Aotizhongxin,2013-07-28 08:00:00
3586,2013,7,28,9,53.0,53.0,9.0,47.0,1100.0,24.0,31.6,995.8,21.5,0.0,WSW,1.3,Aotizhongxin,2013-07-28 09:00:00
3587,2013,7,28,10,48.0,12.0,14.0,40.0,1000.0,51.0,33.4,995.7,20.5,0.0,SE,0.9,Aotizhongxin,2013-07-28 10:00:00
3588,2013,7,28,11,46.0,31.0,12.0,48.0,800.0,73.0,33.0,995.1,21.5,0.0,WSW,1.8,Aotizhongxin,2013-07-28 11:00:00
3589,2013,7,28,12,46.0,7.0,12.0,48.0,600.0,100.0,33.8,994.8,21.6,0.0,W,1.6,Aotizhongxin,2013-07-28 12:00:00
3590,2013,7,28,13,46.0,31.0,8.0,42.0,500.0,136.0,34.7,993.9,21.0,0.0,SW,2.2,Aotizhongxin,2013-07-28 13:00:00
3591,2013,7,28,14,56.0,25.0,7.0,34.0,400.0,214.0,36.2,993.8,22.4,0.0,SW,1.5,Aotizhongxin,2013-07-28 14:00:00
3592,2013,7,28,15,52.0,20.0,8.0,30.0,400.0,169.0,37.1,993.5,22.1,0.0,WSW,1.8,Aotizhongxin,2013-07-28 15:00:00
3593,2013,7,28,16,55.0,49.0,8.0,28.0,300.0,171.0,35.8,993.3,23.1,0.0,WSW,3.6,Aotizhongxin,2013-07-28 16:00:00
3594,2013,7,28,17,50.0,75.0,10.0,38.0,400.0,181.0,34.6,993.5,23.3,0.0,SW,2.2,Aotizhongxin,2013-07-28 17:00:00
3595,2013,7,28,18,43.0,55.0,7.0,39.0,400.0,167.0,32.6,993.7,22.4,0.0,SW,2.4,Aotizhongxin,2013-07-28 18:00:00
3596,2013,7,28,19,32.0,26.0,4.0,41.0,400.0,126.0,31.3,993.8,21.8,0.0,SW,1.6,Aotizhongxin,2013-07-28 19:00:00
3597,2013,7,28,20,30.0,34.0,4.0,50.0,400.0,97.0,30.6,994.7,22.8,0.0,SW,1.6,Aotizhongxin,2013-07-28 20:00:00
3598,2013,7,28,21,29.0,66.0,3.0,58.0,500.0,78.0,29.3,994.7,23.3,0.0,SSW,1.1,Aotizhongxin,2013-07-28 21:00:00
3599,2013,7,28,22,31.0,75.0,3.0,58.0,500.0,59.0,27.3,994.7,24.0,0.0,WSW,0.4,Aotizhongxin,2013-07-28 22:00:00
3600,2013,7,28,23,32.0,78.0,4.0,78.0,500.0,25.0,26.8,994.7,24.6,0.0,N,0.0,Aotizhongxin,2013-07-28 23:00:00
3601,2013,7,29,0,36.0,92.0,4.0,87.0,600.0,3.0,26.5,994.7,22.3,0.0,NE,0.8,Aotizhongxin,2013-07-29 00:00:00
3602,2013,7,29,1,41.0,105.0,3.0,94.0,800.0,2.0,26.5,994.5,22.8,0.0,NE,1.2,Aotizhongxin,2013-07-29 01:00:00
3603,2013,7,29,2,45.0,92.0,7.0,104.0,800.0,2.0,26.7,994.6,23.2,0.0,NE,0.7,Aotizhongxin,2013-07-29 02:00:00
3604,2013,7,29,3,45.0,92.0,7.0,104.0,900.0,2.0,26.2,994.6,23.3,0.0,NE,0.9,Aotizhongxin,2013-07-29 03:00:00
3605,2013,7,29,4,49.0,108.0,6.0,88.0,800.0,2.0,26.1,994.6,23.4,0.0,NNE,0.7,Aotizhongxin,2013-07-29 04:00:00
3606,2013,7,29,5,55.0,108.0,5.0,80.0,700.0,2.0,26.2,994.7,23.3,0.0,E,0.7,Aotizhongxin,2013-07-29 05:00:00
3607,2013,7,29,6,70.0,100.0,5.0,69.0,600.0,2.0,27.0,995.3,23.7,0.0,NNE,0.7,Aotizhongxin,2013-07-29 06:00:00
3608,2013,7,29,7,60.0,75.0,5.0,57.0,600.0,8.0,28.8,995.2,24.4,0.0,N,0.8,Aotizhongxin,2013-07-29 07:00:00
3609,2013,7,29,8,46.0,73.0,6.0,50.0,800.0,29.0,28.2,995.2,24.0,0.0,NE,1.2,Aotizhongxin,2013-07-29 08:00:00
3610,2013,7,29,9,50.0,95.0,5.0,57.0,800.0,37.0,28.4,995.6,25.0,0.0,ENE,0.1,Aotizhongxin,2013-07-29 09:00:00
3611,2013,7,29,10,70.0,142.0,6.0,55.0,600.0,50.0,27.5,995.9,25.5,0.0,NW,0.8,Aotizhongxin,2013-07-29 10:00:00
3612,2013,7,29,11,83.0,157.0,5.0,83.0,900.0,20.0,28.8,995.9,25.8,0.0,SW,0.9,Aotizhongxin,2013-07-29 11:00:00
3613,2013,7,29,12,90.0,138.0,4.0,106.0,1400.0,14.0,29.8,995.6,25.8,0.0,S,1.3,Aotizhongxin,2013-07-29 12:00:00
3614,2013,7,29,13,89.0,109.0,6.0,104.0,1200.0,23.0,29.8,994.8,22.5,0.0,SW,1.8,Aotizhongxin,2013-07-29 13:00:00
3615,2013,7,29,14,88.0,118.0,7.0,100.0,1000.0,50.0,30.4,993.6,24.8,0.0,SW,1.1,Aotizhongxin,2013-07-29 14:00:00
3616,2013,7,29,15,48.0,48.0,8.0,61.0,600.0,80.0,30.8,993.4,24.0,0.0,SSW,0.5,Aotizhongxin,2013-07-29 15:00:00
3617,2013,7,29,16,35.0,49.0,5.0,67.0,600.0,101.0,30.5,992.8,24.6,0.0,WSW,0.2,Aotizhongxin,2013-07-29 16:00:00
3618,2013,7,29,17,52.0,67.0,5.0,79.0,700.0,156.0,31.5,992.8,23.6,0.0,WSW,1.0,Aotizhongxin,2013-07-29 17:00:00
3619,2013,7,29,18,37.0,27.0,5.0,66.0,700.0,203.0,30.2,992.9,22.4,0.0,SW,1.4,Aotizhongxin,2013-07-29 18:00:00
3620,2013,7,29,19,43.0,78.0,4.0,88.0,800.0,150.0,27.9,993.5,22.8,0.0,WSW,1.4,Aotizhongxin,2013-07-29 19:00:00
3621,2013,7,29,20,58.0,127.0,4.0,116.0,1000.0,91.0,28.6,994.3,22.8,0.0,WSW,1.7,Aotizhongxin,2013-07-29 20:00:00
3622,2013,7,29,21,61.0,92.0,5.0,89.0,900.0,58.0,27.9,994.0,22.6,0.0,SW,3.6,Aotizhongxin,2013-07-29 21:00:00
3623,2013,7,29,22,71.0,139.0,4.0,90.0,900.0,31.0,27.3,994.2,23.1,0.0,SW,2.3,Aotizhongxin,2013-07-29 22:00:00
3624,2013,7,29,23,92.0,131.0,8.0,64.0,1100.0,39.0,26.7,993.2,22.8,0.0,WSW,1.2,Aotizhongxin,2013-07-29 23:00:00
3625,2013,7,30,0,97.0,131.0,6.0,60.0,1000.0,33.0,24.5,992.7,22.9,0.0,N,0.6,Aotizhongxin,2013-07-30 00:00:00
3626,2013,7,30,1,86.0,102.0,7.0,59.0,800.0,31.0,23.6,992.5,22.8,0.0,SSE,0.5,Aotizhongxin,2013-07-30 01:00:00
3627,2013,7,30,2,72.0,77.0,6.0,62.0,800.0,17.0,23.9,992.0,22.7,0.0,NNE,1.3,Aotizhongxin,2013-07-30 02:00:00
3628,2013,7,30,3,56.0,74.0,6.0,79.0,700.0,2.0,23.5,991.9,22.5,0.0,NE,0.8,Aotizhongxin,2013-07-30 03:00:00
3629,2013,7,30,4,86.0,146.0,5.0,80.0,900.0,2.0,23.1,992.4,22.1,0.0,ENE,0.8,Aotizhongxin,2013-07-30 04:00:00
3630,2013,7,30,5,117.0,172.0,5.0,72.0,1100.0,2.0,22.9,992.7,22.1,0.0,NE,0.0,Aotizhongxin,2013-07-30 05:00:00
3631,2013,7,30,6,120.0,144.0,4.0,66.0,1100.0,2.0,24.1,992.7,22.7,0.0,NE,1.2,Aotizhongxin,2013-07-30 06:00:00
3632,2013,7,30,7,142.0,163.0,6.0,77.0,1200.0,2.0,26.5,993.2,23.6,0.0,N,1.2,Aotizhongxin,2013-07-30 07:00:00
3633,2013,7,30,8,157.0,182.0,7.0,86.0,1200.0,8.0,28.6,993.5,24.0,0.0,NNE,0.9,Aotizhongxin,2013-07-30 08:00:00
3634,2013,7,30,9,172.0,198.0,9.0,82.0,1200.0,36.0,30.3,993.1,22.7,0.0,NE,1.4,Aotizhongxin,2013-07-30 09:00:00
3635,2013,7,30,10,180.0,203.0,10.0,73.0,1200.0,84.0,31.5,993.0,24.1,0.0,SW,1.3,Aotizhongxin,2013-07-30 10:00:00
3636,2013,7,30,11,167.0,203.0,10.0,64.0,1100.0,142.0,33.0,991.9,23.3,0.0,S,1.1,Aotizhongxin,2013-07-30 11:00:00
3637,2013,7,30,12,166.0,147.0,12.0,67.0,1200.0,201.0,33.8,991.3,24.1,0.0,SSE,1.5,Aotizhongxin,2013-07-30 12:00:00
3638,2013,7,30,13,189.0,213.0,11.0,84.0,1300.0,231.0,34.4,990.6,23.1,0.0,SW,2.2,Aotizhongxin,2013-07-30 13:00:00
3639,2013,7,30,14,189.0,213.0,11.0,84.0,1100.0,291.0,34.9,990.1,22.3,0.0,WSW,2.5,Aotizhongxin,2013-07-30 14:00:00
3640,2013,7,30,15,89.0,26.0,11.0,38.0,700.0,266.0,34.2,990.0,23.3,0.0,SSW,2.5,Aotizhongxin,2013-07-30 15:00:00
3641,2013,7,30,16,71.0,58.0,9.0,36.0,600.0,233.0,33.8,989.1,24.7,0.0,SW,2.1,Aotizhongxin,2013-07-30 16:00:00
3642,2013,7,30,17,57.0,51.0,7.0,34.0,500.0,194.0,32.4,989.1,24.4,0.0,SSW,2.3,Aotizhongxin,2013-07-30 17:00:00
3643,2013,7,30,18,55.0,60.0,6.0,34.0,500.0,188.0,31.2,990.3,24.1,0.0,SSW,1.9,Aotizhongxin,2013-07-30 18:00:00
3644,2013,7,30,19,81.0,110.0,5.0,39.0,700.0,189.0,30.1,990.9,25.0,0.0,SSW,1.9,Aotizhongxin,2013-07-30 19:00:00
3645,2013,7,30,20,81.0,110.0,5.0,39.0,800.0,189.0,29.9,991.8,24.8,0.0,S,1.4,Aotizhongxin,2013-07-30 20:00:00
3646,2013,7,30,21,131.0,160.0,5.0,47.0,1000.0,177.0,29.9,992.6,24.5,0.0,S,1.4,Aotizhongxin,2013-07-30 21:00:00
3647,2013,7,30,22,105.0,106.0,7.0,42.0,800.0,146.0,29.2,993.6,25.2,0.0,WSW,0.7,Aotizhongxin,2013-07-30 22:00:00
3648,2013,7,30,23,92.0,103.0,9.0,42.0,800.0,146.0,20.9,996.3,19.9,14.7,NE,1.1,Aotizhongxin,2013-07-30 23:00:00
3649,2013,7,31,0,67.0,127.0,7.0,31.0,500.0,132.0,21.2,994.8,20.9,2.3,SE,0.8,Aotizhongxin,2013-07-31 00:00:00
3650,2013,7,31,1,13.0,13.0,3.0,26.0,200.0,96.0,21.3,993.5,21.0,0.8,NE,1.0,Aotizhongxin,2013-07-31 01:00:00
3651,2013,7,31,2,9.0,9.0,3.0,50.0,300.0,60.0,21.5,994.2,21.3,0.0,SSW,0.8,Aotizhongxin,2013-07-31 02:00:00
3652,2013,7,31,3,3.0,3.0,3.0,33.0,250.0,49.0,21.1,993.9,20.9,0.0,WSW,0.7,Aotizhongxin,2013-07-31 03:00:00
3653,2013,7,31,4,16.0,16.0,5.0,35.5,200.0,38.0,21.4,993.5,21.2,0.0,W,0.0,Aotizhongxin,2013-07-31 04:00:00
3654,2013,7,31,5,16.0,15.0,3.0,38.0,300.0,42.0,21.8,993.7,21.8,0.0,NE,1.0,Aotizhongxin,2013-07-31 05:00:00
3655,2013,7,31,6,14.0,3.0,3.0,54.0,300.0,28.0,22.5,994.5,22.5,0.0,NNE,0.8,Aotizhongxin,2013-07-31 06:00:00
3656,2013,7,31,7,18.0,20.0,3.0,74.0,400.0,7.0,24.0,994.8,21.9,0.0,SW,1.5,Aotizhongxin,2013-07-31 07:00:00
3657,2013,7,31,8,29.0,46.0,5.0,83.0,600.0,3.0,26.3,994.7,21.7,0.0,SE,0.1,Aotizhongxin,2013-07-31 08:00:00
3658,2013,7,31,9,33.0,29.0,7.0,76.0,500.0,34.0,28.2,994.9,21.7,0.0,SE,1.3,Aotizhongxin,2013-07-31 09:00:00
3659,2013,7,31,10,30.0,38.0,6.0,75.0,500.0,58.0,29.9,994.5,22.6,0.0,SSW,1.2,Aotizhongxin,2013-07-31 10:00:00
3660,2013,7,31,11,43.0,69.0,9.0,89.0,600.0,69.0,31.2,993.7,23.3,0.0,ESE,0.9,Aotizhongxin,2013-07-31 11:00:00
3661,2013,7,31,12,45.0,56.0,8.0,71.0,600.0,111.0,31.8,993.2,22.5,0.0,SW,3.0,Aotizhongxin,2013-07-31 12:00:00
3662,2013,7,31,13,46.0,58.0,9.0,41.0,500.0,179.0,33.2,992.9,23.2,0.0,SSE,2.2,Aotizhongxin,2013-07-31 13:00:00
3663,2013,7,31,14,59.0,92.0,12.0,36.0,600.0,236.0,33.4,992.3,23.7,0.0,S,1.6,Aotizhongxin,2013-07-31 14:00:00
3664,2013,7,31,15,70.0,127.0,13.0,34.0,600.0,240.0,32.3,992.5,24.4,0.0,S,1.7,Aotizhongxin,2013-07-31 15:00:00
3665,2013,7,31,16,80.0,121.0,12.0,38.0,700.0,229.0,31.7,992.5,25.3,0.0,SW,1.6,Aotizhongxin,2013-07-31 16:00:00
3666,2013,7,31,17,83.0,115.0,8.0,36.0,800.0,217.0,31.0,992.0,25.6,0.0,W,1.0,Aotizhongxin,2013-07-31 17:00:00
3667,2013,7,31,18,102.0,140.0,8.0,37.0,900.0,202.0,28.8,992.7,26.4,1.8,SSE,0.6,Aotizhongxin,2013-07-31 18:00:00
3668,2013,7,31,19,117.0,198.0,8.0,54.0,900.0,186.0,22.8,995.4,21.3,1.7,NNE,4.3,Aotizhongxin,2013-07-31 19:00:00
3669,2013,7,31,20,89.0,198.0,8.0,42.0,700.0,145.0,21.8,996.0,20.8,10.6,W,4.1,Aotizhongxin,2013-07-31 20:00:00
3670,2013,7,31,21,19.0,19.0,3.0,18.0,300.0,133.0,22.4,996.5,22.1,1.6,NE,1.3,Aotizhongxin,2013-07-31 21:00:00
3671,2013,7,31,22,19.0,32.0,3.0,24.0,300.0,110.0,22.6,996.7,22.3,3.6,NE,2.0,Aotizhongxin,2013-07-31 22:00:00
3672,2013,7,31,23,31.0,32.0,3.0,42.0,500.0,75.0,22.2,997.2,21.9,0.0,ENE,1.2,Aotizhongxin,2013-07-31 23:00:00
3673,2013,8,1,0,32.0,10.0,3.0,39.0,400.0,72.0,21.7,996.4,21.4,0.0,NE,1.2,Aotizhongxin,2013-08-01 00:00:00
3674,2013,8,1,1,28.0,28.0,3.0,36.0,300.0,75.0,21.3,995.7,21.0,0.0,NE,1.8,Aotizhongxin,2013-08-01 01:00:00
3675,2013,8,1,2,21.0,21.0,3.0,37.0,300.0,76.0,20.9,995.8,20.6,0.0,E,0.8,Aotizhongxin,2013-08-01 02:00:00
3676,2013,8,1,3,22.0,7.0,3.0,26.0,200.0,77.0,20.7,996.3,20.5,0.0,WSW,0.5,Aotizhongxin,2013-08-01 03:00:00
3677,2013,8,1,4,22.0,10.0,3.0,26.0,300.0,64.0,20.6,996.4,20.4,0.0,WNW,0.0,Aotizhongxin,2013-08-01 04:00:00
3678,2013,8,1,5,25.0,21.0,3.0,42.0,300.0,42.0,21.0,996.7,21.0,0.1,SE,0.5,Aotizhongxin,2013-08-01 05:00:00
3679,2013,8,1,6,30.0,19.0,3.0,42.0,300.0,45.0,21.8,997.2,21.8,0.0,ENE,1.3,Aotizhongxin,2013-08-01 06:00:00
3680,2013,8,1,7,36.0,19.0,3.0,35.0,300.0,55.0,22.8,998.4,22.1,0.0,ENE,1.3,Aotizhongxin,2013-08-01 07:00:00
3681,2013,8,1,8,41.0,34.0,4.0,37.0,400.0,48.0,23.6,999.2,21.3,0.0,NE,1.5,Aotizhongxin,2013-08-01 08:00:00
3682,2013,8,1,9,38.0,28.0,3.0,30.0,400.0,63.0,23.8,998.8,21.5,0.5,ENE,1.0,Aotizhongxin,2013-08-01 09:00:00
3683,2013,8,1,10,38.0,30.0,3.0,30.0,400.0,44.0,23.4,999.1,22.4,0.6,SSW,0.7,Aotizhongxin,2013-08-01 10:00:00
3684,2013,8,1,11,39.0,49.0,2.856,57.484,550.0,33.4152,22.5,999.0,22.0,2.9,S,1.1,Aotizhongxin,2013-08-01 11:00:00
3685,2013,8,1,12,47.0,56.0,3.0,77.0,700.0,16.0,23.1,999.4,21.9,0.3,SSW,0.6,Aotizhongxin,2013-08-01 12:00:00
3686,2013,8,1,13,46.0,45.0,3.0,83.0,900.0,13.0,24.1,998.3,22.2,0.0,N,1.2,Aotizhongxin,2013-08-01 13:00:00
3687,2013,8,1,14,52.0,20.0,3.0,77.0,900.0,35.0,24.4,997.9,21.9,0.0,SW,1.0,Aotizhongxin,2013-08-01 14:00:00
3688,2013,8,1,15,45.0,24.0,3.0,75.0,800.0,35.0,25.5,997.8,22.2,0.0,WNW,0.8,Aotizhongxin,2013-08-01 15:00:00
3689,2013,8,1,16,54.0,46.0,4.0,94.0,1000.0,22.0,27.4,997.8,21.2,0.0,SW,0.7,Aotizhongxin,2013-08-01 16:00:00
3690,2013,8,1,17,56.0,51.0,3.0,86.0,900.0,46.0,27.2,997.3,22.4,0.0,NE,0.4,Aotizhongxin,2013-08-01 17:00:00
3691,2013,8,1,18,64.0,45.0,4.0,89.0,1000.0,51.0,25.1,997.9,21.4,0.0,ENE,0.6,Aotizhongxin,2013-08-01 18:00:00
3692,2013,8,1,19,59.0,67.0,4.0,79.0,900.0,58.0,24.2,998.6,21.7,0.0,ESE,1.1,Aotizhongxin,2013-08-01 19:00:00
3693,2013,8,1,20,61.0,61.0,3.0,82.0,800.0,45.0,23.3,999.7,21.9,0.0,ESE,0.0,Aotizhongxin,2013-08-01 20:00:00
3694,2013,8,1,21,54.0,61.0,4.0,98.0,800.0,17.0,22.5,1000.6,21.8,0.0,WNW,0.9,Aotizhongxin,2013-08-01 21:00:00
3695,2013,8,1,22,68.0,76.0,6.0,123.0,1000.0,2.0,22.3,1000.5,22.0,0.0,ESE,0.5,Aotizhongxin,2013-08-01 22:00:00
3696,2013,8,1,23,65.0,76.0,5.0,118.0,1100.0,2.0,22.2,1000.1,21.7,0.0,SSW,0.5,Aotizhongxin,2013-08-01 23:00:00
3697,2013,8,2,0,65.0,76.0,6.0,114.0,1200.0,2.0,22.0,999.6,21.8,0.0,NE,0.8,Aotizhongxin,2013-08-02 00:00:00
3698,2013,8,2,1,61.0,68.0,3.0,108.0,1100.0,2.0,21.9,999.5,21.6,0.0,ENE,0.9,Aotizhongxin,2013-08-02 01:00:00
3699,2013,8,2,2,75.0,68.0,7.0,104.0,1100.0,2.0,21.6,999.5,21.4,0.0,NE,0.8,Aotizhongxin,2013-08-02 02:00:00
3700,2013,8,2,3,88.0,110.0,7.0,86.0,1100.0,2.0,21.2,999.6,21.0,0.0,ENE,0.6,Aotizhongxin,2013-08-02 03:00:00
3701,2013,8,2,4,67.0,110.0,5.0,73.0,800.0,2.0,21.2,999.9,21.0,0.0,E,0.7,Aotizhongxin,2013-08-02 04:00:00
3702,2013,8,2,5,51.0,54.0,5.0,65.0,700.0,2.0,21.2,1000.0,21.0,0.0,N,0.0,Aotizhongxin,2013-08-02 05:00:00
3703,2013,8,2,6,47.0,54.0,5.0,60.0,600.0,2.0,22.3,1001.1,22.1,0.0,ENE,0.6,Aotizhongxin,2013-08-02 06:00:00
3704,2013,8,2,7,46.0,40.0,5.0,48.0,600.0,3.0,23.3,1001.2,22.1,0.0,NNW,0.8,Aotizhongxin,2013-08-02 07:00:00
3705,2013,8,2,8,59.0,59.0,6.0,50.0,600.0,4.0,25.5,1001.0,22.6,0.0,E,1.6,Aotizhongxin,2013-08-02 08:00:00
3706,2013,8,2,9,61.0,59.0,6.0,37.0,600.0,25.0,27.2,1001.3,21.9,0.0,W,1.0,Aotizhongxin,2013-08-02 09:00:00
3707,2013,8,2,10,75.0,69.0,8.0,37.0,800.0,52.0,28.6,1000.9,22.1,0.0,S,0.7,Aotizhongxin,2013-08-02 10:00:00
3708,2013,8,2,11,83.0,76.0,13.0,37.0,1000.0,84.0,29.7,1000.8,22.2,0.0,W,0.5,Aotizhongxin,2013-08-02 11:00:00
3709,2013,8,2,12,86.0,84.0,13.0,36.0,1000.0,117.0,30.8,1000.8,22.1,0.0,WNW,1.1,Aotizhongxin,2013-08-02 12:00:00
3710,2013,8,2,13,100.0,89.0,11.0,43.0,1000.0,137.0,30.9,1000.4,23.3,0.0,SSW,1.9,Aotizhongxin,2013-08-02 13:00:00
3711,2013,8,2,14,100.0,79.0,12.0,42.0,1100.0,175.0,31.5,999.6,23.6,0.0,S,1.0,Aotizhongxin,2013-08-02 14:00:00
3712,2013,8,2,15,95.0,86.0,11.0,32.0,1000.0,228.0,31.6,998.8,23.2,0.0,SW,2.9,Aotizhongxin,2013-08-02 15:00:00
3713,2013,8,2,16,102.0,113.0,12.0,39.0,1000.0,241.0,29.5,999.5,22.7,0.0,WSW,2.8,Aotizhongxin,2013-08-02 16:00:00
3714,2013,8,2,17,113.0,113.0,9.0,38.0,1000.0,223.0,28.6,1001.1,21.1,0.0,NW,1.8,Aotizhongxin,2013-08-02 17:00:00
3715,2013,8,2,18,100.0,95.0,6.0,37.0,900.0,176.0,25.8,999.3,18.2,0.0,SSE,0.7,Aotizhongxin,2013-08-02 18:00:00
3716,2013,8,2,19,100.0,100.0,6.0,37.0,500.0,132.0,24.4,999.9,18.8,0.0,WSW,1.5,Aotizhongxin,2013-08-02 19:00:00
3717,2013,8,2,20,14.0,3.0,3.0,56.0,400.0,75.0,23.8,999.7,19.5,0.0,SSW,0.9,Aotizhongxin,2013-08-02 20:00:00
3718,2013,8,2,21,17.0,16.0,3.0,65.0,500.0,61.0,25.6,999.7,19.9,0.0,WNW,1.4,Aotizhongxin,2013-08-02 21:00:00
3719,2013,8,2,22,30.0,86.0,5.0,87.0,600.0,31.0,24.9,1001.1,19.3,0.0,NNE,1.0,Aotizhongxin,2013-08-02 22:00:00
3720,2013,8,2,23,35.0,76.0,5.0,86.0,600.0,12.0,23.1,1000.9,19.9,0.0,ENE,0.8,Aotizhongxin,2013-08-02 23:00:00
3721,2013,8,3,0,35.0,76.0,5.0,86.0,400.0,8.0,22.3,1001.2,20.4,0.0,SW,1.4,Aotizhongxin,2013-08-03 00:00:00
3722,2013,8,3,1,28.0,57.0,3.0,70.0,500.0,2.0,22.5,1000.4,19.1,0.0,N,0.9,Aotizhongxin,2013-08-03 01:00:00
3723,2013,8,3,2,26.0,57.0,3.0,54.0,500.0,10.0,21.7,999.5,18.5,0.0,E,0.8,Aotizhongxin,2013-08-03 02:00:00
3724,2013,8,3,3,13.0,2.0,3.0,35.0,400.0,6.0,22.5,997.2,18.3,0.0,S,0.7,Aotizhongxin,2013-08-03 03:00:00
3725,2013,8,3,4,18.0,10.0,4.0,35.0,300.0,2.0,21.6,997.9,18.2,0.0,N,0.4,Aotizhongxin,2013-08-03 04:00:00
3726,2013,8,3,5,18.0,32.0,3.0,77.0,300.0,3.0,22.3,998.3,18.1,0.0,NNE,1.5,Aotizhongxin,2013-08-03 05:00:00
3727,2013,8,3,6,18.0,32.0,3.0,77.0,300.0,6.8544,22.2,998.8,19.2,0.0,NE,1.1,Aotizhongxin,2013-08-03 06:00:00
3728,2013,8,3,7,16.0,38.0,1.9992,49.272,300.0,23.3478,24.5,998.8,19.3,0.0,E,0.7,Aotizhongxin,2013-08-03 07:00:00
3729,2013,8,3,8,16.0,41.0,2.5704,54.1992,300.0,22.0626,27.4,998.9,19.5,0.0,ENE,1.1,Aotizhongxin,2013-08-03 08:00:00
3730,2013,8,3,9,22.0,45.0,3.4272,46.6031,300.0,37.6992,29.2,999.0,17.1,0.0,SSW,0.5,Aotizhongxin,2013-08-03 09:00:00
3731,2013,8,3,10,17.0,31.0,3.1416,41.2653,300.0,79.4682,30.2,998.7,18.0,0.0,WSW,1.3,Aotizhongxin,2013-08-03 10:00:00
3732,2013,8,3,11,20.0,54.0,3.7128,48.6561,300.0,100.4598,31.7,998.0,19.0,0.0,SE,1.2,Aotizhongxin,2013-08-03 11:00:00
3733,2013,8,3,12,26.0,39.0,2.856,45.5766,300.0,127.2348,32.4,997.7,19.3,0.0,S,1.6,Aotizhongxin,2013-08-03 12:00:00
3734,2013,8,3,13,26.0,32.0,4.284,42.9077,300.0,166.005,32.2,997.2,18.8,0.0,WSW,3.4,Aotizhongxin,2013-08-03 13:00:00
3735,2013,8,3,14,27.0,41.0,2.856,27.0996,300.0,195.993,32.2,997.1,20.1,0.0,SW,2.9,Aotizhongxin,2013-08-03 14:00:00
3736,2013,8,3,15,20.0,47.0,3.7128,23.6095,300.0,174.573,32.0,996.5,21.5,0.0,SW,2.2,Aotizhongxin,2013-08-03 15:00:00
3737,2013,8,3,16,20.0,65.0,5.1408,22.9936,300.0,175.0014,31.6,996.3,22.3,0.0,SSW,1.6,Aotizhongxin,2013-08-03 16:00:00
3738,2013,8,3,17,20.0,66.0,6.0,23.0,300.0,175.4298,30.7,996.2,22.0,0.0,SSW,1.9,Aotizhongxin,2013-08-03 17:00:00
3739,2013,8,3,18,26.0,65.0,5.0,28.0,300.0,174.0,29.2,996.2,21.4,0.0,SW,2.1,Aotizhongxin,2013-08-03 18:00:00
3740,2013,8,3,19,33.0,65.0,6.0,29.0,300.0,164.0,28.3,996.4,21.6,0.0,SW,1.8,Aotizhongxin,2013-08-03 19:00:00
3741,2013,8,3,20,33.0,65.0,6.0,29.0,336.3636363636364,152.7246,27.6,997.4,22.1,0.0,SW,1.8,Aotizhongxin,2013-08-03 20:00:00
3742,2013,8,3,21,46.0,94.0,8.0,36.0,372.72727272727275,135.3744,27.4,997.9,22.8,0.0,WSW,2.7,Aotizhongxin,2013-08-03 21:00:00
3743,2013,8,3,22,51.0,115.0,5.0,35.0,409.0909090909091,110.5272,25.8,998.0,22.7,0.0,SW,0.9,Aotizhongxin,2013-08-03 22:00:00
3744,2013,8,3,23,56.0,81.0,5.0,40.0,445.4545454545455,100.2456,25.2,997.4,22.9,0.0,SW,2.1,Aotizhongxin,2013-08-03 23:00:00
3745,2013,8,4,0,78.0,113.0,5.1408,53.5833,481.8181818181818,65.7594,26.4,996.8,23.1,0.0,WSW,2.3,Aotizhongxin,2013-08-04 00:00:00
3746,2013,8,4,1,78.0,113.0,6.0,54.0,518.1818181818182,67.6872,25.1,996.6,22.8,0.0,NNW,0.8,Aotizhongxin,2013-08-04 01:00:00
3747,2013,8,4,2,90.0,105.0,7.0,55.0,554.5454545454546,76.041,23.9,996.4,22.2,0.0,NNE,1.3,Aotizhongxin,2013-08-04 02:00:00
3748,2013,8,4,3,92.0,117.0,8.0,46.0,590.909090909091,65.331,23.6,995.8,22.2,0.0,NNE,1.3,Aotizhongxin,2013-08-04 03:00:00
3749,2013,8,4,4,95.0,109.0,6.0,45.0,627.2727272727273,22.9194,23.3,995.4,22.3,0.0,NE,1.2,Aotizhongxin,2013-08-04 04:00:00
3750,2013,8,4,5,96.0,117.0,6.0,68.0,663.6363636363636,12.4597,23.0,996.0,22.2,0.0,NE,1.2,Aotizhongxin,2013-08-04 05:00:00
3751,2013,8,4,6,101.0,110.0,3.0,62.0,700.0,2.0,23.4,996.2,21.3,0.0,NNE,1.4,Aotizhongxin,2013-08-04 06:00:00
3752,2013,8,4,7,101.0,110.0,3.0,62.0,650.0,18.207,25.3,996.5,20.8,0.0,N,1.6,Aotizhongxin,2013-08-04 07:00:00
3753,2013,8,4,8,105.0,113.0,5.0,43.0,600.0,42.0,27.8,996.4,19.3,0.0,NE,2.2,Aotizhongxin,2013-08-04 08:00:00
3754,2013,8,4,9,105.0,113.0,5.0,43.0,625.0,74.7558,30.1,996.1,19.8,0.0,W,1.0,Aotizhongxin,2013-08-04 09:00:00
3755,2013,8,4,10,107.0,89.0,5.0,33.0,650.0,98.7462,30.7,995.3,21.8,0.0,SE,0.2,Aotizhongxin,2013-08-04 10:00:00
3756,2013,8,4,11,43.0,47.0,12.2808,36.1328,675.0,120.8088,32.5,994.7,21.4,0.0,SW,1.0,Aotizhongxin,2013-08-04 11:00:00
3757,2013,8,4,12,44.0,47.0,13.0,36.0,700.0,167.2902,32.3,993.8,22.1,0.0,SW,1.7,Aotizhongxin,2013-08-04 12:00:00
3758,2013,8,4,13,66.0,91.0,7.4256,35.1063,725.0,216.342,34.0,992.8,22.1,0.0,NNW,0.5,Aotizhongxin,2013-08-04 13:00:00
3759,2013,8,4,14,66.0,91.0,8.0,35.0,750.0,265.8222,33.9,991.8,24.2,0.0,SW,1.9,Aotizhongxin,2013-08-04 14:00:00
3760,2013,8,4,15,87.0,136.0,7.0,36.0,775.0,307.8054,33.5,991.3,23.2,0.0,SW,2.4,Aotizhongxin,2013-08-04 15:00:00
3761,2013,8,4,16,110.0,171.0,8.0,39.0,800.0,241.8318,32.8,990.5,24.3,0.0,SSW,1.4,Aotizhongxin,2013-08-04 16:00:00
3762,2013,8,4,17,80.0,90.0,8.0,31.0,825.0,190.638,31.0,990.5,23.4,0.0,SW,2.5,Aotizhongxin,2013-08-04 17:00:00
3763,2013,8,4,18,64.0,120.0,8.0,29.0,850.0,156.5802,30.4,992.0,25.7,0.0,WSW,2.1,Aotizhongxin,2013-08-04 18:00:00
3764,2013,8,4,19,84.0,135.0,10.0,32.0,875.0,123.165,23.8,994.7,19.5,0.3,NE,3.8,Aotizhongxin,2013-08-04 19:00:00
3765,2013,8,4,20,146.0,73.0,6.0,26.0,900.0,129.0,21.6,994.5,20.6,2.3,NE,2.1,Aotizhongxin,2013-08-04 20:00:00
3766,2013,8,4,21,6.0,6.0,3.0,22.0,300.0,114.0,21.5,994.3,20.5,0.5,SW,1.2,Aotizhongxin,2013-08-04 21:00:00
3767,2013,8,4,22,6.0,10.0,3.0,22.0,300.0,85.2516,22.0,995.0,21.0,0.1,SW,2.0,Aotizhongxin,2013-08-04 22:00:00
3768,2013,8,4,23,19.0,12.0,0.5712,47.6296,300.0,60.6186,21.7,994.2,20.9,0.0,S,1.2,Aotizhongxin,2013-08-04 23:00:00
3769,2013,8,5,0,31.0,17.0,3.0,50.0,300.0,52.0,21.6,994.8,20.2,0.0,SW,0.8,Aotizhongxin,2013-08-05 00:00:00
3770,2013,8,5,1,31.0,16.0,3.0,50.0,300.0,42.6258,20.6,993.4,19.9,0.0,NNW,0.8,Aotizhongxin,2013-08-05 01:00:00
3771,2013,8,5,2,34.0,9.0,3.0,38.0,300.0,46.0,20.5,992.9,20.0,0.0,NE,1.4,Aotizhongxin,2013-08-05 02:00:00
3772,2013,8,5,3,42.0,33.0,3.0,53.0,300.0,20.0,20.6,992.8,20.3,0.0,NE,1.2,Aotizhongxin,2013-08-05 03:00:00
3773,2013,8,5,4,50.0,29.0,3.0,55.0,400.0,2.0,20.0,992.8,19.7,0.0,ENE,0.6,Aotizhongxin,2013-08-05 04:00:00
3774,2013,8,5,5,50.0,6.0,3.0,42.0,300.0,18.0,19.7,992.7,19.5,0.0,N,0.2,Aotizhongxin,2013-08-05 05:00:00
3775,2013,8,5,6,50.0,21.0,3.0,42.0,333.3333333333333,19.4922,20.7,993.4,19.5,0.0,WSW,1.9,Aotizhongxin,2013-08-05 06:00:00
3776,2013,8,5,7,42.0,21.0,3.0,40.0,366.6666666666667,7.2828,23.2,993.5,20.0,0.0,SSW,1.6,Aotizhongxin,2013-08-05 07:00:00
3777,2013,8,5,8,52.0,68.0,3.0,49.0,400.0,13.0662,25.0,993.4,19.6,0.0,WSW,2.0,Aotizhongxin,2013-08-05 08:00:00
3778,2013,8,5,9,55.0,23.0,3.0,54.0,433.33333333333337,48.8376,26.6,993.3,20.0,0.0,W,1.3,Aotizhongxin,2013-08-05 09:00:00
3779,2013,8,5,10,40.0,25.0,3.0,56.0,466.6666666666667,83.1096,27.4,993.5,20.0,0.0,W,1.2,Aotizhongxin,2013-08-05 10:00:00
3780,2013,8,5,11,43.0,48.0,4.0,64.0,500.0,127.449,29.3,993.1,20.7,0.0,SW,1.3,Aotizhongxin,2013-08-05 11:00:00
3781,2013,8,5,12,43.0,54.0,4.5696,51.9409,533.3333333333334,170.9316,31.0,992.8,21.8,0.0,WSW,1.1,Aotizhongxin,2013-08-05 12:00:00
3782,2013,8,5,13,43.0,54.0,5.0,52.0,566.6666666666667,250.614,32.2,991.9,20.8,0.0,WSW,1.6,Aotizhongxin,2013-08-05 13:00:00
3783,2013,8,5,14,49.0,45.0,5.0,46.0,600.0,325.0,33.8,991.7,20.2,0.0,W,1.4,Aotizhongxin,2013-08-05 14:00:00
3784,2013,8,5,15,47.0,65.0,4.0,44.0,600.0,335.0,34.3,991.5,22.0,0.0,NW,0.8,Aotizhongxin,2013-08-05 15:00:00
3785,2013,8,5,16,47.0,65.0,4.0,44.0,650.0,352.7874,32.9,991.0,22.7,0.0,SSW,2.1,Aotizhongxin,2013-08-05 16:00:00
3786,2013,8,5,17,61.0,113.0,6.0,52.0,700.0,334.0,31.5,990.8,22.5,0.0,SW,1.6,Aotizhongxin,2013-08-05 17:00:00
3787,2013,8,5,18,61.0,90.0,4.0,48.0,500.0,288.0,29.7,991.2,22.7,0.0,SSW,1.8,Aotizhongxin,2013-08-05 18:00:00
3788,2013,8,5,19,61.0,90.0,4.0,48.0,500.0,173.502,28.2,991.9,22.7,0.0,SW,1.4,Aotizhongxin,2013-08-05 19:00:00
3789,2013,8,5,20,34.0,79.0,2.5704,43.113,500.0,135.5886,27.5,992.8,23.1,0.0,SSW,1.1,Aotizhongxin,2013-08-05 20:00:00
3790,2013,8,5,21,36.0,61.0,1.9992,38.5964,500.0,113.0976,27.2,992.9,23.4,0.0,SW,0.7,Aotizhongxin,2013-08-05 21:00:00
3791,2013,8,5,22,36.0,62.0,3.0,39.0,500.0,86.3226,27.1,992.8,23.3,0.0,SSW,1.2,Aotizhongxin,2013-08-05 22:00:00
3792,2013,8,5,23,45.0,63.0,3.0,62.0,500.0,77.0,25.7,992.9,23.6,0.0,S,0.0,Aotizhongxin,2013-08-05 23:00:00
3793,2013,8,6,0,45.0,63.0,3.0,62.0,450.0,86.3226,25.6,993.2,23.5,0.0,ENE,0.0,Aotizhongxin,2013-08-06 00:00:00
3794,2013,8,6,1,55.0,88.0,5.0,52.0,400.0,71.0,25.3,993.2,23.2,0.0,ENE,0.9,Aotizhongxin,2013-08-06 01:00:00
3795,2013,8,6,2,55.0,88.0,5.0,52.0,475.0,24.4188,25.1,993.1,23.5,0.0,SW,0.7,Aotizhongxin,2013-08-06 02:00:00
3796,2013,8,6,3,83.0,187.0,1.7136,74.5239,550.0,21.077280000000002,24.6,992.9,23.6,0.0,NNE,0.8,Aotizhongxin,2013-08-06 03:00:00
3797,2013,8,6,4,87.0,177.0,4.284,87.14985,625.0,17.73576,24.8,993.0,23.8,0.0,NE,1.2,Aotizhongxin,2013-08-06 04:00:00
3798,2013,8,6,5,88.0,177.0,5.0,99.7758,700.0,14.39424,25.0,992.9,23.6,0.0,NE,1.5,Aotizhongxin,2013-08-06 05:00:00
3799,2013,8,6,6,97.0,167.0,4.0,100.0,775.0,11.05272,25.3,993.9,23.7,0.0,N,0.9,Aotizhongxin,2013-08-06 06:00:00
3800,2013,8,6,7,126.0,144.0,3.9984,75.1398,850.0,7.7112,26.6,994.3,23.7,0.0,ENE,1.7,Aotizhongxin,2013-08-06 07:00:00
3801,2013,8,6,8,135.0,163.0,3.9984,73.7027,925.0,12.6378,28.0,994.7,24.0,0.0,NNW,0.9,Aotizhongxin,2013-08-06 08:00:00
3802,2013,8,6,9,138.0,177.0,4.5696,69.5967,1000.0,27.846,29.2,994.9,24.3,0.0,ENE,0.9,Aotizhongxin,2013-08-06 09:00:00
3803,2013,8,6,10,145.0,202.0,3.7128,76.1663,1075.0,35.343,30.5,994.8,24.2,0.0,SW,0.6,Aotizhongxin,2013-08-06 10:00:00
3804,2013,8,6,11,155.0,195.0,4.5696,80.6829,1150.0,61.4754,32.4,994.0,25.5,0.0,SW,1.9,Aotizhongxin,2013-08-06 11:00:00
3805,2013,8,6,12,156.0,195.0,5.0,81.0,1225.0,95.9616,33.5,993.7,25.2,0.0,WSW,1.8,Aotizhongxin,2013-08-06 12:00:00
3806,2013,8,6,13,187.0,212.0,5.0,83.0,1300.0,144.0,34.3,993.0,24.6,0.0,SW,1.8,Aotizhongxin,2013-08-06 13:00:00
3807,2013,8,6,14,172.0,212.0,8.0,56.0,1100.0,238.0,34.4,992.7,24.4,0.0,SSW,1.4,Aotizhongxin,2013-08-06 14:00:00
3808,2013,8,6,15,172.0,107.0,8.0,56.0,1025.0,288.9558,34.2,992.6,24.2,0.0,SW,2.2,Aotizhongxin,2013-08-06 15:00:00
3809,2013,8,6,16,136.0,108.0,9.0,39.0,950.0,273.105,33.5,992.2,24.7,0.0,SW,1.9,Aotizhongxin,2013-08-06 16:00:00
3810,2013,8,6,17,135.0,197.0,8.0,36.0,875.0,202.8474,32.5,992.9,24.8,0.0,SW,1.7,Aotizhongxin,2013-08-06 17:00:00
3811,2013,8,6,18,151.0,183.0,4.0,42.0,800.0,170.0,31.6,993.3,25.2,0.0,SSW,1.1,Aotizhongxin,2013-08-06 18:00:00
3812,2013,8,6,19,151.0,183.0,4.0,42.0,850.0,151.4394,30.2,994.0,25.9,0.0,SW,1.6,Aotizhongxin,2013-08-06 19:00:00
3813,2013,8,6,20,172.0,185.0,3.0,42.0,900.0,132.0,31.0,995.2,26.0,0.0,WSW,1.1,Aotizhongxin,2013-08-06 20:00:00
3814,2013,8,6,21,172.0,185.0,3.0,42.0,844.4444444444445,128.7342,29.9,994.9,26.7,0.0,WSW,0.6,Aotizhongxin,2013-08-06 21:00:00
3815,2013,8,6,22,174.0,244.0,3.0,38.0,788.8888888888889,101.5308,29.5,995.6,26.7,0.0,N,0.9,Aotizhongxin,2013-08-06 22:00:00
3816,2013,8,6,23,220.0,286.0,3.0,34.0,733.3333333333334,89.5356,28.4,995.6,20.7,0.0,ESE,1.0,Aotizhongxin,2013-08-06 23:00:00
3817,2013,8,7,0,205.0,162.0,3.0,35.0,677.7777777777778,70.2576,26.4,997.0,21.8,0.0,NNE,2.4,Aotizhongxin,2013-08-07 00:00:00
3818,2013,8,7,1,33.0,33.0,1.9992,29.1526,622.2222222222222,104.3154,25.6,995.4,22.3,0.1,N,2.6,Aotizhongxin,2013-08-07 01:00:00
3819,2013,8,7,2,26.0,17.0,2.3328,19.7088,566.6666666666666,113.7402,24.1,996.8,22.7,0.1,NNE,0.0,Aotizhongxin,2013-08-07 02:00:00
3820,2013,8,7,3,29.0,17.0,2.6664,23.1989,511.1111111111111,105.6006,24.4,997.4,22.7,0.0,WSW,0.7,Aotizhongxin,2013-08-07 03:00:00
3821,2013,8,7,4,30.0,17.0,3.0,24.0,455.55555555555554,75.1842,24.5,996.9,23.1,0.0,NE,1.0,Aotizhongxin,2013-08-07 04:00:00
3822,2013,8,7,5,42.0,21.0,3.0,35.0,400.0,74.0,24.7,996.9,22.9,0.0,NNE,1.9,Aotizhongxin,2013-08-07 05:00:00
3823,2013,8,7,6,42.0,10.0,3.0,35.0,400.0,67.2588,24.8,997.3,23.0,0.0,E,0.6,Aotizhongxin,2013-08-07 06:00:00
3824,2013,8,7,7,34.0,10.0,3.0,34.0,400.0,62.0,25.5,997.2,23.4,0.3,WSW,1.3,Aotizhongxin,2013-08-07 07:00:00
3825,2013,8,7,8,34.0,29.0,3.0,34.0,450.0,43.0542,27.5,997.8,23.1,0.0,ENE,0.7,Aotizhongxin,2013-08-07 08:00:00
3826,2013,8,7,9,29.0,30.0,3.0,49.0,500.0,55.0,28.5,997.6,23.6,0.0,N,1.0,Aotizhongxin,2013-08-07 09:00:00
3827,2013,8,7,10,34.0,36.0,3.0,52.0,600.0,41.0,29.7,998.0,22.7,0.0,NNE,1.6,Aotizhongxin,2013-08-07 10:00:00
3828,2013,8,7,11,33.0,36.0,4.0,42.0,500.0,68.0,29.6,997.6,21.5,0.0,NE,2.8,Aotizhongxin,2013-08-07 11:00:00
3829,2013,8,7,12,33.0,33.0,4.0,42.0,550.0,72.3996,28.6,997.6,19.8,0.0,NE,3.0,Aotizhongxin,2013-08-07 12:00:00
3830,2013,8,7,13,20.0,27.0,11.0,32.0,600.0,67.0,28.5,997.5,18.6,0.0,NNE,1.7,Aotizhongxin,2013-08-07 13:00:00
3831,2013,8,7,14,21.0,27.0,15.0,34.0,500.0,58.0,23.7,997.6,21.4,6.0,NE,2.7,Aotizhongxin,2013-08-07 14:00:00
3832,2013,8,7,15,21.0,39.0,15.0,34.0,450.0,46.2672,24.3,997.5,20.8,0.1,NNE,2.7,Aotizhongxin,2013-08-07 15:00:00
3833,2013,8,7,16,15.0,20.0,3.0,34.0,400.0,56.0,24.3,996.9,20.0,0.0,NE,2.2,Aotizhongxin,2013-08-07 16:00:00
3834,2013,8,7,17,15.0,20.0,3.0,34.0,450.0,65.7594,22.6,997.1,21.2,1.0,E,0.9,Aotizhongxin,2013-08-07 17:00:00
3835,2013,8,7,18,16.0,33.0,6.0,43.0,500.0,52.0,22.4,995.5,21.6,0.4,NNE,0.8,Aotizhongxin,2013-08-07 18:00:00
3836,2013,8,7,19,16.0,33.0,6.0,43.0,600.0,12.6378,22.5,995.8,20.8,0.0,N,1.2,Aotizhongxin,2013-08-07 19:00:00
3837,2013,8,7,20,23.0,9.0,6.0,81.0,700.0,4.0,22.2,996.7,20.8,0.0,NNE,0.0,Aotizhongxin,2013-08-07 20:00:00
3838,2013,8,7,21,23.0,15.0,6.0,81.0,666.6666666666666,3.8556,22.1,996.7,20.6,0.0,ENE,0.7,Aotizhongxin,2013-08-07 21:00:00
3839,2013,8,7,22,18.0,8.0,6.2832,72.0603,633.3333333333334,8.1396,22.2,996.2,21.0,0.0,WSW,0.7,Aotizhongxin,2013-08-07 22:00:00
3840,2013,8,7,23,17.0,20.0,5.4264,62.8218,600.0,13.923,22.1,996.1,21.1,0.0,NNW,0.0,Aotizhongxin,2013-08-07 23:00:00
3841,2013,8,8,0,17.0,20.0,6.0,63.0,566.6666666666666,16.9218,21.7,995.3,20.9,0.0,W,0.8,Aotizhongxin,2013-08-08 00:00:00
3842,2013,8,8,1,19.0,19.0,7.0,57.0,533.3333333333334,9.4609,21.5,995.3,21.0,0.0,NW,0.0,Aotizhongxin,2013-08-08 01:00:00
3843,2013,8,8,2,20.0,20.0,5.0,78.0,500.0,2.0,21.4,995.2,21.1,0.0,SSW,0.5,Aotizhongxin,2013-08-08 02:00:00
3844,2013,8,8,3,17.0,43.0,4.0,77.0,400.0,2.0,21.4,994.9,21.1,0.0,WNW,0.2,Aotizhongxin,2013-08-08 03:00:00
3845,2013,8,8,4,17.0,43.0,4.0,77.0,433.3333333333333,2.0,21.1,995.2,20.8,0.0,NW,0.0,Aotizhongxin,2013-08-08 04:00:00
3846,2013,8,8,5,18.0,22.0,4.0,76.0,466.6666666666667,2.0,21.3,995.1,21.1,0.0,W,0.1,Aotizhongxin,2013-08-08 05:00:00
3847,2013,8,8,6,19.0,49.0,4.0,72.0,500.0,2.0,22.3,995.1,21.8,0.0,NNW,0.1,Aotizhongxin,2013-08-08 06:00:00
3848,2013,8,8,7,17.0,32.0,6.0,70.0,500.0,2.0,23.6,995.3,21.9,0.0,W,0.5,Aotizhongxin,2013-08-08 07:00:00
3849,2013,8,8,8,17.0,32.0,6.0,70.0,550.0,7.9254,25.7,995.4,22.0,0.0,W,1.0,Aotizhongxin,2013-08-08 08:00:00
3850,2013,8,8,9,24.0,51.0,13.0,63.0,600.0,7.0,29.3,995.7,20.7,0.0,W,0.8,Aotizhongxin,2013-08-08 09:00:00
3851,2013,8,8,10,27.0,66.0,14.0,60.0,700.0,21.0,31.1,995.5,21.0,0.0,SW,1.6,Aotizhongxin,2013-08-08 10:00:00
3852,2013,8,8,11,27.0,55.0,14.0,74.0,800.0,33.0,31.4,995.1,21.0,0.0,SSW,1.6,Aotizhongxin,2013-08-08 11:00:00
3853,2013,8,8,12,27.0,55.0,14.0,74.0,733.3333333333334,62.7606,33.0,994.7,21.5,0.0,SSW,1.9,Aotizhongxin,2013-08-08 12:00:00
3854,2013,8,8,13,37.0,79.0,10.2816,65.696,666.6666666666666,131.9472,33.3,994.1,20.8,0.0,WSW,1.8,Aotizhongxin,2013-08-08 13:00:00
3855,2013,8,8,14,45.0,74.0,6.0,42.0,600.0,219.0,33.5,993.2,21.3,0.0,SW,3.0,Aotizhongxin,2013-08-08 14:00:00
3856,2013,8,8,15,45.0,74.0,6.0,42.0,600.0,196.6356,33.9,993.0,22.3,0.0,SSW,1.9,Aotizhongxin,2013-08-08 15:00:00
3857,2013,8,8,16,35.0,53.0,7.9968,34.901,600.0,195.3504,32.9,993.0,22.1,0.0,WSW,3.5,Aotizhongxin,2013-08-08 16:00:00
3858,2013,8,8,17,28.0,50.0,5.1408,39.2123,600.0,187.2108,31.6,993.3,21.8,0.0,WSW,3.2,Aotizhongxin,2013-08-08 17:00:00
3859,2013,8,8,18,33.0,143.0,4.8552,44.1395,600.0,164.2914,31.1,994.1,23.5,0.0,SW,3.4,Aotizhongxin,2013-08-08 18:00:00
3860,2013,8,8,19,40.0,160.0,5.0,41.0,600.0,173.0,30.0,995.4,23.4,0.0,W,1.9,Aotizhongxin,2013-08-08 19:00:00
3861,2013,8,8,20,40.0,160.0,5.0,41.0,533.3333333333334,158.7222,29.8,996.1,18.6,0.0,SW,0.6,Aotizhongxin,2013-08-08 20:00:00
3862,2013,8,8,21,44.0,81.0,5.0,43.0,466.66666666666663,133.2324,26.5,995.7,17.8,0.0,NW,1.2,Aotizhongxin,2013-08-08 21:00:00
3863,2013,8,8,22,25.0,7.0,5.0,41.0,400.0,88.0,24.7,995.6,18.9,0.0,NW,0.4,Aotizhongxin,2013-08-08 22:00:00
3864,2013,8,8,23,36.0,127.0,4.0,55.0,500.0,82.0,23.5,995.4,20.4,0.0,N,0.2,Aotizhongxin,2013-08-08 23:00:00
3865,2013,8,9,0,36.0,127.0,4.0,55.0,466.6666666666667,77.7546,22.7,995.2,21.0,0.0,N,0.2,Aotizhongxin,2013-08-09 00:00:00
3866,2013,8,9,1,25.0,47.0,1.9992,70.6232,433.3333333333333,29.1312,22.3,995.1,19.8,0.0,N,0.0,Aotizhongxin,2013-08-09 01:00:00
3867,2013,8,9,2,26.0,46.0,2.4276,84.0,400.0,2.0,21.6,994.9,20.1,0.0,NE,0.0,Aotizhongxin,2013-08-09 02:00:00
3868,2013,8,9,3,26.0,46.0,2.856,84.0,300.0,8.0,21.6,995.2,20.4,0.0,ENE,0.7,Aotizhongxin,2013-08-09 03:00:00
3869,2013,8,9,4,22.0,38.0,4.0,55.0,200.0,14.0,21.5,995.7,20.3,0.0,NE,1.1,Aotizhongxin,2013-08-09 04:00:00
3870,2013,8,9,5,22.0,38.0,4.0,50.9144,250.0,24.2046,21.1,996.0,19.9,0.0,NE,1.0,Aotizhongxin,2013-08-09 05:00:00
3871,2013,8,9,6,15.0,51.0,3.0,63.0,300.0,10.0,22.5,996.5,19.7,0.0,ENE,1.2,Aotizhongxin,2013-08-09 06:00:00
3872,2013,8,9,7,20.0,42.0,3.0,57.0,400.0,12.0,24.8,996.7,19.0,0.0,NNE,1.1,Aotizhongxin,2013-08-09 07:00:00
3873,2013,8,9,8,20.0,42.0,3.0,57.0,450.0,13.2804,28.1,997.0,18.5,0.0,NNE,1.8,Aotizhongxin,2013-08-09 08:00:00
3874,2013,8,9,9,30.0,97.0,13.4232,64.4642,500.0,25.4898,30.6,996.5,18.7,0.0,NE,1.2,Aotizhongxin,2013-08-09 09:00:00
3875,2013,8,9,10,29.0,81.0,20.5632,52.1462,550.0,56.1204,32.0,996.5,19.6,0.0,W,1.1,Aotizhongxin,2013-08-09 10:00:00
3876,2013,8,9,11,31.0,76.0,21.9912,52.5568,600.0,75.6126,33.4,996.1,19.5,0.0,WNW,0.0,Aotizhongxin,2013-08-09 11:00:00
3877,2013,8,9,12,33.0,71.0,21.1344,57.6893,650.0,106.6716,35.0,995.6,19.8,0.0,WSW,1.0,Aotizhongxin,2013-08-09 12:00:00
3878,2013,8,9,13,42.0,90.0,19.0,53.0,700.0,150.0,36.4,994.9,20.6,0.0,SSW,1.4,Aotizhongxin,2013-08-09 13:00:00
3879,2013,8,9,14,42.0,90.0,19.0,53.0,633.3333333333334,195.7788,36.0,994.0,20.3,0.0,SW,1.0,Aotizhongxin,2013-08-09 14:00:00
3880,2013,8,9,15,33.0,53.0,16.0,30.0,566.6666666666666,248.472,35.8,994.1,20.9,0.0,SW,1.9,Aotizhongxin,2013-08-09 15:00:00
3881,2013,8,9,16,42.0,95.0,16.0,36.0,500.0,266.0,34.9,994.1,22.6,0.0,WSW,2.5,Aotizhongxin,2013-08-09 16:00:00
3882,2013,8,9,17,40.0,94.0,15.0,37.0,500.0,231.7644,33.8,994.4,20.9,0.0,WSW,2.4,Aotizhongxin,2013-08-09 17:00:00
3883,2013,8,9,18,47.0,115.0,10.0,43.0,500.0,241.0,32.0,994.9,23.0,0.0,WSW,2.0,Aotizhongxin,2013-08-09 18:00:00
3884,2013,8,9,19,47.0,115.0,10.0,43.0,545.4545454545455,197.7066,31.1,995.7,23.7,0.0,WSW,1.4,Aotizhongxin,2013-08-09 19:00:00
3885,2013,8,9,20,48.0,92.0,10.0,46.0,590.9090909090909,153.153,29.3,996.4,24.2,0.0,SW,0.6,Aotizhongxin,2013-08-09 20:00:00
3886,2013,8,9,21,48.0,159.0,7.0,56.0,636.3636363636364,160.2216,27.8,996.7,24.4,0.0,SW,0.0,Aotizhongxin,2013-08-09 21:00:00
3887,2013,8,9,22,56.0,89.0,1.7136,53.378,681.8181818181818,130.0194,26.7,997.0,24.7,0.0,WSW,0.0,Aotizhongxin,2013-08-09 22:00:00
3888,2013,8,9,23,57.0,90.0,3.0,54.0,727.2727272727273,110.5272,26.1,997.1,23.0,0.0,NE,0.8,Aotizhongxin,2013-08-09 23:00:00
3889,2013,8,10,0,57.0,129.0,4.0,59.0,772.7272727272727,78.3972,27.0,997.4,22.8,0.0,NE,1.3,Aotizhongxin,2013-08-10 00:00:00
3890,2013,8,10,1,98.0,260.0,4.5696,133.2397,818.1818181818181,57.691199999999995,26.2,997.5,23.1,0.0,NE,1.1,Aotizhongxin,2013-08-10 01:00:00
3891,2013,8,10,2,99.0,260.0,5.0,134.0,863.6363636363636,36.9852,25.2,997.5,23.1,0.0,NE,1.4,Aotizhongxin,2013-08-10 02:00:00
3892,2013,8,10,3,108.0,185.0,5.0,109.0,909.0909090909091,16.2792,24.8,997.5,22.9,0.0,NE,0.5,Aotizhongxin,2013-08-10 03:00:00
3893,2013,8,10,4,77.0,50.0,5.0,73.0,954.5454545454545,23.1336,24.5,997.8,22.4,0.0,NE,0.9,Aotizhongxin,2013-08-10 04:00:00
3894,2013,8,10,5,40.0,55.0,4.0,57.0,1000.0,34.0,24.3,998.8,22.0,0.0,NE,0.5,Aotizhongxin,2013-08-10 05:00:00
3895,2013,8,10,6,44.0,59.0,4.0,55.0,900.0,38.0,25.5,999.8,23.2,0.0,NE,1.2,Aotizhongxin,2013-08-10 06:00:00
3896,2013,8,10,7,42.0,44.0,3.0,43.0,400.0,52.0,27.5,1000.3,23.3,0.0,NE,1.2,Aotizhongxin,2013-08-10 07:00:00
3897,2013,8,10,8,42.0,44.0,3.0,43.0,550.0,54.1926,29.7,1000.5,23.6,0.0,ENE,1.2,Aotizhongxin,2013-08-10 08:00:00
3898,2013,8,10,9,34.0,73.0,3.0,41.0,700.0,71.0,31.3,1000.6,23.9,0.0,ENE,1.6,Aotizhongxin,2013-08-10 09:00:00
3899,2013,8,10,10,51.0,131.0,4.0,41.0,1400.0,94.0,32.2,1000.0,24.0,0.0,NNE,1.6,Aotizhongxin,2013-08-10 10:00:00
3900,2013,8,10,11,72.0,165.0,7.0,35.0,1000.0,137.0,33.2,999.2,24.4,0.0,NE,1.6,Aotizhongxin,2013-08-10 11:00:00
3901,2013,8,10,12,124.0,244.0,9.0,34.0,1100.0,177.0,34.6,998.8,24.2,0.0,W,1.4,Aotizhongxin,2013-08-10 12:00:00
3902,2013,8,10,13,147.0,218.0,9.0,48.0,1300.0,216.0,36.3,998.2,24.5,0.0,WSW,2.0,Aotizhongxin,2013-08-10 13:00:00
3903,2013,8,10,14,147.0,185.0,12.0,50.0,1200.0,315.0,35.2,998.6,25.4,0.0,SW,2.3,Aotizhongxin,2013-08-10 14:00:00
3904,2013,8,10,15,147.0,185.0,12.0,50.0,1200.0,358.9992,34.8,998.5,25.3,0.0,SSW,2.2,Aotizhongxin,2013-08-10 15:00:00
3905,2013,8,10,16,135.0,212.0,26.0,30.0,1200.0,278.0,34.1,998.5,24.9,0.0,SW,2.8,Aotizhongxin,2013-08-10 16:00:00
3906,2013,8,10,17,135.0,212.0,26.0,30.0,1125.0,233.478,33.2,998.7,25.7,0.0,SSW,1.7,Aotizhongxin,2013-08-10 17:00:00
3907,2013,8,10,18,128.0,143.0,33.0,29.0,1050.0,215.271,32.3,999.3,23.8,0.0,SW,2.3,Aotizhongxin,2013-08-10 18:00:00
3908,2013,8,10,19,117.0,103.0,19.992,31.4109,975.0,211.6296,31.3,999.7,23.7,0.0,SW,1.5,Aotizhongxin,2013-08-10 19:00:00
3909,2013,8,10,20,99.0,153.0,17.0,44.0,900.0,164.0,30.9,1000.3,25.0,0.0,SSW,1.3,Aotizhongxin,2013-08-10 20:00:00
3910,2013,8,10,21,99.0,153.0,17.0,44.0,866.6666666666666,170.7174,30.0,1000.5,24.9,0.0,SW,1.3,Aotizhongxin,2013-08-10 21:00:00
3911,2013,8,10,22,88.0,140.0,6.5688,35.3116,833.3333333333334,149.5116,30.0,1001.0,24.9,0.0,S,1.3,Aotizhongxin,2013-08-10 22:00:00
3912,2013,8,10,23,86.0,110.0,6.0,43.0,800.0,110.0,28.7,1000.9,25.1,0.0,SSW,0.7,Aotizhongxin,2013-08-10 23:00:00
3913,2013,8,11,0,90.0,148.0,4.0,44.0,700.0,88.0,29.1,1001.1,25.7,0.0,W,1.2,Aotizhongxin,2013-08-11 00:00:00
3914,2013,8,11,1,90.0,148.0,4.0,44.0,700.0,65.1168,27.5,1001.2,25.7,0.0,S,0.2,Aotizhongxin,2013-08-11 01:00:00
3915,2013,8,11,2,90.0,145.0,2.856,58.7158,700.0,45.8388,26.9,1001.3,25.9,0.0,SSE,0.0,Aotizhongxin,2013-08-11 02:00:00
3916,2013,8,11,3,100.0,138.0,3.0,51.0,700.0,44.0,26.7,1001.0,26.0,0.0,S,0.0,Aotizhongxin,2013-08-11 03:00:00
3917,2013,8,11,4,100.0,138.0,3.0,51.0,900.0,46.9098,26.1,1000.8,25.2,0.0,NE,1.6,Aotizhongxin,2013-08-11 04:00:00
3918,2013,8,11,5,183.0,196.0,7.0,42.0,1100.0,53.0,26.2,1000.8,25.3,0.0,NNE,1.3,Aotizhongxin,2013-08-11 05:00:00
3919,2013,8,11,6,183.0,196.0,7.0,42.0,1700.0,13.0662,27.2,1001.7,25.8,0.0,ENE,0.8,Aotizhongxin,2013-08-11 06:00:00
3920,2013,8,11,7,235.0,249.0,5.0,67.0,2300.0,2.0,27.9,1001.9,26.1,0.0,ENE,0.7,Aotizhongxin,2013-08-11 07:00:00
3921,2013,8,11,8,235.0,249.0,5.0,67.0,1900.0,11.1384,26.8,1002.1,25.8,2.0,E,0.9,Aotizhongxin,2013-08-11 08:00:00
3922,2013,8,11,9,210.0,244.0,5.0,50.0,1500.0,27.0,28.3,1002.0,26.3,0.0,WSW,1.0,Aotizhongxin,2013-08-11 09:00:00
3923,2013,8,11,10,210.0,158.0,5.0,50.0,1850.0,34.0578,28.1,1001.8,26.5,0.0,SSW,0.5,Aotizhongxin,2013-08-11 10:00:00
3924,2013,8,11,11,245.0,159.0,6.0,47.0,2200.0,36.0,29.8,1000.9,27.0,0.0,S,1.6,Aotizhongxin,2013-08-11 11:00:00
3925,2013,8,11,12,260.0,262.0,5.0,51.0,2300.0,52.0,31.8,999.7,27.0,0.0,ESE,1.1,Aotizhongxin,2013-08-11 12:00:00
3926,2013,8,11,13,260.0,262.0,5.0,51.0,1850.0,115.4538,30.8,998.9,27.2,1.1,SSE,1.1,Aotizhongxin,2013-08-11 13:00:00
3927,2013,8,11,14,249.0,226.0,7.0,36.0,1400.0,169.0,28.5,997.4,27.4,3.6,NE,4.3,Aotizhongxin,2013-08-11 14:00:00
3928,2013,8,11,15,209.0,146.0,3.4272,37.1593,1300.0,158.7222,23.5,1000.4,23.0,72.5,NNE,3.9,Aotizhongxin,2013-08-11 15:00:00
3929,2013,8,11,16,146.0,146.0,4.0,30.0,1200.0,138.0,23.6,998.9,23.1,6.8,SSW,0.4,Aotizhongxin,2013-08-11 16:00:00
3930,2013,8,11,17,146.0,146.0,4.0,30.0,1066.6666666666667,102.1734,23.9,999.0,23.6,1.1,ESE,0.9,Aotizhongxin,2013-08-11 17:00:00
3931,2013,8,11,18,57.0,6.0,3.0,27.0,933.3333333333333,81.8244,23.8,1000.1,23.5,0.1,NE,1.0,Aotizhongxin,2013-08-11 18:00:00
3932,2013,8,11,19,41.0,5.0,3.0,52.0,800.0,58.0,23.4,1001.5,23.2,0.1,NW,0.2,Aotizhongxin,2013-08-11 19:00:00
3933,2013,8,11,20,48.0,48.0,3.0,74.0,800.0,26.0,23.8,1000.6,23.6,0.0,NE,0.7,Aotizhongxin,2013-08-11 20:00:00
3934,2013,8,11,21,48.0,48.0,3.0,74.0,737.5,31.4874,24.2,999.1,24.0,0.3,WSW,0.4,Aotizhongxin,2013-08-11 21:00:00
3935,2013,8,11,22,41.0,6.0,3.0,65.0,675.0,22.848,24.3,998.5,24.1,0.1,S,0.7,Aotizhongxin,2013-08-11 22:00:00
3936,2013,8,11,23,59.0,30.0,0.8568,77.1928,612.5,14.2086,24.1,998.5,23.9,0.0,WSW,1.5,Aotizhongxin,2013-08-11 23:00:00
3937,2013,8,12,0,63.0,9.0,0.2856,65.2854,550.0,5.5692,24.0,999.8,23.7,0.0,SW,1.5,Aotizhongxin,2013-08-12 00:00:00
3938,2013,8,12,1,56.0,26.0,0.5712,45.3713,487.5,22.0626,23.9,1000.3,23.2,0.0,SW,1.3,Aotizhongxin,2013-08-12 01:00:00
3939,2013,8,12,2,59.0,36.0,1.428,31.0003,425.0,28.7028,24.0,999.8,23.0,0.0,SSW,2.5,Aotizhongxin,2013-08-12 02:00:00
3940,2013,8,12,3,55.0,17.0,2.2848,16.2187,362.5,28.851399999999998,23.8,999.2,22.9,0.0,WSW,1.2,Aotizhongxin,2013-08-12 03:00:00
3941,2013,8,12,4,52.0,52.0,3.0,14.5763,300.0,29.0,23.6,999.1,23.1,0.0,SW,0.9,Aotizhongxin,2013-08-12 04:00:00
3942,2013,8,12,5,52.0,20.0,3.0,12.9339,314.2857142857143,48.4092,23.8,998.9,23.5,0.0,WNW,0.4,Aotizhongxin,2013-08-12 05:00:00
3943,2013,8,12,6,47.0,20.0,3.0,13.0,328.57142857142856,42.1974,24.1,999.2,23.4,0.0,W,1.1,Aotizhongxin,2013-08-12 06:00:00
3944,2013,8,12,7,41.0,9.0,1.428,23.4042,342.85714285714283,43.6968,24.5,1000.1,23.3,0.0,WSW,1.4,Aotizhongxin,2013-08-12 07:00:00
3945,2013,8,12,8,41.0,9.0,3.0,24.0,357.14285714285717,41.9832,25.4,1000.6,23.5,0.0,WSW,2.2,Aotizhongxin,2013-08-12 08:00:00
3946,2013,8,12,9,30.0,42.0,4.8552,37.35455,371.42857142857144,25.9182,26.6,1000.4,23.3,0.0,SSW,1.3,Aotizhongxin,2013-08-12 09:00:00
3947,2013,8,12,10,30.0,43.0,5.0,50.7091,385.7142857142857,44.3394,28.2,1000.1,23.6,0.0,WSW,1.9,Aotizhongxin,2013-08-12 10:00:00
3948,2013,8,12,11,46.0,31.0,4.0,47.0,400.0,67.0,29.1,999.9,23.5,0.0,SW,1.5,Aotizhongxin,2013-08-12 11:00:00
3949,2013,8,12,12,46.0,18.0,4.0,47.0,400.0,97.0,29.8,999.4,23.3,0.0,WSW,2.1,Aotizhongxin,2013-08-12 12:00:00
3950,2013,8,12,13,28.0,45.0,3.0,40.0,400.0,121.0,30.0,999.3,23.7,0.0,SSW,2.7,Aotizhongxin,2013-08-12 13:00:00
3951,2013,8,12,14,34.0,38.0,4.0,41.0,400.0,148.0,30.3,998.6,23.7,0.0,SE,1.9,Aotizhongxin,2013-08-12 14:00:00
3952,2013,8,12,15,49.0,59.0,3.0,41.0,400.0,146.0,30.6,998.4,24.0,0.0,SW,1.7,Aotizhongxin,2013-08-12 15:00:00
3953,2013,8,12,16,47.0,57.0,3.0,41.0,400.0,126.0,29.4,998.1,23.8,0.0,SW,2.2,Aotizhongxin,2013-08-12 16:00:00
3954,2013,8,12,17,37.0,38.0,3.0,42.0,400.0,125.0,28.9,998.1,24.0,0.0,SW,2.0,Aotizhongxin,2013-08-12 17:00:00
3955,2013,8,12,18,47.0,57.0,3.0,50.0,400.0,108.0,28.3,998.7,24.1,0.0,SW,1.3,Aotizhongxin,2013-08-12 18:00:00
3956,2013,8,12,19,49.0,52.0,3.0,48.0,400.0,115.0,28.2,999.1,24.4,0.0,SW,1.4,Aotizhongxin,2013-08-12 19:00:00
3957,2013,8,12,20,54.0,58.0,3.0,58.0,500.0,96.0,28.0,999.7,23.8,0.0,SW,2.4,Aotizhongxin,2013-08-12 20:00:00
3958,2013,8,12,21,59.0,79.0,3.0,54.0,600.0,80.0,27.5,1000.1,24.4,0.0,S,1.1,Aotizhongxin,2013-08-12 21:00:00
3959,2013,8,12,22,70.0,86.0,3.0,59.0,700.0,63.0,27.0,999.2,24.3,0.0,SSW,0.9,Aotizhongxin,2013-08-12 22:00:00
3960,2013,8,12,23,84.0,97.0,4.0,62.0,800.0,49.0,26.3,999.8,24.0,0.0,WSW,1.5,Aotizhongxin,2013-08-12 23:00:00
3961,2013,8,13,0,94.0,95.0,4.0,64.0,800.0,43.0,25.7,1000.0,23.7,0.0,WSW,1.0,Aotizhongxin,2013-08-13 00:00:00
3962,2013,8,13,1,102.0,104.0,3.0,67.0,800.0,30.0,25.5,1000.3,23.7,0.0,SSW,1.1,Aotizhongxin,2013-08-13 01:00:00
3963,2013,8,13,2,92.0,96.0,3.0,72.0,800.0,22.0,25.3,1000.5,23.7,0.0,SW,1.5,Aotizhongxin,2013-08-13 02:00:00
3964,2013,8,13,3,103.0,96.0,5.0,64.0,800.0,35.0,25.8,1000.8,23.8,0.0,SW,1.9,Aotizhongxin,2013-08-13 03:00:00
3965,2013,8,13,4,94.0,77.0,5.0,59.0,700.0,31.0,25.5,1000.1,23.7,0.0,S,0.8,Aotizhongxin,2013-08-13 04:00:00
3966,2013,8,13,5,80.0,55.0,4.0,47.0,700.0,28.0,24.9,1000.3,23.9,0.0,S,0.8,Aotizhongxin,2013-08-13 05:00:00
3967,2013,8,13,6,86.0,50.0,6.0,50.0,800.0,23.0,25.7,1000.2,24.3,0.0,SE,0.0,Aotizhongxin,2013-08-13 06:00:00
3968,2013,8,13,7,86.0,68.0,6.0,50.0,900.0,13.0,26.7,1000.5,24.5,0.0,WSW,1.3,Aotizhongxin,2013-08-13 07:00:00
3969,2013,8,13,8,67.0,83.0,9.0,68.0,1000.0,18.0,27.6,1000.2,24.4,0.0,WSW,1.9,Aotizhongxin,2013-08-13 08:00:00
3970,2013,8,13,9,70.0,81.0,13.0,69.0,1000.0,40.0,29.3,999.7,24.6,0.0,WNW,1.0,Aotizhongxin,2013-08-13 09:00:00
3971,2013,8,13,10,97.0,81.0,14.0,72.0,1000.0,65.0,30.6,999.6,24.5,0.0,S,1.1,Aotizhongxin,2013-08-13 10:00:00
3972,2013,8,13,11,73.0,42.0,12.0,54.0,800.0,109.0,30.5,998.8,24.6,0.0,WSW,1.5,Aotizhongxin,2013-08-13 11:00:00
3973,2013,8,13,12,75.0,78.0,12.0,47.0,800.0,137.0,31.7,998.5,24.6,0.0,SSE,0.8,Aotizhongxin,2013-08-13 12:00:00
3974,2013,8,13,13,95.0,108.0,14.0,67.0,1100.0,134.0,31.9,998.2,24.8,0.0,SSW,0.9,Aotizhongxin,2013-08-13 13:00:00
3975,2013,8,13,14,80.0,63.0,11.0,37.0,700.0,190.0,32.5,997.6,24.8,0.0,WSW,2.3,Aotizhongxin,2013-08-13 14:00:00
3976,2013,8,13,15,69.0,87.0,11.0,39.0,700.0,185.0,32.4,997.4,25.0,0.0,SW,2.0,Aotizhongxin,2013-08-13 15:00:00
3977,2013,8,13,16,87.0,104.0,11.0,41.0,700.0,177.0,31.5,997.5,25.4,0.0,SW,1.5,Aotizhongxin,2013-08-13 16:00:00
3978,2013,8,13,17,94.0,141.0,9.0,48.0,700.0,157.0,30.8,997.5,24.9,0.0,SW,1.8,Aotizhongxin,2013-08-13 17:00:00
3979,2013,8,13,18,103.0,115.0,9.0,42.0,700.0,150.0,30.2,998.0,25.0,0.0,SW,2.5,Aotizhongxin,2013-08-13 18:00:00
3980,2013,8,13,19,104.0,116.0,8.0,48.0,800.0,142.0,29.8,998.5,24.9,0.0,SW,2.1,Aotizhongxin,2013-08-13 19:00:00
3981,2013,8,13,20,102.0,129.0,8.0,49.0,900.0,135.0,28.9,999.8,25.3,0.0,SW,1.0,Aotizhongxin,2013-08-13 20:00:00
3982,2013,8,13,21,108.0,117.0,8.0,55.0,1000.0,118.0,28.0,1000.1,25.4,0.0,NNE,1.1,Aotizhongxin,2013-08-13 21:00:00
3983,2013,8,13,22,101.0,118.0,8.0,48.0,1000.0,114.0,26.9,998.1,19.3,0.0,SW,2.7,Aotizhongxin,2013-08-13 22:00:00
3984,2013,8,13,23,30.0,118.0,5.0,40.0,500.0,117.0,26.5,997.9,21.5,0.0,WSW,1.4,Aotizhongxin,2013-08-13 23:00:00
3985,2013,8,14,0,29.0,52.0,3.0,52.0,500.0,100.0,25.8,997.8,22.7,0.0,NE,1.0,Aotizhongxin,2013-08-14 00:00:00
3986,2013,8,14,1,50.0,98.0,3.0,83.0,600.0,54.0,26.2,998.7,22.5,0.0,E,1.0,Aotizhongxin,2013-08-14 01:00:00
3987,2013,8,14,2,47.0,74.0,4.0,105.0,700.0,21.0,25.7,997.6,22.2,0.0,NE,1.4,Aotizhongxin,2013-08-14 02:00:00
3988,2013,8,14,3,40.0,57.0,3.0,116.0,700.0,4.0,25.0,998.2,23.1,0.0,NE,0.5,Aotizhongxin,2013-08-14 03:00:00
3989,2013,8,14,4,50.0,84.0,3.0,121.0,700.0,2.0,24.5,999.1,22.9,0.0,N,0.4,Aotizhongxin,2013-08-14 04:00:00
3990,2013,8,14,5,60.0,79.0,5.0,117.0,700.0,3.0,23.9,999.8,22.5,0.0,SW,1.7,Aotizhongxin,2013-08-14 05:00:00
3991,2013,8,14,6,54.0,67.0,5.0,114.0,700.0,2.0,24.7,999.8,23.1,0.0,N,0.0,Aotizhongxin,2013-08-14 06:00:00
3992,2013,8,14,7,59.0,90.0,4.0,106.0,700.0,2.0,26.2,999.8,23.1,0.0,WSW,1.1,Aotizhongxin,2013-08-14 07:00:00
3993,2013,8,14,8,36.0,54.0,3.0,78.0,600.0,42.0,28.4,999.5,24.0,0.0,NNE,2.1,Aotizhongxin,2013-08-14 08:00:00
3994,2013,8,14,9,52.0,87.0,6.0,94.0,800.0,32.0,30.2,999.1,24.1,0.0,E,1.3,Aotizhongxin,2013-08-14 09:00:00
3995,2013,8,14,10,71.0,113.0,7.0,91.0,900.0,51.0,31.3,998.7,25.2,0.0,E,1.3,Aotizhongxin,2013-08-14 10:00:00
3996,2013,8,14,11,90.0,100.0,8.0,88.0,900.0,94.0,32.6,998.4,24.4,0.0,ENE,1.0,Aotizhongxin,2013-08-14 11:00:00
3997,2013,8,14,12,91.0,129.0,8.0,97.0,1000.0,132.0,33.4,997.7,24.3,0.0,SSE,0.6,Aotizhongxin,2013-08-14 12:00:00
3998,2013,8,14,13,85.0,89.0,9.0,83.0,900.0,197.0,33.7,997.7,25.1,0.0,SSW,1.8,Aotizhongxin,2013-08-14 13:00:00
3999,2013,8,14,14,64.0,68.0,11.0,46.0,600.0,243.0,33.0,997.4,25.5,0.0,SSW,2.1,Aotizhongxin,2013-08-14 14:00:00
4000,2013,8,14,15,50.0,100.0,11.0,39.0,600.0,190.0,32.1,997.1,26.2,0.0,S,1.9,Aotizhongxin,2013-08-14 15:00:00
4001,2013,8,14,16,71.0,114.0,11.0,37.0,600.0,172.0,31.9,997.6,26.2,0.0,SSW,2.3,Aotizhongxin,2013-08-14 16:00:00
4002,2013,8,14,17,84.0,95.0,9.0,40.0,600.0,171.0,31.1,997.4,26.1,0.0,SW,2.0,Aotizhongxin,2013-08-14 17:00:00
4003,2013,8,14,18,86.0,106.0,9.0,40.0,700.0,158.0,30.2,997.8,25.9,0.0,SW,3.4,Aotizhongxin,2013-08-14 18:00:00
4004,2013,8,14,19,87.0,124.0,7.0,57.0,700.0,133.0,29.8,998.2,26.2,0.0,SW,1.2,Aotizhongxin,2013-08-14 19:00:00
4005,2013,8,14,20,91.0,113.0,6.0,47.0,700.0,139.0,29.8,998.5,26.2,0.0,SSW,1.6,Aotizhongxin,2013-08-14 20:00:00
4006,2013,8,14,21,91.0,113.0,6.0,47.0,700.0,136.0,29.8,998.3,26.0,0.0,SSW,1.7,Aotizhongxin,2013-08-14 21:00:00
4007,2013,8,14,22,93.0,100.0,6.0,50.0,700.0,122.0,29.7,998.2,25.7,0.0,SSW,1.6,Aotizhongxin,2013-08-14 22:00:00
4008,2013,8,14,23,88.0,100.0,5.0,51.0,700.0,112.0,29.0,998.2,25.6,0.0,SW,1.6,Aotizhongxin,2013-08-14 23:00:00
4009,2013,8,15,0,79.0,70.0,6.0,59.0,700.0,91.0,28.1,997.9,25.7,0.0,SSW,1.0,Aotizhongxin,2013-08-15 00:00:00
4010,2013,8,15,1,80.0,84.0,7.0,59.0,600.0,86.0,27.8,998.1,25.8,0.0,WSW,1.1,Aotizhongxin,2013-08-15 01:00:00
4011,2013,8,15,2,79.0,84.0,7.0,54.0,600.0,81.0,27.6,998.1,26.0,0.0,SW,1.2,Aotizhongxin,2013-08-15 02:00:00
4012,2013,8,15,3,80.0,93.0,6.0,40.0,550.0,57.5,27.1,997.4,25.9,0.0,NW,0.4,Aotizhongxin,2013-08-15 03:00:00
4013,2013,8,15,4,88.0,94.0,8.0,40.0,500.0,34.0,27.3,997.8,26.4,0.0,WSW,0.9,Aotizhongxin,2013-08-15 04:00:00
4014,2013,8,15,5,81.0,87.0,6.0,53.0,600.0,38.0,27.2,997.7,26.3,0.0,ESE,0.5,Aotizhongxin,2013-08-15 05:00:00
4015,2013,8,15,6,87.0,109.0,6.0,96.0,800.0,2.0,27.4,998.1,26.3,0.0,NW,0.9,Aotizhongxin,2013-08-15 06:00:00
4016,2013,8,15,7,77.0,81.0,6.0,75.0,800.0,2.0,28.3,998.5,26.5,0.0,SW,1.2,Aotizhongxin,2013-08-15 07:00:00
4017,2013,8,15,8,92.0,120.0,6.0,74.0,900.0,8.0,29.3,998.3,26.5,0.0,NE,1.3,Aotizhongxin,2013-08-15 08:00:00
4018,2013,8,15,9,105.0,138.0,6.0,87.0,1100.0,14.0,30.4,998.4,26.8,0.0,NNE,1.3,Aotizhongxin,2013-08-15 09:00:00
4019,2013,8,15,10,123.0,166.0,8.0,114.0,1800.0,8.0,31.4,997.9,26.7,0.0,NE,0.8,Aotizhongxin,2013-08-15 10:00:00
4020,2013,8,15,11,126.0,155.0,8.0,102.0,1400.0,45.0,32.0,997.5,26.5,0.0,SE,0.9,Aotizhongxin,2013-08-15 11:00:00
4021,2013,8,15,12,113.0,133.0,9.0,83.0,1400.0,97.0,32.6,997.2,26.7,0.0,NE,1.5,Aotizhongxin,2013-08-15 12:00:00
4022,2013,8,15,13,121.0,133.0,9.0,80.0,1100.0,124.0,32.5,996.4,27.0,0.0,SW,1.4,Aotizhongxin,2013-08-15 13:00:00
4023,2013,8,15,14,116.0,126.0,10.0,39.0,900.0,186.0,32.8,996.2,26.1,0.0,WSW,1.5,Aotizhongxin,2013-08-15 14:00:00
4024,2013,8,15,15,127.0,142.0,12.0,46.0,1000.0,192.0,33.2,995.6,26.2,0.0,SW,1.5,Aotizhongxin,2013-08-15 15:00:00
4025,2013,8,15,16,128.0,149.0,15.0,48.0,1400.0,217.0,32.2,995.8,26.3,0.0,SSE,1.2,Aotizhongxin,2013-08-15 16:00:00
4026,2013,8,15,17,126.0,143.0,14.0,54.0,1400.0,197.0,31.8,995.9,26.4,0.0,WSW,1.6,Aotizhongxin,2013-08-15 17:00:00
4027,2013,8,15,18,145.0,176.0,14.0,41.0,1200.0,171.0,30.9,996.1,26.4,0.0,SW,1.1,Aotizhongxin,2013-08-15 18:00:00
4028,2013,8,15,19,164.0,201.0,11.0,46.0,1200.0,152.0,29.9,996.0,26.7,0.0,NW,0.8,Aotizhongxin,2013-08-15 19:00:00
4029,2013,8,15,20,177.0,195.0,10.0,51.0,1200.0,122.0,29.5,996.0,26.9,0.0,SW,1.2,Aotizhongxin,2013-08-15 20:00:00
4030,2013,8,15,21,186.0,205.0,8.0,45.0,1200.0,107.0,29.4,995.6,27.0,0.0,SSW,0.8,Aotizhongxin,2013-08-15 21:00:00
4031,2013,8,15,22,206.0,237.0,7.0,49.0,1300.0,84.0,28.8,995.0,27.2,0.0,SE,0.0,Aotizhongxin,2013-08-15 22:00:00
4032,2013,8,15,23,206.0,210.0,7.0,38.0,1300.0,48.0,28.5,994.5,27.3,0.0,W,0.9,Aotizhongxin,2013-08-15 23:00:00
4033,2013,8,16,0,197.0,210.0,8.0,43.0,1300.0,40.0,29.1,993.5,25.1,0.0,SSW,3.0,Aotizhongxin,2013-08-16 00:00:00
4034,2013,8,16,1,113.0,210.0,8.0,35.0,800.0,63.0,28.2,992.6,25.6,0.0,SW,1.0,Aotizhongxin,2013-08-16 01:00:00
4035,2013,8,16,2,62.0,29.0,6.0,31.0,600.0,62.0,28.0,993.1,26.2,0.0,SSE,0.5,Aotizhongxin,2013-08-16 02:00:00
4036,2013,8,16,3,76.0,43.0,6.0,41.0,700.0,40.0,27.5,992.6,26.3,0.0,WSW,0.9,Aotizhongxin,2013-08-16 03:00:00
4037,2013,8,16,4,66.0,5.0,5.0,35.0,600.0,44.0,27.1,992.2,26.0,0.0,NNW,0.4,Aotizhongxin,2013-08-16 04:00:00
4038,2013,8,16,5,47.0,53.0,4.0,44.0,700.0,30.0,27.3,992.2,25.7,0.0,NE,0.7,Aotizhongxin,2013-08-16 05:00:00
4039,2013,8,16,6,68.0,53.0,4.0,52.0,700.0,16.0,27.4,991.8,25.0,0.0,NE,1.3,Aotizhongxin,2013-08-16 06:00:00
4040,2013,8,16,7,56.0,63.0,5.0,54.0,700.0,14.0,27.4,991.8,25.2,0.0,N,1.2,Aotizhongxin,2013-08-16 07:00:00
4041,2013,8,16,8,56.0,63.0,5.0,54.0,900.0,10.0,27.6,992.2,25.0,0.0,NE,2.1,Aotizhongxin,2013-08-16 08:00:00
4042,2013,8,16,9,87.0,118.0,7.0,72.0,1100.0,2.0,28.1,992.2,25.5,0.0,NE,1.5,Aotizhongxin,2013-08-16 09:00:00
4043,2013,8,16,10,93.0,127.0,8.0,68.0,1400.0,2.0,29.5,991.9,26.1,0.0,NE,2.2,Aotizhongxin,2013-08-16 10:00:00
4044,2013,8,16,11,105.0,118.0,8.0,61.0,1100.0,18.0,31.1,991.4,26.4,0.0,SW,0.4,Aotizhongxin,2013-08-16 11:00:00
4045,2013,8,16,12,127.0,169.0,8.0,43.0,1000.0,65.0,32.5,991.0,27.3,0.0,SW,0.8,Aotizhongxin,2013-08-16 12:00:00
4046,2013,8,16,13,146.0,169.0,8.0,36.0,1000.0,114.0,32.4,991.2,27.2,0.0,WSW,1.1,Aotizhongxin,2013-08-16 13:00:00
4047,2013,8,16,14,159.0,184.0,9.0,42.0,1200.0,138.0,32.3,991.0,27.5,0.0,ENE,1.2,Aotizhongxin,2013-08-16 14:00:00
4048,2013,8,16,15,164.0,223.0,8.0,55.0,1600.0,121.0,31.6,990.8,27.5,0.0,N,0.6,Aotizhongxin,2013-08-16 15:00:00
4049,2013,8,16,16,168.0,228.0,9.0,70.0,2000.0,91.0,31.1,991.0,27.7,0.0,ESE,0.7,Aotizhongxin,2013-08-16 16:00:00
4050,2013,8,16,17,183.0,240.0,10.0,95.0,1800.0,64.0,30.7,991.1,28.5,0.0,NE,0.1,Aotizhongxin,2013-08-16 17:00:00
4051,2013,8,16,18,182.0,268.0,11.0,136.0,1900.0,12.0,30.4,991.8,27.8,0.0,NNE,0.9,Aotizhongxin,2013-08-16 18:00:00
4052,2013,8,16,19,177.0,241.0,11.0,127.0,2400.0,4.0,29.7,992.1,27.5,0.0,NE,1.3,Aotizhongxin,2013-08-16 19:00:00
4053,2013,8,16,20,187.0,226.0,11.0,120.0,3300.0,2.0,29.4,993.2,27.8,0.0,NNE,1.0,Aotizhongxin,2013-08-16 20:00:00
4054,2013,8,16,21,185.0,233.0,11.0,103.0,1700.0,2.0,28.7,993.0,27.8,1.1,NNE,0.9,Aotizhongxin,2013-08-16 21:00:00
4055,2013,8,16,22,177.0,228.0,13.0,98.0,1700.0,2.0,28.3,992.6,27.8,0.0,ENE,0.5,Aotizhongxin,2013-08-16 22:00:00
4056,2013,8,16,23,155.0,168.0,13.0,87.0,1600.0,2.0,28.3,992.8,27.8,0.0,NNE,1.0,Aotizhongxin,2013-08-16 23:00:00
4057,2013,8,17,0,182.0,195.0,13.0,82.0,1700.0,2.0,28.1,992.5,27.6,0.0,NE,1.3,Aotizhongxin,2013-08-17 00:00:00
4058,2013,8,17,1,158.0,171.0,13.0,72.0,1600.0,2.0,27.5,992.6,26.8,0.0,ENE,0.7,Aotizhongxin,2013-08-17 01:00:00
4059,2013,8,17,2,181.0,171.0,12.0,64.0,1300.0,2.0,26.4,992.8,25.7,0.0,N,0.0,Aotizhongxin,2013-08-17 02:00:00
4060,2013,8,17,3,111.0,111.0,12.0,74.0,900.0,2.0,25.4,993.2,21.7,0.0,N,0.8,Aotizhongxin,2013-08-17 03:00:00
4061,2013,8,17,4,39.0,39.0,10.0,93.0,500.0,2.0,26.8,993.8,17.8,0.0,N,1.3,Aotizhongxin,2013-08-17 04:00:00
4062,2013,8,17,5,24.0,24.0,17.0,72.0,400.0,14.0,28.6,994.7,15.8,0.0,NNW,2.5,Aotizhongxin,2013-08-17 05:00:00
4063,2013,8,17,6,18.0,18.0,16.0,50.0,300.0,23.0,28.7,995.8,16.6,0.0,NNW,1.8,Aotizhongxin,2013-08-17 06:00:00
4064,2013,8,17,7,19.0,41.0,19.0,46.0,400.0,27.0,29.5,995.9,18.0,0.0,NNE,0.8,Aotizhongxin,2013-08-17 07:00:00
4065,2013,8,17,8,19.0,45.0,22.0,41.0,400.0,33.0,32.4,996.3,15.8,0.0,N,1.5,Aotizhongxin,2013-08-17 08:00:00
4066,2013,8,17,9,25.0,53.0,18.0,40.0,400.0,41.0,33.6,996.3,13.6,0.0,NW,2.2,Aotizhongxin,2013-08-17 09:00:00
4067,2013,8,17,10,23.0,80.0,17.0,40.0,600.0,48.0,34.5,996.6,13.9,0.0,NNE,2.1,Aotizhongxin,2013-08-17 10:00:00
4068,2013,8,17,11,32.0,84.0,19.0,36.0,400.0,62.0,34.3,996.6,15.2,0.0,W,1.4,Aotizhongxin,2013-08-17 11:00:00
4069,2013,8,17,12,32.0,84.0,19.0,36.0,400.0,86.0,35.7,996.1,13.8,0.0,N,3.3,Aotizhongxin,2013-08-17 12:00:00
4070,2013,8,17,13,25.0,94.0,6.0,20.0,300.0,110.0,36.3,996.0,14.3,0.0,N,3.6,Aotizhongxin,2013-08-17 13:00:00
4071,2013,8,17,14,26.0,80.0,10.0,21.0,300.0,114.0,35.5,995.7,14.7,0.0,W,2.3,Aotizhongxin,2013-08-17 14:00:00
4072,2013,8,17,15,20.0,57.0,11.0,22.0,300.0,115.0,35.7,996.0,14.4,0.0,W,1.7,Aotizhongxin,2013-08-17 15:00:00
4073,2013,8,17,16,17.0,46.0,9.0,19.0,300.0,114.0,35.6,996.1,14.3,0.0,NW,1.2,Aotizhongxin,2013-08-17 16:00:00
4074,2013,8,17,17,13.0,33.0,8.0,21.0,400.0,108.0,34.2,996.1,12.5,0.0,NNW,1.8,Aotizhongxin,2013-08-17 17:00:00
4075,2013,8,17,18,10.0,18.0,7.0,28.0,400.0,99.0,32.1,997.2,12.8,0.0,N,0.9,Aotizhongxin,2013-08-17 18:00:00
4076,2013,8,17,19,11.0,32.0,6.0,41.0,500.0,80.0,28.7,997.7,15.6,0.0,NNW,0.8,Aotizhongxin,2013-08-17 19:00:00
4077,2013,8,17,20,14.0,33.0,5.0,46.0,400.0,61.0,26.3,998.4,16.5,0.0,NE,0.4,Aotizhongxin,2013-08-17 20:00:00
4078,2013,8,17,21,12.0,21.0,4.0,41.0,400.0,59.0,25.2,999.0,15.2,0.0,NW,0.0,Aotizhongxin,2013-08-17 21:00:00
4079,2013,8,17,22,14.0,39.0,5.0,67.0,400.0,24.0,27.9,999.3,13.4,0.0,NE,0.9,Aotizhongxin,2013-08-17 22:00:00
4080,2013,8,17,23,20.0,46.0,5.0,76.0,400.0,10.0,24.9,999.8,15.2,0.0,NE,1.4,Aotizhongxin,2013-08-17 23:00:00
4081,2013,8,18,0,15.0,20.0,5.0,53.0,300.0,31.0,26.3,999.8,14.1,0.0,NNE,0.7,Aotizhongxin,2013-08-18 00:00:00
4082,2013,8,18,1,10.0,24.0,4.0,35.0,300.0,48.0,25.2,1000.5,14.0,0.0,NE,1.9,Aotizhongxin,2013-08-18 01:00:00
4083,2013,8,18,2,9.0,20.0,4.0,36.0,300.0,39.0,24.3,1001.3,14.7,0.0,N,1.3,Aotizhongxin,2013-08-18 02:00:00
4084,2013,8,18,3,10.0,14.0,5.0,33.0,250.0,27.0,23.3,1001.8,16.1,0.0,NNW,0.6,Aotizhongxin,2013-08-18 03:00:00
4085,2013,8,18,4,4.0,18.0,6.0,33.0,200.0,15.0,22.5,1002.3,16.8,0.0,ENE,0.2,Aotizhongxin,2013-08-18 04:00:00
4086,2013,8,18,5,8.0,14.0,3.0,50.0,400.0,16.0,22.5,1003.1,16.1,0.0,E,1.1,Aotizhongxin,2013-08-18 05:00:00
4087,2013,8,18,6,15.0,36.0,6.0,70.0,900.0,2.0,24.9,1003.7,17.1,0.0,NE,1.6,Aotizhongxin,2013-08-18 06:00:00
4088,2013,8,18,7,14.0,56.0,5.0,62.0,400.0,3.0,26.5,1004.0,17.6,0.0,NE,1.1,Aotizhongxin,2013-08-18 07:00:00
4089,2013,8,18,8,15.0,40.0,8.0,44.0,500.0,21.0,29.9,1004.2,16.3,0.0,ENE,1.5,Aotizhongxin,2013-08-18 08:00:00
4090,2013,8,18,9,12.0,45.0,7.0,40.0,500.0,32.0,31.7,1004.0,15.2,0.0,NNE,2.7,Aotizhongxin,2013-08-18 09:00:00
4091,2013,8,18,10,6.0,33.0,7.0,31.0,500.0,57.0,32.8,1003.8,13.9,0.0,NE,3.3,Aotizhongxin,2013-08-18 10:00:00
4092,2013,8,18,11,13.0,33.0,5.0,24.0,400.0,82.0,33.4,1003.5,13.5,0.0,N,3.1,Aotizhongxin,2013-08-18 11:00:00
4093,2013,8,18,12,5.0,5.0,4.0,16.0,400.0,91.0,33.9,1003.0,13.9,0.0,N,2.9,Aotizhongxin,2013-08-18 12:00:00
4094,2013,8,18,13,3.0,6.0,5.0,17.0,400.0,99.0,34.3,1002.5,13.7,0.0,NNW,2.9,Aotizhongxin,2013-08-18 13:00:00
4095,2013,8,18,14,3.0,23.0,7.0,21.0,400.0,112.0,35.0,1001.7,13.8,0.0,NNW,2.3,Aotizhongxin,2013-08-18 14:00:00
4096,2013,8,18,15,8.0,10.0,6.0,17.0,400.0,124.0,34.7,1001.2,15.6,0.0,WSW,1.4,Aotizhongxin,2013-08-18 15:00:00
4097,2013,8,18,16,10.0,10.0,7.0,16.0,400.0,136.0,34.8,1001.1,14.1,0.0,WSW,1.4,Aotizhongxin,2013-08-18 16:00:00
4098,2013,8,18,17,13.0,22.0,8.0,20.0,400.0,136.0,33.0,1001.3,19.5,0.0,WSW,2.1,Aotizhongxin,2013-08-18 17:00:00
4099,2013,8,18,18,13.0,51.0,7.0,26.0,400.0,131.0,30.4,1002.1,17.5,0.0,SW,2.1,Aotizhongxin,2013-08-18 18:00:00
4100,2013,8,18,19,20.0,72.0,5.0,43.0,400.0,153.0,28.8,1002.9,18.0,0.0,SSW,0.9,Aotizhongxin,2013-08-18 19:00:00
4101,2013,8,18,20,21.0,45.0,5.0,48.0,500.0,139.0,27.4,1003.5,19.2,0.0,W,0.4,Aotizhongxin,2013-08-18 20:00:00
4102,2013,8,18,21,24.0,75.0,5.0,51.0,500.0,124.0,25.1,1004.0,20.4,0.0,W,0.6,Aotizhongxin,2013-08-18 21:00:00
4103,2013,8,18,22,25.0,58.0,6.0,70.0,500.0,94.0,24.0,1004.3,20.3,0.0,N,0.5,Aotizhongxin,2013-08-18 22:00:00
4104,2013,8,18,23,27.0,95.0,6.0,84.0,600.0,70.0,23.1,1004.8,19.3,0.0,ENE,0.5,Aotizhongxin,2013-08-18 23:00:00
4105,2013,8,19,0,30.0,110.0,6.0,103.0,600.0,12.0,22.5,1004.5,19.7,0.0,NNE,0.9,Aotizhongxin,2013-08-19 00:00:00
4106,2013,8,19,1,34.0,63.0,6.0,117.0,600.0,2.0,22.0,1004.7,19.5,0.0,E,0.5,Aotizhongxin,2013-08-19 01:00:00
4107,2013,8,19,2,28.0,39.0,7.0,116.0,500.0,2.0,22.2,1004.7,18.6,0.0,NE,1.2,Aotizhongxin,2013-08-19 02:00:00
4108,2013,8,19,3,25.0,63.0,6.0,110.0,500.0,2.0,21.7,1004.8,18.1,0.0,NE,1.2,Aotizhongxin,2013-08-19 03:00:00
4109,2013,8,19,4,23.0,41.0,5.0,102.0,400.0,2.0,21.4,1004.9,17.8,0.0,NE,0.9,Aotizhongxin,2013-08-19 04:00:00
4110,2013,8,19,5,19.0,37.0,6.0,94.0,400.0,2.0,20.7,1005.3,17.9,0.0,NE,0.6,Aotizhongxin,2013-08-19 05:00:00
4111,2013,8,19,6,19.0,19.0,6.0,78.0,500.0,2.0,21.5,1005.9,17.9,0.0,NE,0.6,Aotizhongxin,2013-08-19 06:00:00
4112,2013,8,19,7,23.0,56.0,5.0,64.0,900.0,2.0,24.2,1006.4,17.0,0.0,NE,1.4,Aotizhongxin,2013-08-19 07:00:00
4113,2013,8,19,8,18.0,54.0,6.0,55.0,700.0,5.0,27.4,1006.6,16.7,0.0,NE,1.2,Aotizhongxin,2013-08-19 08:00:00
4114,2013,8,19,9,20.0,60.0,6.0,48.0,400.0,20.0,30.0,1006.5,16.4,0.0,NNE,1.2,Aotizhongxin,2013-08-19 09:00:00
4115,2013,8,19,10,17.0,36.0,5.0,45.0,500.0,44.0,31.4,1006.1,15.8,0.0,E,1.1,Aotizhongxin,2013-08-19 10:00:00
4116,2013,8,19,11,17.0,36.0,5.0,45.0,450.0,64.4742,32.9,1005.6,15.0,0.0,NE,2.0,Aotizhongxin,2013-08-19 11:00:00
4117,2013,8,19,12,10.0,30.0,6.0,36.0,400.0,94.0,33.7,1004.9,13.7,0.0,ENE,1.6,Aotizhongxin,2013-08-19 12:00:00
4118,2013,8,19,13,18.0,29.0,5.0,33.0,400.0,121.0,34.1,1004.3,10.7,0.0,SSW,1.1,Aotizhongxin,2013-08-19 13:00:00
4119,2013,8,19,14,12.0,29.0,4.0,21.0,400.0,133.0,35.2,1003.6,12.8,0.0,NNW,1.1,Aotizhongxin,2013-08-19 14:00:00
4120,2013,8,19,15,12.0,12.0,4.0,21.0,300.0,108.0,34.6,1003.2,11.7,0.0,NNE,1.3,Aotizhongxin,2013-08-19 15:00:00
4121,2013,8,19,16,9.0,37.0,5.0,13.0,300.0,127.0,34.1,1002.8,13.5,0.0,ESE,1.1,Aotizhongxin,2013-08-19 16:00:00
4122,2013,8,19,17,10.0,23.0,6.0,22.0,400.0,149.0,31.9,1002.8,19.2,0.0,S,0.8,Aotizhongxin,2013-08-19 17:00:00
4123,2013,8,19,18,10.0,34.0,5.0,32.0,400.0,151.0,30.0,1003.1,16.8,0.0,SW,1.6,Aotizhongxin,2013-08-19 18:00:00
4124,2013,8,19,19,26.0,102.0,7.0,66.0,600.0,153.0,30.1,1003.6,16.9,0.0,SW,1.9,Aotizhongxin,2013-08-19 19:00:00
4125,2013,8,19,20,27.0,69.0,7.0,47.0,500.0,137.0,28.5,1004.2,18.0,0.0,SW,2.1,Aotizhongxin,2013-08-19 20:00:00
4126,2013,8,19,21,27.0,48.0,7.0,53.0,600.0,105.0,26.4,1004.4,20.0,0.0,W,0.4,Aotizhongxin,2013-08-19 21:00:00
4127,2013,8,19,22,27.0,84.0,8.0,53.0,700.0,52.0,25.5,1004.3,19.4,0.0,SSW,0.7,Aotizhongxin,2013-08-19 22:00:00
4128,2013,8,19,23,33.0,98.0,7.0,72.0,700.0,69.0,24.3,1004.6,20.4,0.0,N,0.2,Aotizhongxin,2013-08-19 23:00:00
4129,2013,8,20,0,32.0,119.0,7.0,66.0,600.0,66.0,23.6,1004.4,19.9,0.0,NNE,0.6,Aotizhongxin,2013-08-20 00:00:00
4130,2013,8,20,1,36.0,77.0,9.0,68.0,700.0,58.0,23.0,1004.0,19.6,0.0,S,0.1,Aotizhongxin,2013-08-20 01:00:00
4131,2013,8,20,2,58.0,124.0,13.0,72.0,900.0,90.0,23.0,1004.1,18.3,0.0,NE,1.0,Aotizhongxin,2013-08-20 02:00:00
4132,2013,8,20,3,65.0,135.0,16.0,38.0,1000.0,155.0,22.9,1004.0,18.2,0.0,NE,0.9,Aotizhongxin,2013-08-20 03:00:00
4133,2013,8,20,4,68.0,116.0,15.0,47.0,1000.0,119.0,23.3,1004.6,18.8,0.0,NE,1.4,Aotizhongxin,2013-08-20 04:00:00
4134,2013,8,20,5,59.0,166.0,12.0,95.0,800.0,1.0,23.5,1005.2,19.2,0.0,NE,1.6,Aotizhongxin,2013-08-20 05:00:00
4135,2013,8,20,6,55.0,160.0,10.0,90.0,1000.0,1.0,23.8,1005.3,19.5,0.0,NNE,1.1,Aotizhongxin,2013-08-20 06:00:00
4136,2013,8,20,7,84.0,176.0,10.0,100.0,1200.0,1.0,25.7,1005.4,20.7,0.0,NE,1.9,Aotizhongxin,2013-08-20 07:00:00
4137,2013,8,20,8,131.0,253.0,16.0,113.0,1800.0,1.0,27.7,1005.5,21.7,0.0,E,1.0,Aotizhongxin,2013-08-20 08:00:00
4138,2013,8,20,9,160.0,211.0,20.0,103.0,2000.0,35.0,28.7,1005.3,21.7,0.0,NNW,1.7,Aotizhongxin,2013-08-20 09:00:00
4139,2013,8,20,10,161.0,181.0,27.0,84.0,1900.0,88.0,29.2,1004.4,21.9,0.0,NNE,1.2,Aotizhongxin,2013-08-20 10:00:00
4140,2013,8,20,11,153.0,179.0,29.0,75.0,1800.0,129.0,29.0,1003.9,22.2,0.0,NE,1.4,Aotizhongxin,2013-08-20 11:00:00
4141,2013,8,20,12,143.0,184.0,28.0,72.0,1800.0,148.0,29.4,1003.2,21.6,0.0,NE,0.6,Aotizhongxin,2013-08-20 12:00:00
4142,2013,8,20,13,135.0,160.0,27.0,56.0,1700.0,168.0,29.8,1002.7,21.2,0.0,SW,1.8,Aotizhongxin,2013-08-20 13:00:00
4143,2013,8,20,14,89.0,160.0,18.0,40.0,1000.0,178.0,29.6,1002.5,20.7,0.0,WSW,2.0,Aotizhongxin,2013-08-20 14:00:00
4144,2013,8,20,15,54.0,67.0,12.0,30.0,700.0,184.0,28.5,1002.3,22.3,0.0,WNW,1.5,Aotizhongxin,2013-08-20 15:00:00
4145,2013,8,20,16,61.0,79.0,15.0,32.0,700.0,179.0,26.9,1002.6,23.8,0.0,NNE,1.3,Aotizhongxin,2013-08-20 16:00:00
4146,2013,8,20,17,88.0,238.0,12.0,60.0,1100.0,126.0,26.4,1002.4,23.9,0.5,NNE,1.4,Aotizhongxin,2013-08-20 17:00:00
4147,2013,8,20,18,95.0,104.0,11.0,63.0,1200.0,106.0,25.0,1002.8,23.6,0.4,N,1.0,Aotizhongxin,2013-08-20 18:00:00
4148,2013,8,20,19,113.0,141.0,9.0,69.0,1300.0,84.0,24.5,1003.2,23.6,0.8,NNW,0.4,Aotizhongxin,2013-08-20 19:00:00
4149,2013,8,20,20,105.0,141.0,9.0,63.0,1400.0,84.0,24.1,1003.6,23.6,0.4,N,0.1,Aotizhongxin,2013-08-20 20:00:00
4150,2013,8,20,21,111.0,111.0,5.0,61.0,1300.0,38.0,24.1,1003.3,23.8,0.0,NE,0.6,Aotizhongxin,2013-08-20 21:00:00
4151,2013,8,20,22,91.0,111.0,5.0,58.0,1100.0,37.0,23.8,1003.0,23.3,0.2,NNE,1.2,Aotizhongxin,2013-08-20 22:00:00
4152,2013,8,20,23,82.0,107.0,5.0,83.0,1300.0,25.0,24.2,1003.0,23.9,0.2,E,0.0,Aotizhongxin,2013-08-20 23:00:00
4153,2013,8,21,0,114.0,118.0,6.0,70.0,1200.0,24.0,24.0,1002.9,23.5,0.0,NNE,0.7,Aotizhongxin,2013-08-21 00:00:00
4154,2013,8,21,1,143.0,118.0,6.0,80.0,1300.0,1.0,23.8,1003.2,23.5,0.0,NE,1.0,Aotizhongxin,2013-08-21 01:00:00
4155,2013,8,21,2,144.0,99.0,6.0,75.0,1400.0,1.0,23.5,1003.0,23.2,0.0,NE,0.9,Aotizhongxin,2013-08-21 02:00:00
4156,2013,8,21,3,135.0,69.0,4.0,39.0,1250.0,1.0,23.5,1003.0,23.2,0.0,NNE,0.8,Aotizhongxin,2013-08-21 03:00:00
4157,2013,8,21,4,141.0,70.0,6.0,39.0,1100.0,1.0,23.4,1002.8,23.1,0.0,NNE,0.6,Aotizhongxin,2013-08-21 04:00:00
4158,2013,8,21,5,136.0,84.0,3.0,63.0,1200.0,1.0,23.4,1002.8,23.1,0.1,NE,1.0,Aotizhongxin,2013-08-21 05:00:00
4159,2013,8,21,6,130.0,51.0,5.0,52.0,1100.0,11.0,23.1,1003.6,22.8,0.0,NE,1.1,Aotizhongxin,2013-08-21 06:00:00
4160,2013,8,21,7,102.0,104.0,5.0,55.0,1100.0,1.0,24.0,1003.8,23.1,0.0,NE,1.2,Aotizhongxin,2013-08-21 07:00:00
4161,2013,8,21,8,102.0,104.0,5.0,55.0,1100.0,1.0,25.7,1004.1,22.8,0.0,ENE,0.4,Aotizhongxin,2013-08-21 08:00:00
4162,2013,8,21,9,132.0,62.0,6.0,49.0,1100.0,30.0,26.2,1003.8,22.5,0.0,NNE,0.7,Aotizhongxin,2013-08-21 09:00:00
4163,2013,8,21,10,134.0,99.0,7.0,64.0,1300.0,26.0,26.9,1003.6,22.3,0.0,W,1.1,Aotizhongxin,2013-08-21 10:00:00
4164,2013,8,21,11,131.0,67.0,6.0,64.0,1100.0,38.0,27.6,1003.3,22.5,0.0,W,1.6,Aotizhongxin,2013-08-21 11:00:00
4165,2013,8,21,12,123.0,50.0,7.0,59.0,1100.0,60.0,28.2,1002.8,21.7,0.0,WSW,2.6,Aotizhongxin,2013-08-21 12:00:00
4166,2013,8,21,13,99.0,108.0,7.0,65.0,1200.0,80.0,29.7,1002.2,21.1,0.0,WSW,2.8,Aotizhongxin,2013-08-21 13:00:00
4167,2013,8,21,14,121.0,108.0,8.0,61.0,1100.0,110.0,30.2,1001.7,20.2,0.0,W,3.0,Aotizhongxin,2013-08-21 14:00:00
4168,2013,8,21,15,84.0,42.0,10.0,38.0,800.0,140.0,30.5,1000.7,19.8,0.0,SSW,1.8,Aotizhongxin,2013-08-21 15:00:00
4169,2013,8,21,16,72.0,35.0,11.0,32.0,700.0,155.0,30.0,1000.9,20.3,0.0,SW,3.0,Aotizhongxin,2013-08-21 16:00:00
4170,2013,8,21,17,47.0,52.0,15.0,36.0,700.0,159.0,28.8,1000.8,19.4,0.0,SW,2.3,Aotizhongxin,2013-08-21 17:00:00
4171,2013,8,21,18,75.0,93.0,17.0,37.0,700.0,162.0,27.0,1000.9,20.6,0.0,SW,2.1,Aotizhongxin,2013-08-21 18:00:00
4172,2013,8,21,19,53.0,53.0,18.0,40.0,700.0,136.0,26.4,1001.7,20.3,0.0,SW,1.3,Aotizhongxin,2013-08-21 19:00:00
4173,2013,8,21,20,73.0,112.0,16.0,46.0,700.0,112.0,24.7,1002.2,21.0,0.0,SW,1.4,Aotizhongxin,2013-08-21 20:00:00
4174,2013,8,21,21,81.0,146.0,12.0,49.0,700.0,93.0,24.0,1002.3,21.5,0.0,SW,0.1,Aotizhongxin,2013-08-21 21:00:00
4175,2013,8,21,22,93.0,125.0,11.0,58.0,800.0,65.0,22.7,1002.3,21.5,0.0,WSW,0.6,Aotizhongxin,2013-08-21 22:00:00
4176,2013,8,21,23,99.0,145.0,7.0,90.0,1000.0,21.0,22.3,1002.4,21.5,0.0,N,0.0,Aotizhongxin,2013-08-21 23:00:00
4177,2013,8,22,0,111.0,140.0,4.0,98.0,1100.0,4.0,21.9,1002.3,21.2,0.0,ENE,0.6,Aotizhongxin,2013-08-22 00:00:00
4178,2013,8,22,1,111.0,140.0,4.0,98.0,1050.0,1.2852,21.8,1002.4,20.8,0.0,NNE,0.8,Aotizhongxin,2013-08-22 01:00:00
4179,2013,8,22,2,114.0,120.0,7.0,95.0,1000.0,1.0,21.7,1002.5,20.7,0.0,NE,1.1,Aotizhongxin,2013-08-22 02:00:00
4180,2013,8,22,3,117.0,161.0,6.0,106.0,1000.0,1.0,21.6,1002.6,20.4,0.0,NE,1.7,Aotizhongxin,2013-08-22 03:00:00
4181,2013,8,22,4,130.0,187.0,7.0,94.0,1000.0,1.0,21.4,1002.9,20.6,0.0,NE,0.8,Aotizhongxin,2013-08-22 04:00:00
4182,2013,8,22,5,131.0,147.0,6.0,82.0,1000.0,1.0,21.5,1003.5,20.7,0.0,E,0.7,Aotizhongxin,2013-08-22 05:00:00
4183,2013,8,22,6,117.0,123.0,6.0,76.0,900.0,1.0,22.6,1003.8,21.1,0.0,ENE,1.0,Aotizhongxin,2013-08-22 06:00:00
4184,2013,8,22,7,133.0,123.0,7.0,71.0,1000.0,7.0,23.8,1004.2,21.5,0.0,NE,1.1,Aotizhongxin,2013-08-22 07:00:00
4185,2013,8,22,8,109.0,118.0,8.0,77.0,900.0,22.0,23.9,1004.6,21.8,0.0,E,0.9,Aotizhongxin,2013-08-22 08:00:00
4186,2013,8,22,9,127.0,143.0,8.0,94.0,1000.0,16.0,24.3,1004.5,21.8,0.0,NE,0.9,Aotizhongxin,2013-08-22 09:00:00
4187,2013,8,22,10,127.0,142.0,6.0,89.0,1200.0,18.0,24.2,1004.5,22.8,0.1,NNW,0.1,Aotizhongxin,2013-08-22 10:00:00
4188,2013,8,22,11,100.5,142.0,6.0,89.0,1200.0,12.852,24.3,1003.7,21.6,0.1,ENE,1.1,Aotizhongxin,2013-08-22 11:00:00
4189,2013,8,22,12,74.0,233.0,7.0,102.0,1200.0,21.0,24.8,1004.1,22.5,0.0,NNE,0.6,Aotizhongxin,2013-08-22 12:00:00
4190,2013,8,22,13,120.0,177.0,1.0,91.0,1200.0,27.0,25.5,1003.4,22.2,0.0,W,0.8,Aotizhongxin,2013-08-22 13:00:00
4191,2013,8,22,14,130.0,173.0,4.0,83.0,1200.0,38.0,25.6,1003.1,22.9,0.0,ENE,0.0,Aotizhongxin,2013-08-22 14:00:00
4192,2013,8,22,15,119.0,138.0,5.0,83.0,1300.0,41.0,25.4,1003.0,21.9,0.0,WSW,1.5,Aotizhongxin,2013-08-22 15:00:00
4193,2013,8,22,16,125.0,137.0,5.0,102.0,1400.0,23.0,25.8,1003.2,21.9,0.0,WSW,1.3,Aotizhongxin,2013-08-22 16:00:00
4194,2013,8,22,17,115.0,139.0,5.0,114.0,1300.0,14.0,25.4,1003.2,21.9,0.0,WSW,1.3,Aotizhongxin,2013-08-22 17:00:00
4195,2013,8,22,18,113.0,133.0,6.0,123.0,1300.0,16.0,24.7,1003.3,22.2,0.0,WSW,0.0,Aotizhongxin,2013-08-22 18:00:00
4196,2013,8,22,19,108.0,133.0,5.0,131.0,1200.0,62.0,23.9,1003.6,22.5,0.0,W,0.0,Aotizhongxin,2013-08-22 19:00:00
4197,2013,8,22,20,111.0,136.0,4.0,125.0,1200.0,52.0,23.5,1003.8,22.5,0.0,N,0.1,Aotizhongxin,2013-08-22 20:00:00
4198,2013,8,22,21,118.0,166.0,4.0,135.0,1500.0,19.0,23.5,1004.4,22.3,0.0,ENE,0.6,Aotizhongxin,2013-08-22 21:00:00
4199,2013,8,22,22,129.0,177.0,3.0,171.0,1600.0,1.0,23.2,1004.0,21.8,0.0,ENE,0.6,Aotizhongxin,2013-08-22 22:00:00
4200,2013,8,22,23,115.0,145.0,5.0,139.0,1300.0,1.0,23.2,1004.2,21.8,0.0,E,1.0,Aotizhongxin,2013-08-22 23:00:00
4201,2013,8,23,0,115.0,145.0,5.0,139.0,1100.0,1.0,22.8,1004.0,21.6,0.0,W,0.5,Aotizhongxin,2013-08-23 00:00:00
4202,2013,8,23,1,99.0,146.0,5.0,89.0,1100.0,1.0,22.6,1004.1,21.8,0.0,NW,0.1,Aotizhongxin,2013-08-23 01:00:00
4203,2013,8,23,2,104.0,155.0,6.0,85.0,1300.0,1.0,22.4,1004.0,21.7,0.0,NE,0.0,Aotizhongxin,2013-08-23 02:00:00
4204,2013,8,23,3,114.0,157.0,6.0,80.0,1500.0,1.0,22.4,1004.4,21.9,0.0,N,0.0,Aotizhongxin,2013-08-23 03:00:00
4205,2013,8,23,4,97.0,157.0,4.0,72.0,1400.0,1.0,22.3,1004.1,21.8,0.0,NE,1.0,Aotizhongxin,2013-08-23 04:00:00
4206,2013,8,23,5,79.0,81.0,4.0,62.0,800.0,1.0,22.1,1004.5,21.3,0.0,NE,1.2,Aotizhongxin,2013-08-23 05:00:00
4207,2013,8,23,6,98.0,112.0,4.0,65.0,900.0,1.0,22.2,1004.7,21.4,0.0,ESE,0.9,Aotizhongxin,2013-08-23 06:00:00
4208,2013,8,23,7,98.0,112.0,4.0,65.0,800.0,1.0,23.1,1005.1,20.8,0.0,NE,0.8,Aotizhongxin,2013-08-23 07:00:00
4209,2013,8,23,8,81.0,90.0,5.0,56.0,900.0,1.0,25.1,1005.0,21.0,0.0,NE,1.3,Aotizhongxin,2013-08-23 08:00:00
4210,2013,8,23,9,85.0,109.0,5.0,62.0,1100.0,1.0,27.4,1005.2,21.0,0.0,NE,1.8,Aotizhongxin,2013-08-23 09:00:00
4211,2013,8,23,10,71.0,105.0,11.0,69.0,1200.0,1.0,30.7,1005.0,19.4,0.0,NNE,1.2,Aotizhongxin,2013-08-23 10:00:00
4212,2013,8,23,11,62.0,107.0,17.0,71.0,900.0,16.0,32.8,1004.2,16.2,0.0,WNW,1.4,Aotizhongxin,2013-08-23 11:00:00
4213,2013,8,23,12,62.0,75.0,17.0,71.0,700.0,53.0,33.9,1003.3,12.3,0.0,ENE,2.2,Aotizhongxin,2013-08-23 12:00:00
4214,2013,8,23,13,20.0,23.0,12.0,29.0,600.0,92.0,34.6,1002.8,16.0,0.0,ESE,1.5,Aotizhongxin,2013-08-23 13:00:00
4215,2013,8,23,14,13.0,50.0,5.0,22.0,500.0,104.0,34.4,1002.2,13.3,0.0,ESE,1.4,Aotizhongxin,2013-08-23 14:00:00
4216,2013,8,23,15,5.0,9.0,6.0,22.0,400.0,120.0,34.8,1001.4,13.6,0.0,NE,1.5,Aotizhongxin,2013-08-23 15:00:00
4217,2013,8,23,16,12.0,16.0,8.0,21.0,400.0,124.0,33.9,1001.2,14.4,0.0,NNE,1.3,Aotizhongxin,2013-08-23 16:00:00
4218,2013,8,23,17,16.0,16.0,7.0,26.0,600.0,130.0,32.8,1001.5,20.0,0.0,W,0.4,Aotizhongxin,2013-08-23 17:00:00
4219,2013,8,23,18,14.0,26.0,6.0,40.0,800.0,118.0,28.0,1002.6,16.9,0.0,SW,1.1,Aotizhongxin,2013-08-23 18:00:00
4220,2013,8,23,19,18.0,49.0,3.0,64.0,500.0,89.0,25.7,1003.2,17.1,0.0,SW,0.7,Aotizhongxin,2013-08-23 19:00:00
4221,2013,8,23,20,20.0,50.0,3.0,74.0,600.0,75.0,23.7,1004.1,18.3,0.0,WSW,0.2,Aotizhongxin,2013-08-23 20:00:00
4222,2013,8,23,21,28.0,77.0,4.0,109.0,700.0,51.0,22.9,1004.0,18.4,0.0,SW,0.6,Aotizhongxin,2013-08-23 21:00:00
4223,2013,8,23,22,32.0,82.0,4.0,129.0,700.0,25.0,22.9,1004.1,18.2,0.0,WSW,0.2,Aotizhongxin,2013-08-23 22:00:00
4224,2013,8,23,23,38.0,101.0,6.0,143.0,900.0,6.0,22.2,1004.3,18.8,0.0,N,0.2,Aotizhongxin,2013-08-23 23:00:00
4225,2013,8,24,0,44.0,137.0,7.0,142.0,1000.0,1.0,22.1,1004.4,18.9,0.0,N,0.0,Aotizhongxin,2013-08-24 00:00:00
4226,2013,8,24,1,48.0,104.0,9.0,143.0,1100.0,1.0,23.0,1004.5,18.1,0.0,NE,1.8,Aotizhongxin,2013-08-24 01:00:00
4227,2013,8,24,2,71.0,197.0,9.0,108.0,1100.0,1.0,22.9,1004.5,18.2,0.0,NE,1.4,Aotizhongxin,2013-08-24 02:00:00
4228,2013,8,24,3,59.0,155.0,10.0,75.0,850.0,1.0,21.9,1004.4,18.3,0.0,NE,0.6,Aotizhongxin,2013-08-24 03:00:00
4229,2013,8,24,4,40.0,99.0,9.0,75.0,600.0,1.0,20.9,1004.3,18.3,0.0,ENE,0.8,Aotizhongxin,2013-08-24 04:00:00
4230,2013,8,24,5,34.0,59.0,7.0,73.0,600.0,1.0,21.1,1004.6,18.7,0.0,NE,1.0,Aotizhongxin,2013-08-24 05:00:00
4231,2013,8,24,6,30.0,55.0,6.0,71.0,600.0,1.0,22.0,1004.5,18.4,0.0,NE,1.5,Aotizhongxin,2013-08-24 06:00:00
4232,2013,8,24,7,30.0,68.0,7.0,86.0,700.0,1.0,24.0,1004.6,18.2,0.0,NE,2.1,Aotizhongxin,2013-08-24 07:00:00
4233,2013,8,24,8,33.0,76.0,7.0,87.0,600.0,1.0,26.6,1005.0,18.7,0.0,NNE,0.7,Aotizhongxin,2013-08-24 08:00:00
4234,2013,8,24,9,38.0,117.0,8.0,88.0,700.0,5.0,29.5,1005.1,17.3,0.0,N,0.8,Aotizhongxin,2013-08-24 09:00:00
4235,2013,8,24,10,30.0,102.0,7.0,63.0,700.0,32.0,31.3,1004.7,16.9,0.0,NE,1.6,Aotizhongxin,2013-08-24 10:00:00
4236,2013,8,24,11,24.0,53.0,9.0,42.0,600.0,65.0,32.3,1004.1,17.4,0.0,E,1.0,Aotizhongxin,2013-08-24 11:00:00
4237,2013,8,24,12,22.0,26.0,6.0,29.0,500.0,95.0,33.9,1003.8,13.9,0.0,E,1.2,Aotizhongxin,2013-08-24 12:00:00
4238,2013,8,24,13,21.0,37.0,6.0,31.0,500.0,120.0,34.8,1003.5,11.9,0.0,ENE,1.9,Aotizhongxin,2013-08-24 13:00:00
4239,2013,8,24,14,13.0,14.0,5.0,23.0,400.0,116.0,35.4,1002.8,13.0,0.0,ENE,1.1,Aotizhongxin,2013-08-24 14:00:00
4240,2013,8,24,15,12.0,14.0,4.0,20.0,300.0,107.0,34.5,1002.2,13.3,0.0,ESE,1.8,Aotizhongxin,2013-08-24 15:00:00
4241,2013,8,24,16,12.0,25.0,7.0,22.0,300.0,128.0,33.8,1002.1,13.8,0.0,WSW,0.6,Aotizhongxin,2013-08-24 16:00:00
4242,2013,8,24,17,14.0,26.0,8.0,28.0,400.0,135.0,32.4,1001.8,14.5,0.0,SSE,0.1,Aotizhongxin,2013-08-24 17:00:00
4243,2013,8,24,18,14.0,20.0,5.0,43.0,400.0,113.0,29.5,1002.1,16.7,0.0,SW,1.9,Aotizhongxin,2013-08-24 18:00:00
4244,2013,8,24,19,27.0,99.0,7.0,65.0,600.0,144.0,26.3,1002.8,18.4,0.0,WSW,0.4,Aotizhongxin,2013-08-24 19:00:00
4245,2013,8,24,20,42.0,104.0,7.0,71.0,700.0,149.0,24.2,1003.1,18.8,0.0,SW,0.5,Aotizhongxin,2013-08-24 20:00:00
4246,2013,8,24,21,47.0,105.0,6.0,84.0,800.0,99.0,23.2,1003.4,19.4,0.0,SSW,0.0,Aotizhongxin,2013-08-24 21:00:00
4247,2013,8,24,22,47.0,117.0,6.0,139.0,900.0,24.0,22.2,1003.3,19.9,0.0,WSW,0.1,Aotizhongxin,2013-08-24 22:00:00
4248,2013,8,24,23,52.0,166.0,6.0,143.0,1000.0,3.0,21.4,1003.5,17.4,0.0,NE,0.7,Aotizhongxin,2013-08-24 23:00:00
4249,2013,8,25,0,57.0,166.0,7.0,148.0,1000.0,1.0,20.9,1003.4,17.1,0.0,NNW,0.4,Aotizhongxin,2013-08-25 00:00:00
4250,2013,8,25,1,44.0,124.0,7.0,106.0,700.0,1.0,20.0,1003.4,17.4,0.0,ENE,0.0,Aotizhongxin,2013-08-25 01:00:00
4251,2013,8,25,2,47.0,132.0,8.0,106.0,800.0,1.0,19.5,1003.3,16.7,0.0,NE,0.7,Aotizhongxin,2013-08-25 02:00:00
4252,2013,8,25,3,47.0,123.0,8.0,101.0,700.0,1.0,19.4,1003.2,16.8,0.0,NE,0.7,Aotizhongxin,2013-08-25 03:00:00
4253,2013,8,25,4,35.0,84.0,7.0,86.0,500.0,5.0,19.7,1003.0,17.3,0.0,ENE,0.7,Aotizhongxin,2013-08-25 04:00:00
4254,2013,8,25,5,32.0,86.0,6.0,88.0,600.0,1.0,19.4,1003.4,17.0,0.0,E,0.9,Aotizhongxin,2013-08-25 05:00:00
4255,2013,8,25,6,30.0,66.0,6.0,93.0,500.0,1.0,20.4,1003.5,18.2,0.0,W,0.9,Aotizhongxin,2013-08-25 06:00:00
4256,2013,8,25,7,29.0,73.0,6.0,90.0,500.0,1.0,24.1,1003.6,18.1,0.0,NNE,1.4,Aotizhongxin,2013-08-25 07:00:00
4257,2013,8,25,8,32.0,78.0,7.0,82.0,500.0,18.0,27.9,1003.6,18.3,0.0,E,0.6,Aotizhongxin,2013-08-25 08:00:00
4258,2013,8,25,9,33.0,110.0,7.0,66.0,500.0,50.0,29.8,1003.0,17.6,0.0,ENE,0.8,Aotizhongxin,2013-08-25 09:00:00
4259,2013,8,25,10,29.0,82.0,7.0,55.0,500.0,89.0,31.1,1002.7,16.7,0.0,SW,1.1,Aotizhongxin,2013-08-25 10:00:00
4260,2013,8,25,11,33.0,78.0,8.0,47.0,600.0,130.0,32.9,1001.8,16.3,0.0,SSW,1.2,Aotizhongxin,2013-08-25 11:00:00
4261,2013,8,25,12,32.0,61.0,8.0,45.0,600.0,167.0,34.1,1001.1,17.3,0.0,S,1.8,Aotizhongxin,2013-08-25 12:00:00
4262,2013,8,25,13,35.0,58.0,8.0,41.0,600.0,205.0,34.9,1000.0,15.8,0.0,SW,2.6,Aotizhongxin,2013-08-25 13:00:00
4263,2013,8,25,14,34.0,64.0,9.0,44.0,600.0,218.0,34.6,999.1,15.0,0.0,SSW,2.9,Aotizhongxin,2013-08-25 14:00:00
4264,2013,8,25,15,39.0,95.0,11.0,42.0,600.0,248.0,34.0,998.5,15.0,0.0,SW,4.0,Aotizhongxin,2013-08-25 15:00:00
4265,2013,8,25,16,36.0,80.0,10.0,39.0,500.0,200.0,33.3,998.7,15.8,0.0,SW,2.0,Aotizhongxin,2013-08-25 16:00:00
4266,2013,8,25,17,33.0,70.0,10.0,49.0,500.0,193.0,31.8,998.4,14.9,0.0,SW,3.2,Aotizhongxin,2013-08-25 17:00:00
4267,2013,8,25,18,41.0,86.0,9.0,44.0,500.0,212.0,30.2,998.0,17.6,0.0,SW,3.2,Aotizhongxin,2013-08-25 18:00:00
4268,2013,8,25,19,34.0,86.0,8.0,46.0,500.0,182.0,29.5,998.0,18.3,0.0,SW,2.8,Aotizhongxin,2013-08-25 19:00:00
4269,2013,8,25,20,33.0,100.0,8.0,49.0,600.0,146.0,28.7,998.6,19.1,0.0,SW,2.1,Aotizhongxin,2013-08-25 20:00:00
4270,2013,8,25,21,35.0,82.0,9.0,45.0,600.0,124.0,28.0,998.3,19.0,0.0,SSW,2.3,Aotizhongxin,2013-08-25 21:00:00
4271,2013,8,25,22,37.0,86.0,10.0,48.0,600.0,111.0,26.3,998.0,19.4,0.0,SW,1.1,Aotizhongxin,2013-08-25 22:00:00
4272,2013,8,25,23,41.0,96.0,12.0,56.0,600.0,91.0,23.9,998.4,20.0,0.0,W,1.3,Aotizhongxin,2013-08-25 23:00:00
4273,2013,8,26,0,46.0,100.0,13.0,69.0,700.0,61.0,22.8,998.8,20.3,0.0,NW,0.7,Aotizhongxin,2013-08-26 00:00:00
4274,2013,8,26,1,47.0,119.0,11.0,81.0,700.0,37.0,22.7,998.8,19.1,0.0,NE,1.0,Aotizhongxin,2013-08-26 01:00:00
4275,2013,8,26,2,52.0,127.0,8.0,110.0,800.0,3.0,22.1,999.4,19.1,0.0,NE,1.4,Aotizhongxin,2013-08-26 02:00:00
4276,2013,8,26,3,57.0,141.0,7.0,110.0,700.0,1.0,21.7,999.5,19.1,0.0,NE,0.9,Aotizhongxin,2013-08-26 03:00:00
4277,2013,8,26,4,70.0,130.0,7.0,90.0,700.0,1.0,21.5,1000.0,18.5,0.0,NE,1.1,Aotizhongxin,2013-08-26 04:00:00
4278,2013,8,26,5,62.0,104.0,9.0,71.0,600.0,29.0,21.2,1000.7,18.4,0.0,NE,0.9,Aotizhongxin,2013-08-26 05:00:00
4279,2013,8,26,6,51.0,91.0,9.0,65.0,600.0,33.0,22.3,1000.9,18.9,0.0,ENE,1.0,Aotizhongxin,2013-08-26 06:00:00
4280,2013,8,26,7,52.0,102.0,8.0,102.0,700.0,1.0,25.8,1001.2,18.2,0.0,NE,2.5,Aotizhongxin,2013-08-26 07:00:00
4281,2013,8,26,8,44.0,100.0,7.0,102.0,700.0,11.0,29.7,1001.5,18.2,0.0,ENE,1.0,Aotizhongxin,2013-08-26 08:00:00
4282,2013,8,26,9,37.0,119.0,8.0,72.0,600.0,57.0,31.7,1001.8,16.8,0.0,E,1.5,Aotizhongxin,2013-08-26 09:00:00
4283,2013,8,26,10,34.0,82.0,7.0,55.0,500.0,85.0,32.3,1001.4,15.8,0.0,ENE,2.3,Aotizhongxin,2013-08-26 10:00:00
4284,2013,8,26,11,23.0,37.0,7.0,40.0,400.0,115.0,33.3,1000.7,12.3,0.0,ENE,1.9,Aotizhongxin,2013-08-26 11:00:00
4285,2013,8,26,12,18.0,37.0,7.0,31.0,300.0,114.0,34.1,999.8,13.0,0.0,SE,1.1,Aotizhongxin,2013-08-26 12:00:00
4286,2013,8,26,13,11.0,12.0,6.0,27.0,300.0,129.0,34.6,999.3,14.5,0.0,ESE,1.2,Aotizhongxin,2013-08-26 13:00:00
4287,2013,8,26,14,11.0,36.0,6.0,25.0,300.0,148.0,34.5,998.9,15.4,0.0,SSE,2.9,Aotizhongxin,2013-08-26 14:00:00
4288,2013,8,26,15,26.0,64.0,11.0,32.0,400.0,186.0,33.9,998.7,16.3,0.0,SSW,1.7,Aotizhongxin,2013-08-26 15:00:00
4289,2013,8,26,16,30.0,74.0,14.0,42.0,600.0,186.0,33.0,998.6,18.0,0.0,SSW,0.9,Aotizhongxin,2013-08-26 16:00:00
4290,2013,8,26,17,54.0,118.0,28.0,60.0,1500.0,207.0,31.3,998.5,17.6,0.0,SE,1.8,Aotizhongxin,2013-08-26 17:00:00
4291,2013,8,26,18,94.0,193.0,40.0,62.0,2300.0,221.0,30.0,999.5,18.4,0.0,S,2.5,Aotizhongxin,2013-08-26 18:00:00
4292,2013,8,26,19,122.0,213.0,26.0,67.0,1800.0,196.0,28.5,1000.5,21.5,0.0,SSE,2.4,Aotizhongxin,2013-08-26 19:00:00
4293,2013,8,26,20,96.0,186.0,16.0,63.0,1200.0,146.0,27.0,1001.4,21.7,0.0,ESE,1.4,Aotizhongxin,2013-08-26 20:00:00
4294,2013,8,26,21,82.0,146.0,13.0,59.0,1000.0,111.0,26.1,1001.9,21.7,0.0,SW,1.3,Aotizhongxin,2013-08-26 21:00:00
4295,2013,8,26,22,70.0,109.0,12.0,54.0,900.0,82.0,25.6,1002.6,21.5,0.0,SSE,1.4,Aotizhongxin,2013-08-26 22:00:00
4296,2013,8,26,23,62.0,99.0,10.0,50.0,800.0,49.0,24.9,1002.7,21.4,0.0,SSE,1.3,Aotizhongxin,2013-08-26 23:00:00
4297,2013,8,27,0,60.0,86.0,14.0,54.0,800.0,32.0,24.8,1002.7,20.9,0.0,SE,2.3,Aotizhongxin,2013-08-27 00:00:00
4298,2013,8,27,1,62.0,83.0,15.0,51.0,800.0,36.0,24.6,1002.9,21.1,0.0,SW,0.6,Aotizhongxin,2013-08-27 01:00:00
4299,2013,8,27,2,58.0,59.0,15.0,38.0,700.0,39.0,23.9,1002.5,20.6,0.0,ESE,1.1,Aotizhongxin,2013-08-27 02:00:00
4300,2013,8,27,3,40.0,40.0,6.0,30.0,750.0,28.0,23.4,1002.5,20.0,0.0,E,1.4,Aotizhongxin,2013-08-27 03:00:00
4301,2013,8,27,4,39.0,42.0,7.0,30.0,800.0,17.0,23.3,1002.7,19.9,0.0,ESE,0.7,Aotizhongxin,2013-08-27 04:00:00
4302,2013,8,27,5,45.0,52.0,7.0,45.0,1100.0,19.0,23.2,1003.2,20.2,0.0,NE,0.8,Aotizhongxin,2013-08-27 05:00:00
4303,2013,8,27,6,46.0,49.0,10.0,50.0,1300.0,17.0,23.1,1003.1,20.2,0.0,NE,1.4,Aotizhongxin,2013-08-27 06:00:00
4304,2013,8,27,7,46.0,49.0,10.0,50.0,1400.0,12.0,22.8,1003.6,20.0,0.0,NE,1.4,Aotizhongxin,2013-08-27 07:00:00
4305,2013,8,27,8,50.0,62.0,12.0,73.0,1600.0,1.0,23.0,1003.6,20.0,0.0,ENE,1.0,Aotizhongxin,2013-08-27 08:00:00
4306,2013,8,27,9,53.0,86.0,16.0,78.0,1800.0,2.0,23.8,1003.8,19.7,0.0,NE,1.7,Aotizhongxin,2013-08-27 09:00:00
4307,2013,8,27,10,57.0,101.0,17.0,74.0,1800.0,8.0,24.5,1003.5,20.4,0.0,NE,1.2,Aotizhongxin,2013-08-27 10:00:00
4308,2013,8,27,11,65.0,103.0,16.0,79.0,1900.0,10.0,24.7,1002.9,20.4,0.0,NNE,1.1,Aotizhongxin,2013-08-27 11:00:00
4309,2013,8,27,12,75.0,139.0,14.0,82.0,1900.0,12.0,25.5,1002.5,20.3,0.0,NW,1.1,Aotizhongxin,2013-08-27 12:00:00
4310,2013,8,27,13,79.0,124.0,10.0,84.0,1800.0,19.0,26.4,1001.9,20.7,0.0,N,1.5,Aotizhongxin,2013-08-27 13:00:00
4311,2013,8,27,14,88.0,121.0,12.0,82.0,1800.0,32.0,25.7,1001.2,20.5,0.0,N,1.9,Aotizhongxin,2013-08-27 14:00:00
4312,2013,8,27,15,88.0,124.0,13.0,89.0,1800.0,48.0,25.8,1001.0,20.8,0.0,NE,1.6,Aotizhongxin,2013-08-27 15:00:00
4313,2013,8,27,16,80.0,126.0,16.0,85.0,1900.0,40.0,26.0,1000.6,21.0,0.0,NE,1.4,Aotizhongxin,2013-08-27 16:00:00
4314,2013,8,27,17,80.0,126.0,16.0,85.0,2000.0,24.0,25.4,1000.5,21.1,0.0,NE,1.4,Aotizhongxin,2013-08-27 17:00:00
4315,2013,8,27,18,73.0,124.0,13.0,85.0,2000.0,22.0,24.7,1000.3,20.8,0.0,NNE,1.2,Aotizhongxin,2013-08-27 18:00:00
4316,2013,8,27,19,69.0,116.0,11.0,87.0,1400.0,25.0,24.5,1000.2,21.0,0.0,NE,1.3,Aotizhongxin,2013-08-27 19:00:00
4317,2013,8,27,20,52.0,60.0,7.0,66.0,600.0,54.0,23.9,1000.2,22.2,0.8,SSE,1.8,Aotizhongxin,2013-08-27 20:00:00
4318,2013,8,27,21,44.0,60.0,6.0,57.0,600.0,71.0,23.5,999.9,21.8,0.1,ESE,0.7,Aotizhongxin,2013-08-27 21:00:00
4319,2013,8,27,22,48.0,60.0,6.0,55.0,500.0,43.0,23.5,999.7,21.6,0.1,SSE,1.0,Aotizhongxin,2013-08-27 22:00:00
4320,2013,8,27,23,40.0,55.0,10.0,56.0,500.0,35.0,23.7,998.6,21.6,0.1,ESE,1.3,Aotizhongxin,2013-08-27 23:00:00
4321,2013,8,28,0,29.0,34.0,8.0,52.0,500.0,31.0,23.3,997.7,21.2,0.1,SSE,1.0,Aotizhongxin,2013-08-28 00:00:00
4322,2013,8,28,1,22.0,31.0,8.0,48.0,500.0,28.0,23.1,997.2,21.0,0.0,SE,1.8,Aotizhongxin,2013-08-28 01:00:00
4323,2013,8,28,2,21.0,23.0,7.0,49.0,500.0,25.0,22.6,996.5,21.4,0.9,S,1.1,Aotizhongxin,2013-08-28 02:00:00
4324,2013,8,28,3,23.0,36.0,6.0,51.0,600.0,20.0,22.3,995.5,21.5,0.7,SSE,1.4,Aotizhongxin,2013-08-28 03:00:00
4325,2013,8,28,4,30.0,36.0,4.0,48.0,1100.0,11.0,22.0,995.5,21.5,6.0,SW,2.0,Aotizhongxin,2013-08-28 04:00:00
4326,2013,8,28,5,54.0,36.0,2.0,45.0,800.0,19.0,22.3,995.3,22.0,0.3,W,0.8,Aotizhongxin,2013-08-28 05:00:00
4327,2013,8,28,6,55.0,39.0,2.0,41.0,700.0,24.0,22.3,995.4,22.0,0.4,W,0.4,Aotizhongxin,2013-08-28 06:00:00
4328,2013,8,28,7,48.0,22.0,3.0,58.0,1600.0,1.0,22.4,995.3,22.1,0.8,WNW,0.4,Aotizhongxin,2013-08-28 07:00:00
4329,2013,8,28,8,52.0,29.0,4.0,65.0,2100.0,1.0,22.4,995.3,22.1,0.1,NW,1.2,Aotizhongxin,2013-08-28 08:00:00
4330,2013,8,28,9,52.0,30.0,4.0,69.0,2600.0,1.0,22.4,995.2,22.1,0.0,E,0.8,Aotizhongxin,2013-08-28 09:00:00
4331,2013,8,28,10,64.0,40.0,6.0,70.0,3300.0,1.0,22.7,994.6,22.2,0.0,ENE,0.9,Aotizhongxin,2013-08-28 10:00:00
4332,2013,8,28,11,67.0,79.0,6.0,70.0,3000.0,1.0,24.2,994.2,22.6,0.0,ENE,0.9,Aotizhongxin,2013-08-28 11:00:00
4333,2013,8,28,12,106.0,79.0,4.0,62.0,2600.0,1.0,25.9,993.7,22.4,0.0,ENE,0.7,Aotizhongxin,2013-08-28 12:00:00
4334,2013,8,28,13,101.0,72.0,7.0,57.0,2100.0,35.0,25.8,993.4,22.3,0.0,W,0.5,Aotizhongxin,2013-08-28 13:00:00
4335,2013,8,28,14,89.0,51.0,8.0,55.0,2000.0,54.0,26.3,992.9,22.2,0.0,ESE,0.6,Aotizhongxin,2013-08-28 14:00:00
4336,2013,8,28,15,89.0,55.0,8.0,55.0,2000.0,46.0,26.1,992.9,23.0,0.0,NE,1.5,Aotizhongxin,2013-08-28 15:00:00
4337,2013,8,28,16,79.0,79.0,9.0,60.0,2000.0,47.0,25.9,992.3,22.4,0.0,E,0.8,Aotizhongxin,2013-08-28 16:00:00
4338,2013,8,28,17,19.0,32.0,8.0,57.89473684210526,2200.0,26.0,25.4,992.8,22.5,0.0,ENE,1.1,Aotizhongxin,2013-08-28 17:00:00
4339,2013,8,28,18,72.0,82.0,8.0,55.78947368421053,2100.0,35.0,24.9,993.2,22.6,0.0,NE,0.7,Aotizhongxin,2013-08-28 18:00:00
4340,2013,8,28,19,69.0,72.0,8.0,53.68421052631579,2000.0,35.0,23.7,992.9,22.1,0.0,SE,0.6,Aotizhongxin,2013-08-28 19:00:00
4341,2013,8,28,20,67.0,78.0,6.0,51.578947368421055,2200.0,8.0,23.2,993.0,22.4,0.0,NNW,0.6,Aotizhongxin,2013-08-28 20:00:00
4342,2013,8,28,21,86.0,96.0,6.0,49.473684210526315,2300.0,1.0,23.2,993.0,22.5,0.0,NE,1.0,Aotizhongxin,2013-08-28 21:00:00
4343,2013,8,28,22,95.0,101.0,6.0,47.36842105263158,2400.0,1.0,22.6,992.9,21.9,0.0,NE,0.0,Aotizhongxin,2013-08-28 22:00:00
4344,2013,8,28,23,86.0,105.0,6.0,45.26315789473684,2200.0,1.0,22.6,993.0,22.3,0.0,NNE,0.2,Aotizhongxin,2013-08-28 23:00:00
4345,2013,8,29,0,89.0,102.0,3.0,43.15789473684211,2300.0,1.0,22.4,993.5,22.1,0.0,ENE,0.2,Aotizhongxin,2013-08-29 00:00:00
4346,2013,8,29,1,107.0,102.0,4.0,41.05263157894737,2300.0,1.0,22.2,993.6,21.9,0.0,NE,0.6,Aotizhongxin,2013-08-29 01:00:00
4347,2013,8,29,2,116.0,132.0,5.0,38.94736842105263,2400.0,1.0,21.8,993.5,21.6,0.0,N,0.4,Aotizhongxin,2013-08-29 02:00:00
4348,2013,8,29,3,95.0,97.0,6.0,36.8421052631579,2300.0,1.0,23.9,993.4,12.5,0.0,WNW,1.8,Aotizhongxin,2013-08-29 03:00:00
4349,2013,8,29,4,80.0,97.0,6.0,34.73684210526316,1400.0,1.0,24.2,994.4,11.2,0.0,N,2.4,Aotizhongxin,2013-08-29 04:00:00
4350,2013,8,29,5,32.0,32.0,4.0,32.631578947368425,700.0,16.0,24.8,995.0,9.5,0.0,NNW,2.6,Aotizhongxin,2013-08-29 05:00:00
4351,2013,8,29,6,14.0,46.0,5.0,30.526315789473685,200.0,35.0,24.7,995.7,10.2,0.0,NNW,1.5,Aotizhongxin,2013-08-29 06:00:00
4352,2013,8,29,7,12.0,50.0,5.0,28.42105263157895,200.0,32.0,26.1,996.2,11.8,0.0,NNW,2.5,Aotizhongxin,2013-08-29 07:00:00
4353,2013,8,29,8,11.0,63.0,3.0,26.315789473684212,200.0,38.0,26.9,996.1,11.8,0.0,NW,3.6,Aotizhongxin,2013-08-29 08:00:00
4354,2013,8,29,9,11.0,48.0,4.0,24.210526315789476,200.0,41.0,27.3,996.0,11.7,0.0,NNW,4.4,Aotizhongxin,2013-08-29 09:00:00
4355,2013,8,29,10,7.0,42.0,5.0,22.10526315789474,200.0,44.0,26.8,997.3,11.3,0.0,WNW,5.1,Aotizhongxin,2013-08-29 10:00:00
4356,2013,8,29,11,6.0,36.0,2.0,20.0,200.0,57.0,27.0,997.3,10.7,0.0,NW,3.2,Aotizhongxin,2013-08-29 11:00:00
4357,2013,8,29,12,3.0,27.0,1.0,18.0,200.0,63.0,26.8,998.1,10.9,0.0,N,3.0,Aotizhongxin,2013-08-29 12:00:00
4358,2013,8,29,13,6.0,25.0,1.0,17.0,200.0,63.0,26.9,998.0,11.0,0.0,NNW,3.1,Aotizhongxin,2013-08-29 13:00:00
4359,2013,8,29,14,5.0,17.0,3.0,17.0,200.0,65.0,27.1,998.3,10.3,0.0,NNW,3.7,Aotizhongxin,2013-08-29 14:00:00
4360,2013,8,29,15,7.0,16.0,3.0,15.0,200.0,66.0,27.1,998.8,9.9,0.0,N,4.9,Aotizhongxin,2013-08-29 15:00:00
4361,2013,8,29,16,10.0,17.0,2.0,16.0,200.0,62.0,26.2,999.4,9.9,0.0,N,4.8,Aotizhongxin,2013-08-29 16:00:00
4362,2013,8,29,17,5.0,18.0,1.0,17.0,200.0,54.0,25.1,999.6,10.2,0.0,N,3.6,Aotizhongxin,2013-08-29 17:00:00
4363,2013,8,29,18,4.0,21.0,2.0,20.0,200.0,45.0,23.8,1000.2,10.8,0.0,N,1.8,Aotizhongxin,2013-08-29 18:00:00
4364,2013,8,29,19,7.0,20.0,3.0,25.0,200.0,36.0,22.5,1001.3,11.9,0.0,NE,1.2,Aotizhongxin,2013-08-29 19:00:00
4365,2013,8,29,20,12.0,28.0,4.0,36.0,200.0,23.0,22.0,1001.9,12.0,0.0,NE,1.5,Aotizhongxin,2013-08-29 20:00:00
4366,2013,8,29,21,11.0,40.0,6.0,50.0,400.0,5.0,21.9,1002.3,12.7,0.0,NE,1.5,Aotizhongxin,2013-08-29 21:00:00
4367,2013,8,29,22,11.0,46.0,6.0,46.0,400.0,6.0,22.2,1003.1,12.7,0.0,NE,2.2,Aotizhongxin,2013-08-29 22:00:00
4368,2013,8,29,23,12.0,44.0,6.0,49.0,400.0,3.0,22.0,1004.2,13.1,0.0,ENE,2.0,Aotizhongxin,2013-08-29 23:00:00
4369,2013,8,30,0,11.0,35.0,2.0,36.0,200.0,20.0,20.6,1005.4,13.8,0.0,ESE,1.7,Aotizhongxin,2013-08-30 00:00:00
4370,2013,8,30,1,5.0,21.0,2.0,23.0,200.0,34.0,19.6,1005.8,13.5,0.0,NNE,2.5,Aotizhongxin,2013-08-30 01:00:00
4371,2013,8,30,2,3.0,12.0,3.0,22.0,200.0,32.0,19.5,1006.0,12.5,0.0,N,1.7,Aotizhongxin,2013-08-30 02:00:00
4372,2013,8,30,3,4.0,10.0,1.0,19.0,100.0,32.0,18.9,1006.3,13.5,0.0,NNE,2.0,Aotizhongxin,2013-08-30 03:00:00
4373,2013,8,30,4,3.0,6.0,3.0,19.0,100.0,17.0,18.3,1006.6,14.2,0.0,NNE,1.0,Aotizhongxin,2013-08-30 04:00:00
4374,2013,8,30,5,4.0,6.0,1.0,20.0,200.0,36.0,18.2,1007.2,13.3,0.0,N,0.9,Aotizhongxin,2013-08-30 05:00:00
4375,2013,8,30,6,6.0,25.0,1.0,37.0,200.0,17.0,19.1,1007.9,13.5,0.0,N,1.2,Aotizhongxin,2013-08-30 06:00:00
4376,2013,8,30,7,10.0,22.0,2.0,40.0,300.0,11.0,20.8,1008.3,12.7,0.0,N,1.8,Aotizhongxin,2013-08-30 07:00:00
4377,2013,8,30,8,7.0,19.0,2.0,35.0,300.0,18.0,23.2,1008.6,11.3,0.0,NNE,3.1,Aotizhongxin,2013-08-30 08:00:00
4378,2013,8,30,9,6.0,16.0,1.0,26.0,300.0,30.0,24.5,1008.5,11.1,0.0,NE,2.2,Aotizhongxin,2013-08-30 09:00:00
4379,2013,8,30,10,5.0,16.0,1.0,17.0,200.0,43.0,25.5,1008.1,9.3,0.0,NNE,3.0,Aotizhongxin,2013-08-30 10:00:00
4380,2013,8,30,11,3.0,6.0,1.0,17.0,200.0,48.0,26.2,1007.5,9.5,0.0,NNE,2.5,Aotizhongxin,2013-08-30 11:00:00
4381,2013,8,30,12,3.0,6.0,1.0,15.0,200.0,56.0,26.5,1006.9,11.0,0.0,NE,2.4,Aotizhongxin,2013-08-30 12:00:00
4382,2013,8,30,13,5.0,12.0,1.0,14.0,200.0,62.0,27.4,1006.0,8.8,0.0,N,2.0,Aotizhongxin,2013-08-30 13:00:00
4383,2013,8,30,14,7.0,12.0,1.0,16.0,200.0,66.0,27.9,1005.3,9.2,0.0,NW,1.8,Aotizhongxin,2013-08-30 14:00:00
4384,2013,8,30,15,3.0,3.0,2.0,18.0,200.0,67.0,28.3,1005.2,9.1,0.0,NNW,1.8,Aotizhongxin,2013-08-30 15:00:00
4385,2013,8,30,16,5.0,10.0,2.0,15.0,200.0,75.0,28.5,1004.9,7.7,0.0,NW,2.2,Aotizhongxin,2013-08-30 16:00:00
4386,2013,8,30,17,8.0,14.0,4.0,19.0,200.0,73.0,27.0,1004.8,11.5,0.0,SW,1.0,Aotizhongxin,2013-08-30 17:00:00
4387,2013,8,30,18,10.0,13.0,5.0,21.0,300.0,71.0,21.7,1004.9,13.3,0.0,WNW,0.0,Aotizhongxin,2013-08-30 18:00:00
4388,2013,8,30,19,11.0,19.0,4.0,28.0,300.0,61.0,19.4,1005.3,13.1,0.0,E,0.0,Aotizhongxin,2013-08-30 19:00:00
4389,2013,8,30,20,16.0,55.0,4.0,64.0,500.0,18.0,18.7,1006.0,14.6,0.0,SSE,0.7,Aotizhongxin,2013-08-30 20:00:00
4390,2013,8,30,21,25.0,94.0,4.0,87.0,600.0,5.0,17.5,1006.3,14.9,0.0,SSE,0.0,Aotizhongxin,2013-08-30 21:00:00
4391,2013,8,30,22,22.0,71.0,2.0,73.0,500.0,15.0,17.0,1006.4,13.5,0.0,SSW,0.0,Aotizhongxin,2013-08-30 22:00:00
4392,2013,8,30,23,25.0,86.0,4.0,82.0,500.0,3.0,16.3,1006.5,13.4,0.0,SW,0.6,Aotizhongxin,2013-08-30 23:00:00
4393,2013,8,31,0,30.0,93.0,6.0,77.0,600.0,1.0,15.5,1006.3,13.2,0.0,W,0.0,Aotizhongxin,2013-08-31 00:00:00
4394,2013,8,31,1,22.0,55.0,6.0,66.0,500.0,1.0,15.1,1006.2,14.0,0.0,E,0.7,Aotizhongxin,2013-08-31 01:00:00
4395,2013,8,31,2,22.0,65.0,7.0,59.0,600.0,1.0,15.2,1006.3,13.4,0.0,NNE,0.5,Aotizhongxin,2013-08-31 02:00:00
4396,2013,8,31,3,25.0,68.0,6.0,56.0,600.0,1.0,14.6,1006.2,12.8,0.0,NNE,0.6,Aotizhongxin,2013-08-31 03:00:00
4397,2013,8,31,4,22.0,56.0,6.0,54.0,500.0,1.0,14.0,1006.3,12.4,0.0,NE,0.0,Aotizhongxin,2013-08-31 04:00:00
4398,2013,8,31,5,18.0,51.0,6.0,55.0,200.0,1.0,13.8,1006.9,12.2,0.0,ENE,0.5,Aotizhongxin,2013-08-31 05:00:00
4399,2013,8,31,6,15.0,46.0,5.0,51.0,400.0,1.0,15.8,1007.5,12.4,0.0,ENE,1.0,Aotizhongxin,2013-08-31 06:00:00
4400,2013,8,31,7,21.0,53.0,6.0,45.0,500.0,1.0,20.8,1007.7,12.0,0.0,NNE,1.5,Aotizhongxin,2013-08-31 07:00:00
4401,2013,8,31,8,21.0,56.0,11.0,46.0,400.0,1.0,23.8,1008.0,11.5,0.0,NE,1.4,Aotizhongxin,2013-08-31 08:00:00
4402,2013,8,31,9,21.0,68.0,17.0,46.0,500.0,6.0,26.2,1007.8,11.1,0.0,NNE,2.3,Aotizhongxin,2013-08-31 09:00:00
4403,2013,8,31,10,17.0,36.0,16.0,36.0,500.0,24.0,28.0,1007.2,11.5,0.0,ENE,1.7,Aotizhongxin,2013-08-31 10:00:00
4404,2013,8,31,11,9.0,21.0,12.0,27.0,400.0,40.0,29.1,1006.9,10.7,0.0,SE,0.7,Aotizhongxin,2013-08-31 11:00:00
4405,2013,8,31,12,4.0,6.0,7.0,19.0,300.0,58.0,30.3,1006.3,9.2,0.0,ENE,2.5,Aotizhongxin,2013-08-31 12:00:00
4406,2013,8,31,13,8.0,24.0,6.0,20.0,300.0,63.0,30.2,1005.8,11.2,0.0,WSW,2.6,Aotizhongxin,2013-08-31 13:00:00
4407,2013,8,31,14,8.0,20.0,4.0,20.0,300.0,72.0,30.5,1005.0,11.0,0.0,WSW,2.8,Aotizhongxin,2013-08-31 14:00:00
4408,2013,8,31,15,12.0,28.0,4.0,20.0,200.0,84.0,29.9,1005.0,10.9,0.0,WSW,3.9,Aotizhongxin,2013-08-31 15:00:00
4409,2013,8,31,16,11.0,17.0,3.0,25.0,300.0,97.0,29.3,1005.0,11.4,0.0,WSW,2.2,Aotizhongxin,2013-08-31 16:00:00
4410,2013,8,31,17,15.0,47.0,3.0,32.0,200.0,116.0,27.7,1005.1,10.0,0.0,WSW,2.4,Aotizhongxin,2013-08-31 17:00:00
4411,2013,8,31,18,12.0,30.0,3.0,26.0,200.0,105.0,25.7,1005.3,10.7,0.0,WSW,1.6,Aotizhongxin,2013-08-31 18:00:00
4412,2013,8,31,19,11.0,34.0,2.0,31.0,200.0,72.0,23.6,1005.9,13.2,0.0,WSW,1.5,Aotizhongxin,2013-08-31 19:00:00
4413,2013,8,31,20,13.0,44.0,2.0,37.0,300.0,59.0,21.0,1006.1,13.2,0.0,WNW,0.5,Aotizhongxin,2013-08-31 20:00:00
4414,2013,8,31,21,14.0,51.0,2.0,50.0,300.0,40.0,19.0,1006.5,13.8,0.0,NNE,1.0,Aotizhongxin,2013-08-31 21:00:00
4415,2013,8,31,22,15.0,57.0,2.0,65.0,300.0,21.0,20.2,1006.7,13.9,0.0,NNE,1.1,Aotizhongxin,2013-08-31 22:00:00
4416,2013,8,31,23,23.0,108.0,5.0,86.0,600.0,1.0,20.8,1007.3,14.0,0.0,NNE,1.5,Aotizhongxin,2013-08-31 23:00:00
4417,2013,9,1,0,46.0,165.0,8.0,89.0,700.0,1.0,20.2,1007.8,15.6,0.0,NE,1.3,Aotizhongxin,2013-09-01 00:00:00
4418,2013,9,1,1,55.0,124.0,7.0,69.0,1000.0,9.0,19.0,1007.8,15.5,0.0,NNE,1.6,Aotizhongxin,2013-09-01 01:00:00
4419,2013,9,1,2,62.0,106.0,10.0,63.0,1400.0,4.0,17.8,1007.9,15.2,0.0,NE,1.5,Aotizhongxin,2013-09-01 02:00:00
4420,2013,9,1,3,43.0,90.0,10.0,58.0,1200.0,1.0,17.2,1007.8,15.2,0.0,NNE,0.7,Aotizhongxin,2013-09-01 03:00:00
4421,2013,9,1,4,32.0,73.0,11.0,61.0,1100.0,1.0,17.1,1008.1,14.9,0.0,NE,1.2,Aotizhongxin,2013-09-01 04:00:00
4422,2013,9,1,5,28.0,74.0,11.0,54.0,1000.0,2.0,16.6,1008.7,14.8,0.0,NNE,1.2,Aotizhongxin,2013-09-01 05:00:00
4423,2013,9,1,6,38.0,89.0,7.0,55.0,900.0,1.0,17.4,1008.9,14.9,0.0,NE,1.6,Aotizhongxin,2013-09-01 06:00:00
4424,2013,9,1,7,38.0,88.0,8.0,59.0,900.0,1.0,20.3,1009.0,15.1,0.0,NE,1.9,Aotizhongxin,2013-09-01 07:00:00
4425,2013,9,1,8,41.0,104.0,10.0,55.0,1000.0,1.0,22.6,1009.2,15.2,0.0,NNE,1.9,Aotizhongxin,2013-09-01 08:00:00
4426,2013,9,1,9,39.0,83.0,12.0,41.0,900.0,22.0,24.6,1009.1,15.5,0.0,E,1.7,Aotizhongxin,2013-09-01 09:00:00
4427,2013,9,1,10,32.0,73.0,14.0,35.0,700.0,46.0,25.5,1008.8,15.5,0.0,E,1.9,Aotizhongxin,2013-09-01 10:00:00
4428,2013,9,1,11,34.0,69.0,13.0,29.0,600.0,70.0,27.1,1008.0,14.8,0.0,NNE,2.0,Aotizhongxin,2013-09-01 11:00:00
4429,2013,9,1,12,30.0,56.0,14.0,26.0,600.0,95.0,28.2,1007.4,14.1,0.0,W,1.5,Aotizhongxin,2013-09-01 12:00:00
4430,2013,9,1,13,26.0,47.0,13.0,26.0,600.0,108.0,29.2,1006.9,13.8,0.0,WSW,2.5,Aotizhongxin,2013-09-01 13:00:00
4431,2013,9,1,14,30.0,51.0,13.0,33.0,600.0,120.0,30.0,1005.7,14.1,0.0,SSW,0.8,Aotizhongxin,2013-09-01 14:00:00
4432,2013,9,1,15,34.0,63.0,12.0,39.0,700.0,138.0,30.2,1005.8,13.9,0.0,SE,1.6,Aotizhongxin,2013-09-01 15:00:00
4433,2013,9,1,16,46.0,79.0,12.0,46.0,800.0,155.0,29.6,1006.0,14.6,0.0,E,1.2,Aotizhongxin,2013-09-01 16:00:00
4434,2013,9,1,17,43.0,97.0,11.0,47.0,900.0,178.0,26.8,1006.4,14.9,0.0,E,0.8,Aotizhongxin,2013-09-01 17:00:00
4435,2013,9,1,18,43.0,103.0,11.0,53.0,1100.0,176.0,26.1,1006.8,15.2,0.0,ENE,1.0,Aotizhongxin,2013-09-01 18:00:00
4436,2013,9,1,19,53.0,109.0,12.0,53.0,800.0,174.0,25.7,1007.9,15.4,0.0,SE,1.0,Aotizhongxin,2013-09-01 19:00:00
4437,2013,9,1,20,58.0,125.0,12.0,56.0,900.0,135.0,22.9,1009.3,16.2,0.0,SW,1.9,Aotizhongxin,2013-09-01 20:00:00
4438,2013,9,1,21,58.0,112.0,9.0,63.0,800.0,110.0,21.4,1009.4,16.6,0.0,W,0.8,Aotizhongxin,2013-09-01 21:00:00
4439,2013,9,1,22,55.0,102.0,7.0,50.0,700.0,107.0,19.3,1009.2,16.3,0.0,WNW,0.5,Aotizhongxin,2013-09-01 22:00:00
4440,2013,9,1,23,48.0,102.0,6.0,51.0,700.0,86.0,18.6,1009.2,16.4,0.0,NE,1.0,Aotizhongxin,2013-09-01 23:00:00
4441,2013,9,2,0,49.0,54.0,6.0,63.0,700.0,61.0,19.6,1009.0,16.1,0.0,NE,0.6,Aotizhongxin,2013-09-02 00:00:00
4442,2013,9,2,1,59.0,87.0,6.0,90.0,700.0,19.0,18.2,1009.1,16.2,0.0,ENE,1.0,Aotizhongxin,2013-09-02 01:00:00
4443,2013,9,2,2,62.0,111.0,7.0,102.0,800.0,1.0,19.0,1009.7,14.9,0.0,NE,1.7,Aotizhongxin,2013-09-02 02:00:00
4444,2013,9,2,3,28.0,34.0,3.0,46.0,200.0,2.0,18.0,1010.0,14.5,0.0,NNE,1.2,Aotizhongxin,2013-09-02 03:00:00
4445,2013,9,2,4,20.0,34.0,3.0,46.0,200.0,8.0,17.2,1010.3,14.1,0.0,NE,0.8,Aotizhongxin,2013-09-02 04:00:00
4446,2013,9,2,5,17.0,19.0,2.0,36.0,300.0,27.0,16.7,1011.0,13.8,0.0,NE,0.5,Aotizhongxin,2013-09-02 05:00:00
4447,2013,9,2,6,15.0,18.0,4.0,44.0,300.0,33.0,17.8,1011.6,14.3,0.0,NE,1.3,Aotizhongxin,2013-09-02 06:00:00
4448,2013,9,2,7,21.0,51.0,3.0,52.0,400.0,32.0,20.4,1011.8,15.0,0.0,ENE,1.8,Aotizhongxin,2013-09-02 07:00:00
4449,2013,9,2,8,23.0,56.0,6.0,56.0,600.0,28.0,22.5,1011.7,14.9,0.0,ENE,0.8,Aotizhongxin,2013-09-02 08:00:00
4450,2013,9,2,9,30.0,65.0,16.0,57.0,1000.0,37.0,24.2,1012.0,13.7,0.0,E,1.4,Aotizhongxin,2013-09-02 09:00:00
4451,2013,9,2,10,37.0,70.0,17.0,58.0,1100.0,41.0,25.3,1011.6,14.7,0.0,E,1.5,Aotizhongxin,2013-09-02 10:00:00
4452,2013,9,2,11,36.0,63.0,14.0,50.0,800.0,62.0,26.2,1010.9,14.3,0.0,WSW,0.8,Aotizhongxin,2013-09-02 11:00:00
4453,2013,9,2,12,34.0,61.0,12.0,41.0,700.0,86.0,27.3,1010.1,16.6,0.0,ESE,1.5,Aotizhongxin,2013-09-02 12:00:00
4454,2013,9,2,13,39.0,59.0,13.0,38.0,700.0,115.0,27.9,1009.5,15.5,0.0,ENE,1.0,Aotizhongxin,2013-09-02 13:00:00
4455,2013,9,2,14,42.0,61.0,13.0,30.0,700.0,146.0,28.6,1008.4,15.5,0.0,SE,1.7,Aotizhongxin,2013-09-02 14:00:00
4456,2013,9,2,15,47.0,73.0,13.0,32.0,700.0,163.0,28.4,1008.0,15.0,0.0,SW,1.5,Aotizhongxin,2013-09-02 15:00:00
4457,2013,9,2,16,47.0,73.0,13.0,32.0,900.0,175.0,27.9,1007.8,15.5,0.0,WSW,1.8,Aotizhongxin,2013-09-02 16:00:00
4458,2013,9,2,17,64.0,94.0,20.0,39.0,1200.0,174.0,26.2,1008.2,16.2,0.0,SSW,0.9,Aotizhongxin,2013-09-02 17:00:00
4459,2013,9,2,18,72.0,108.0,24.0,53.0,1500.0,160.0,24.4,1008.5,16.4,0.0,SW,0.9,Aotizhongxin,2013-09-02 18:00:00
4460,2013,9,2,19,72.0,108.0,24.0,53.0,1400.0,146.0,23.6,1009.7,16.9,0.0,SW,1.2,Aotizhongxin,2013-09-02 19:00:00
4461,2013,9,2,20,76.0,134.0,13.0,49.0,1200.0,130.0,22.0,1010.2,18.0,0.0,WNW,0.6,Aotizhongxin,2013-09-02 20:00:00
4462,2013,9,2,21,88.0,127.0,13.0,57.0,1100.0,103.0,20.5,1010.6,17.9,0.0,W,1.0,Aotizhongxin,2013-09-02 21:00:00
4463,2013,9,2,22,90.0,144.0,11.0,58.0,1000.0,85.0,20.3,1011.0,18.1,0.0,SW,1.4,Aotizhongxin,2013-09-02 22:00:00
4464,2013,9,2,23,80.0,111.0,12.0,52.0,1300.0,71.0,20.3,1010.9,18.2,0.0,SW,0.0,Aotizhongxin,2013-09-02 23:00:00
4465,2013,9,3,0,80.0,105.0,10.0,63.0,1100.0,45.0,19.4,1011.0,18.4,0.0,NW,0.5,Aotizhongxin,2013-09-03 00:00:00
4466,2013,9,3,1,87.0,128.0,9.0,84.0,1500.0,13.0,19.2,1010.8,17.5,0.0,NE,1.3,Aotizhongxin,2013-09-03 01:00:00
4467,2013,9,3,2,100.0,144.0,8.0,94.0,1700.0,1.0,19.0,1010.6,17.5,0.0,NE,1.1,Aotizhongxin,2013-09-03 02:00:00
4468,2013,9,3,3,122.0,209.0,6.0,97.0,1300.0,1.0,19.0,1010.6,17.5,0.0,NE,1.4,Aotizhongxin,2013-09-03 03:00:00
4469,2013,9,3,4,123.0,181.0,5.0,86.0,1200.0,1.0,19.1,1011.1,17.6,0.0,NE,1.2,Aotizhongxin,2013-09-03 04:00:00
4470,2013,9,3,5,121.0,157.0,4.0,72.0,1000.0,1.0,18.8,1011.5,17.3,0.0,NE,0.8,Aotizhongxin,2013-09-03 05:00:00
4471,2013,9,3,6,95.0,109.0,5.0,66.0,1000.0,1.0,19.2,1011.7,17.7,0.0,NE,1.3,Aotizhongxin,2013-09-03 06:00:00
4472,2013,9,3,7,70.0,109.0,4.0,47.0,800.0,29.0,20.7,1012.1,17.5,0.0,ESE,0.7,Aotizhongxin,2013-09-03 07:00:00
4473,2013,9,3,8,59.0,73.0,4.0,45.0,800.0,35.0,22.0,1012.4,17.6,0.0,NNE,0.0,Aotizhongxin,2013-09-03 08:00:00
4474,2013,9,3,9,64.0,96.0,5.0,44.0,800.0,50.0,23.9,1012.4,18.3,0.0,NNE,1.2,Aotizhongxin,2013-09-03 09:00:00
4475,2013,9,3,10,66.0,115.0,8.0,40.0,900.0,64.0,25.6,1012.1,18.0,0.0,E,2.5,Aotizhongxin,2013-09-03 10:00:00
4476,2013,9,3,11,70.0,118.0,9.0,37.0,900.0,84.0,26.7,1011.3,18.8,0.0,NE,1.5,Aotizhongxin,2013-09-03 11:00:00
4477,2013,9,3,12,78.0,124.0,11.0,38.0,900.0,111.0,27.3,1010.4,18.0,0.0,NNE,1.3,Aotizhongxin,2013-09-03 12:00:00
4478,2013,9,3,13,88.0,106.0,14.0,41.0,1000.0,140.0,27.9,1009.5,19.7,0.0,SE,0.9,Aotizhongxin,2013-09-03 13:00:00
4479,2013,9,3,14,92.0,121.0,13.0,45.0,1000.0,159.0,28.5,1008.7,18.3,0.0,SSW,0.8,Aotizhongxin,2013-09-03 14:00:00
4480,2013,9,3,15,100.0,117.0,15.0,40.0,1100.0,189.0,28.1,1008.2,17.9,0.0,SSE,2.4,Aotizhongxin,2013-09-03 15:00:00
4481,2013,9,3,16,99.0,117.0,16.0,40.0,1100.0,200.0,26.9,1008.2,18.2,0.0,SSE,1.4,Aotizhongxin,2013-09-03 16:00:00
4482,2013,9,3,17,106.0,149.0,18.0,42.0,1100.0,195.0,26.1,1008.7,18.0,0.0,S,1.8,Aotizhongxin,2013-09-03 17:00:00
4483,2013,9,3,18,106.0,139.0,17.0,47.0,1000.0,164.0,25.5,1009.4,18.4,0.0,SSW,1.9,Aotizhongxin,2013-09-03 18:00:00
4484,2013,9,3,19,114.0,160.0,15.0,54.0,1100.0,146.0,24.6,1009.9,18.8,0.0,SSW,0.8,Aotizhongxin,2013-09-03 19:00:00
4485,2013,9,3,20,120.0,152.0,14.0,55.0,1000.0,122.0,24.4,1010.2,18.6,0.0,SSE,0.8,Aotizhongxin,2013-09-03 20:00:00
4486,2013,9,3,21,91.0,152.0,13.0,49.0,900.0,116.0,24.3,1010.6,18.9,0.0,SSW,0.9,Aotizhongxin,2013-09-03 21:00:00
4487,2013,9,3,22,98.0,149.0,17.0,53.0,800.0,95.0,24.1,1010.7,18.7,0.0,S,1.0,Aotizhongxin,2013-09-03 22:00:00
4488,2013,9,3,23,119.0,143.0,24.0,60.0,800.0,67.0,23.6,1010.9,18.7,0.0,W,2.1,Aotizhongxin,2013-09-03 23:00:00
4489,2013,9,4,0,122.0,153.0,19.0,74.0,900.0,36.0,22.6,1010.8,19.4,0.0,SE,0.2,Aotizhongxin,2013-09-04 00:00:00
4490,2013,9,4,1,137.0,165.0,18.0,67.0,900.0,28.0,21.6,1010.5,19.2,0.0,SSW,0.6,Aotizhongxin,2013-09-04 01:00:00
4491,2013,9,4,2,146.0,151.0,14.0,61.0,1000.0,26.0,20.8,1010.8,19.1,0.0,NNE,2.6,Aotizhongxin,2013-09-04 02:00:00
4492,2013,9,4,3,151.0,151.0,9.0,46.0,1200.0,35.0,18.4,1010.7,17.6,0.6,S,0.4,Aotizhongxin,2013-09-04 03:00:00
4493,2013,9,4,4,138.0,75.0,8.0,41.0,1100.0,46.0,18.3,1011.4,17.8,0.3,WSW,1.2,Aotizhongxin,2013-09-04 04:00:00
4494,2013,9,4,5,41.0,41.0,2.0,23.0,600.0,68.0,18.6,1010.9,18.3,0.0,WNW,0.9,Aotizhongxin,2013-09-04 05:00:00
4495,2013,9,4,6,38.0,21.0,1.0,25.0,700.0,55.0,18.7,1011.4,18.4,0.0,NNE,0.8,Aotizhongxin,2013-09-04 06:00:00
4496,2013,9,4,7,40.0,17.0,1.0,35.0,700.0,47.0,18.6,1011.2,18.1,0.0,NE,1.4,Aotizhongxin,2013-09-04 07:00:00
4497,2013,9,4,8,46.0,17.0,1.0,40.0,700.0,41.0,19.2,1011.4,18.7,0.1,NE,0.7,Aotizhongxin,2013-09-04 08:00:00
4498,2013,9,4,9,34.0,47.0,2.0,57.0,800.0,18.0,20.2,1011.6,18.9,0.0,NNE,1.2,Aotizhongxin,2013-09-04 09:00:00
4499,2013,9,4,10,54.0,47.0,1.0,55.0,900.0,27.0,20.8,1011.7,18.7,0.0,WSW,1.1,Aotizhongxin,2013-09-04 10:00:00
4500,2013,9,4,11,53.0,18.0,3.0,52.0,800.0,40.0,19.5,1011.5,18.5,0.6,SW,2.0,Aotizhongxin,2013-09-04 11:00:00
4501,2013,9,4,12,34.0,44.0,3.0,49.0,800.0,48.0,19.3,1011.0,18.1,1.3,SW,1.5,Aotizhongxin,2013-09-04 12:00:00
4502,2013,9,4,13,64.0,74.0,2.0,71.0,1100.0,19.0,20.0,1009.9,18.5,0.1,SW,0.8,Aotizhongxin,2013-09-04 13:00:00
4503,2013,9,4,14,61.0,74.0,2.0,56.0,1000.0,48.0,21.5,1009.4,18.5,0.0,WSW,1.2,Aotizhongxin,2013-09-04 14:00:00
4504,2013,9,4,15,58.0,23.0,3.0,46.0,900.0,65.0,22.2,1009.4,18.4,0.0,SW,1.1,Aotizhongxin,2013-09-04 15:00:00
4505,2013,9,4,16,45.0,47.0,5.0,51.0,1000.0,74.0,22.0,1009.4,18.2,0.0,SSE,0.8,Aotizhongxin,2013-09-04 16:00:00
4506,2013,9,4,17,59.0,47.0,6.0,58.0,1000.0,82.0,21.2,1009.4,18.6,0.0,SSW,0.2,Aotizhongxin,2013-09-04 17:00:00
4507,2013,9,4,18,55.0,39.0,5.0,53.0,900.0,85.0,20.5,1009.5,19.0,0.0,WSW,0.4,Aotizhongxin,2013-09-04 18:00:00
4508,2013,9,4,19,45.0,49.0,5.0,58.0,1000.0,78.0,20.0,1009.9,19.0,0.7,WSW,1.2,Aotizhongxin,2013-09-04 19:00:00
4509,2013,9,4,20,63.0,81.0,5.0,69.0,1000.0,49.0,19.3,1010.6,18.6,3.2,NE,1.2,Aotizhongxin,2013-09-04 20:00:00
4510,2013,9,4,21,61.0,72.0,1.0,67.0,1200.0,38.0,19.1,1010.4,18.6,1.8,N,2.8,Aotizhongxin,2013-09-04 21:00:00
4511,2013,9,4,22,79.0,72.0,3.0,58.0,1100.0,38.0,18.2,1010.1,17.7,3.9,NE,1.2,Aotizhongxin,2013-09-04 22:00:00
4512,2013,9,4,23,55.0,55.0,1.0,48.0,700.0,53.0,18.3,1009.8,17.8,0.5,NNE,1.5,Aotizhongxin,2013-09-04 23:00:00
4513,2013,9,5,0,25.0,12.0,1.0,37.0,400.0,57.0,18.1,1009.8,17.8,0.6,NE,1.2,Aotizhongxin,2013-09-05 00:00:00
4514,2013,9,5,1,24.0,8.5,1.0,35.0,400.0,49.0,17.9,1009.6,17.6,1.1,NNE,1.0,Aotizhongxin,2013-09-05 01:00:00
4515,2013,9,5,2,21.0,5.0,4.0,38.0,300.0,35.0,17.0,1009.2,16.5,0.8,NE,1.3,Aotizhongxin,2013-09-05 02:00:00
4516,2013,9,5,3,16.0,2.0,2.0,35.0,300.0,30.0,16.9,1009.0,16.6,0.2,E,1.1,Aotizhongxin,2013-09-05 03:00:00
4517,2013,9,5,4,16.0,16.0,3.0,35.0,200.0,10.0,17.0,1009.0,16.7,0.1,NNE,0.2,Aotizhongxin,2013-09-05 04:00:00
4518,2013,9,5,5,7.0,8.0,1.0,42.0,300.0,18.0,17.0,1008.9,16.7,0.0,W,0.6,Aotizhongxin,2013-09-05 05:00:00
4519,2013,9,5,6,16.0,8.0,1.0,54.0,200.0,13.0,16.5,1008.9,16.3,0.0,WSW,0.6,Aotizhongxin,2013-09-05 06:00:00
4520,2013,9,5,7,7.0,9.0,2.0,59.0,300.0,6.0,18.7,1009.1,17.2,0.0,NNW,1.2,Aotizhongxin,2013-09-05 07:00:00
4521,2013,9,5,8,10.0,9.0,2.0,46.0,300.0,30.0,21.4,1009.1,15.9,0.0,NE,1.0,Aotizhongxin,2013-09-05 08:00:00
4522,2013,9,5,9,10.0,10.0,4.0,42.0,400.0,33.0,23.5,1009.2,15.5,0.0,ENE,2.1,Aotizhongxin,2013-09-05 09:00:00
4523,2013,9,5,10,10.0,10.0,4.0,27.0,300.0,50.0,24.6,1008.8,16.1,0.0,E,1.1,Aotizhongxin,2013-09-05 10:00:00
4524,2013,9,5,11,9.0,10.0,4.0,21.0,200.0,60.0,25.8,1008.2,14.3,0.0,ESE,0.5,Aotizhongxin,2013-09-05 11:00:00
4525,2013,9,5,12,12.0,13.0,5.0,18.0,300.0,72.0,26.5,1007.6,13.3,0.0,ESE,2.3,Aotizhongxin,2013-09-05 12:00:00
4526,2013,9,5,13,14.0,17.0,7.0,20.0,300.0,83.0,27.9,1007.2,13.8,0.0,SW,0.8,Aotizhongxin,2013-09-05 13:00:00
4527,2013,9,5,14,14.0,17.0,7.0,20.0,300.0,92.0,27.4,1006.8,14.4,0.0,NNE,0.7,Aotizhongxin,2013-09-05 14:00:00
4528,2013,9,5,15,13.0,24.0,6.0,25.0,200.0,97.0,28.0,1006.7,14.3,0.0,NNW,0.7,Aotizhongxin,2013-09-05 15:00:00
4529,2013,9,5,16,9.0,15.0,6.0,28.0,300.0,99.0,26.3,1006.7,15.4,0.0,S,1.6,Aotizhongxin,2013-09-05 16:00:00
4530,2013,9,5,17,17.0,26.0,4.0,37.0,300.0,86.0,24.6,1007.1,15.5,0.0,S,1.5,Aotizhongxin,2013-09-05 17:00:00
4531,2013,9,5,18,27.0,100.0,9.0,48.0,400.0,85.0,22.6,1007.7,17.5,0.0,SSE,1.9,Aotizhongxin,2013-09-05 18:00:00
4532,2013,9,5,19,39.0,89.0,13.0,55.0,1000.0,71.0,21.0,1009.4,17.0,0.0,SSE,1.1,Aotizhongxin,2013-09-05 19:00:00
4533,2013,9,5,20,41.0,55.0,13.0,50.0,1300.0,52.0,19.9,1010.5,15.7,0.0,S,1.7,Aotizhongxin,2013-09-05 20:00:00
4534,2013,9,5,21,39.0,40.0,11.0,49.0,1300.0,35.0,19.0,1011.1,15.5,0.0,SSE,1.0,Aotizhongxin,2013-09-05 21:00:00
4535,2013,9,5,22,45.0,40.0,12.0,43.0,1200.0,34.0,19.1,1011.1,15.6,0.0,S,1.4,Aotizhongxin,2013-09-05 22:00:00
4536,2013,9,5,23,39.0,44.0,13.0,43.0,1200.0,27.0,18.8,1011.3,15.7,0.0,SE,0.9,Aotizhongxin,2013-09-05 23:00:00
4537,2013,9,6,0,44.0,46.0,12.0,47.0,1200.0,20.0,18.7,1011.2,15.9,0.0,SW,0.7,Aotizhongxin,2013-09-06 00:00:00
4538,2013,9,6,1,39.0,48.0,13.0,39.0,1200.0,25.0,18.5,1010.7,15.7,0.0,NE,0.5,Aotizhongxin,2013-09-06 01:00:00
4539,2013,9,6,2,52.0,39.0,14.0,36.0,1200.0,24.0,18.4,1010.7,16.2,0.0,SSE,0.1,Aotizhongxin,2013-09-06 02:00:00
4540,2013,9,6,3,43.0,47.0,15.0,43.0,1300.0,19.0,18.2,1010.5,15.8,0.0,E,0.9,Aotizhongxin,2013-09-06 03:00:00
4541,2013,9,6,4,43.0,53.0,17.0,52.0,1400.0,6.0,18.5,1011.3,16.1,0.0,N,0.9,Aotizhongxin,2013-09-06 04:00:00
4542,2013,9,6,5,45.0,46.0,17.0,48.0,1400.0,12.0,18.2,1012.0,16.5,0.1,NNW,1.0,Aotizhongxin,2013-09-06 05:00:00
4543,2013,9,6,6,43.0,51.0,14.0,47.0,1100.0,12.0,17.7,1011.4,17.1,1.3,NNE,1.7,Aotizhongxin,2013-09-06 06:00:00
4544,2013,9,6,7,36.0,49.0,6.0,52.0,1100.0,6.0,18.3,1011.8,17.0,0.0,N,0.5,Aotizhongxin,2013-09-06 07:00:00
4545,2013,9,6,8,57.0,58.0,8.0,55.0,1200.0,1.0,19.6,1012.0,16.2,0.0,N,0.4,Aotizhongxin,2013-09-06 08:00:00
4546,2013,9,6,9,45.0,50.0,12.0,57.0,1400.0,3.0,20.9,1011.8,16.3,0.0,SW,0.9,Aotizhongxin,2013-09-06 09:00:00
4547,2013,9,6,10,62.0,50.0,17.0,56.0,1300.0,19.0,22.2,1011.5,16.5,0.0,SW,0.8,Aotizhongxin,2013-09-06 10:00:00
4548,2013,9,6,11,61.0,43.0,16.0,50.0,1100.0,45.0,23.7,1011.1,16.2,0.0,SE,0.8,Aotizhongxin,2013-09-06 11:00:00
4549,2013,9,6,12,64.0,44.0,15.0,53.0,1100.0,54.0,25.1,1010.5,16.3,0.0,WNW,1.4,Aotizhongxin,2013-09-06 12:00:00
4550,2013,9,6,13,49.0,59.0,9.0,56.0,1100.0,63.0,25.4,1009.8,17.1,0.0,SW,2.3,Aotizhongxin,2013-09-06 13:00:00
4551,2013,9,6,14,67.0,59.0,11.0,57.0,1100.0,79.0,25.4,1009.2,16.5,0.0,SW,3.0,Aotizhongxin,2013-09-06 14:00:00
4552,2013,9,6,15,67.0,62.0,11.0,57.0,1100.0,96.0,25.6,1008.9,16.4,0.0,WSW,3.4,Aotizhongxin,2013-09-06 15:00:00
4553,2013,9,6,16,63.0,71.0,16.0,52.0,1100.0,130.0,24.9,1009.1,16.6,0.0,SW,2.4,Aotizhongxin,2013-09-06 16:00:00
4554,2013,9,6,17,66.0,73.0,20.0,44.0,1100.0,141.0,23.7,1008.9,17.0,0.0,SW,1.6,Aotizhongxin,2013-09-06 17:00:00
4555,2013,9,6,18,75.0,93.0,19.0,45.0,1200.0,132.0,22.7,1009.5,17.2,0.0,SSW,1.2,Aotizhongxin,2013-09-06 18:00:00
4556,2013,9,6,19,93.0,120.0,18.0,56.0,1600.0,110.0,21.6,1010.0,17.6,0.0,SW,1.1,Aotizhongxin,2013-09-06 19:00:00
4557,2013,9,6,20,109.0,126.0,17.0,62.0,1800.0,92.0,19.7,1010.6,17.8,0.0,SE,0.1,Aotizhongxin,2013-09-06 20:00:00
4558,2013,9,6,21,119.0,120.0,15.0,68.0,1900.0,69.0,19.7,1011.1,18.4,0.0,SW,1.3,Aotizhongxin,2013-09-06 21:00:00
4559,2013,9,6,22,105.0,110.0,17.0,72.0,2100.0,48.0,19.9,1011.3,18.7,0.0,SE,0.0,Aotizhongxin,2013-09-06 22:00:00
4560,2013,9,6,23,98.0,111.0,17.0,78.0,2300.0,30.0,19.4,1011.2,18.6,0.0,SE,0.2,Aotizhongxin,2013-09-06 23:00:00
4561,2013,9,7,0,101.0,117.0,17.0,88.0,2500.0,14.0,18.7,1011.1,17.9,0.0,NE,0.7,Aotizhongxin,2013-09-07 00:00:00
4562,2013,9,7,1,106.0,111.0,18.0,89.0,2400.0,8.0,18.5,1011.0,17.7,0.0,NE,0.8,Aotizhongxin,2013-09-07 01:00:00
4563,2013,9,7,2,102.0,120.0,13.0,101.0,2300.0,1.0,18.8,1010.9,17.8,0.0,NE,1.0,Aotizhongxin,2013-09-07 02:00:00
4564,2013,9,7,3,129.0,133.0,12.0,89.0,2200.0,1.0,18.3,1011.0,17.7,0.0,NE,0.6,Aotizhongxin,2013-09-07 03:00:00
4565,2013,9,7,4,106.0,122.0,13.0,88.0,1900.0,1.0,17.8,1011.3,17.3,0.0,NE,0.8,Aotizhongxin,2013-09-07 04:00:00
4566,2013,9,7,5,96.0,107.0,13.0,81.0,1800.0,1.0,18.2,1011.7,17.7,0.0,NE,0.7,Aotizhongxin,2013-09-07 05:00:00
4567,2013,9,7,6,95.0,104.0,12.0,77.0,1800.0,1.0,18.6,1012.3,18.1,0.0,ENE,1.1,Aotizhongxin,2013-09-07 06:00:00
4568,2013,9,7,7,96.0,104.0,12.0,64.0,1800.0,4.0,19.5,1012.6,17.6,0.0,NE,1.2,Aotizhongxin,2013-09-07 07:00:00
4569,2013,9,7,8,94.0,107.0,9.0,65.0,1600.0,1.0,22.2,1013.0,16.7,0.0,NE,2.1,Aotizhongxin,2013-09-07 08:00:00
4570,2013,9,7,9,94.0,107.0,13.0,70.0,1600.0,7.0,23.9,1013.0,16.9,0.0,NE,1.4,Aotizhongxin,2013-09-07 09:00:00
4571,2013,9,7,10,103.0,107.0,17.0,50.0,1500.0,62.0,25.6,1012.5,15.9,0.0,NNE,1.7,Aotizhongxin,2013-09-07 10:00:00
4572,2013,9,7,11,91.0,75.0,14.0,42.0,1200.0,81.0,26.6,1012.0,15.6,0.0,NNE,1.1,Aotizhongxin,2013-09-07 11:00:00
4573,2013,9,7,12,62.0,19.0,13.0,29.0,900.0,109.0,27.3,1011.3,15.3,0.0,ENE,1.8,Aotizhongxin,2013-09-07 12:00:00
4574,2013,9,7,13,40.0,40.0,11.0,20.0,700.0,127.0,28.2,1010.5,14.1,0.0,ENE,1.3,Aotizhongxin,2013-09-07 13:00:00
4575,2013,9,7,14,30.0,9.0,8.0,18.0,500.0,129.0,28.7,1009.9,14.1,0.0,NNE,1.1,Aotizhongxin,2013-09-07 14:00:00
4576,2013,9,7,15,8.0,12.0,8.0,18.0,400.0,128.0,29.1,1009.9,14.1,0.0,ENE,1.1,Aotizhongxin,2013-09-07 15:00:00
4577,2013,9,7,16,20.0,48.0,8.0,19.0,400.0,126.0,28.4,1009.6,14.2,0.0,SSE,0.9,Aotizhongxin,2013-09-07 16:00:00
4578,2013,9,7,17,23.0,37.0,7.0,30.0,400.0,124.0,25.3,1010.0,16.4,0.0,WSW,0.7,Aotizhongxin,2013-09-07 17:00:00
4579,2013,9,7,18,22.0,30.0,7.0,35.0,400.0,121.0,23.7,1010.4,15.5,0.0,SW,1.4,Aotizhongxin,2013-09-07 18:00:00
4580,2013,9,7,19,27.0,47.0,6.0,61.0,600.0,83.0,21.1,1011.1,17.1,0.0,WSW,0.8,Aotizhongxin,2013-09-07 19:00:00
4581,2013,9,7,20,43.0,111.0,6.0,78.0,700.0,80.0,20.1,1011.6,16.9,0.0,SSW,0.1,Aotizhongxin,2013-09-07 20:00:00
4582,2013,9,7,21,70.0,138.0,9.0,91.0,1000.0,61.0,19.5,1011.9,17.3,0.0,N,0.2,Aotizhongxin,2013-09-07 21:00:00
4583,2013,9,7,22,85.0,159.0,10.0,130.0,1200.0,19.0,19.3,1011.9,18.0,0.0,E,0.0,Aotizhongxin,2013-09-07 22:00:00
4584,2013,9,7,23,90.0,139.0,6.0,120.0,1300.0,15.0,19.2,1012.0,17.0,0.0,NE,1.4,Aotizhongxin,2013-09-07 23:00:00
4585,2013,9,8,0,89.0,126.0,6.0,124.0,1500.0,1.0,19.4,1011.9,16.2,0.0,NE,1.2,Aotizhongxin,2013-09-08 00:00:00
4586,2013,9,8,1,90.0,149.0,11.0,129.0,1400.0,1.0,19.2,1011.5,16.2,0.0,NNE,1.0,Aotizhongxin,2013-09-08 01:00:00
4587,2013,9,8,2,100.0,203.0,15.0,95.0,1200.0,1.0,18.9,1011.5,16.5,0.0,NNE,1.1,Aotizhongxin,2013-09-08 02:00:00
4588,2013,9,8,3,90.0,156.0,13.0,79.0,900.0,1.0,18.9,1011.4,16.1,0.0,ENE,0.9,Aotizhongxin,2013-09-08 03:00:00
4589,2013,9,8,4,47.0,48.0,10.0,79.0,400.0,1.0,18.6,1011.9,15.7,0.0,ENE,0.5,Aotizhongxin,2013-09-08 04:00:00
4590,2013,9,8,5,29.0,40.0,7.0,51.0,400.0,8.0,18.5,1012.0,15.4,0.0,ENE,0.8,Aotizhongxin,2013-09-08 05:00:00
4591,2013,9,8,6,28.0,37.0,7.0,52.0,600.0,12.0,19.1,1012.5,16.3,0.0,NE,0.9,Aotizhongxin,2013-09-08 06:00:00
4592,2013,9,8,7,28.0,45.0,5.0,46.0,700.0,14.0,19.9,1012.9,15.7,0.0,NE,1.7,Aotizhongxin,2013-09-08 07:00:00
4593,2013,9,8,8,35.0,72.0,5.0,53.0,500.0,6.0,20.6,1012.7,15.8,0.0,ENE,1.4,Aotizhongxin,2013-09-08 08:00:00
4594,2013,9,8,9,39.0,75.0,6.0,52.0,700.0,14.0,21.8,1013.0,16.7,0.0,NE,1.2,Aotizhongxin,2013-09-08 09:00:00
4595,2013,9,8,10,55.0,109.0,12.0,54.0,1300.0,22.0,22.6,1012.8,17.3,0.0,ENE,1.3,Aotizhongxin,2013-09-08 10:00:00
4596,2013,9,8,11,86.0,141.0,23.0,62.0,1800.0,37.0,23.7,1012.0,17.4,0.0,NE,1.4,Aotizhongxin,2013-09-08 11:00:00
4597,2013,9,8,12,86.0,148.0,25.0,68.0,1700.0,38.0,24.1,1011.1,17.3,0.0,NNE,1.1,Aotizhongxin,2013-09-08 12:00:00
4598,2013,9,8,13,105.0,159.0,34.0,63.0,1600.0,60.0,24.7,1010.6,17.9,0.0,NNW,0.5,Aotizhongxin,2013-09-08 13:00:00
4599,2013,9,8,14,121.0,151.0,61.0,51.0,1600.0,87.0,24.7,1009.7,18.4,0.0,ENE,0.9,Aotizhongxin,2013-09-08 14:00:00
4600,2013,9,8,15,116.0,138.0,53.0,55.0,1600.0,97.0,24.7,1009.1,18.6,0.0,NE,1.3,Aotizhongxin,2013-09-08 15:00:00
4601,2013,9,8,16,117.0,134.0,50.0,56.0,1700.0,105.0,24.3,1008.9,18.9,0.0,NNE,1.2,Aotizhongxin,2013-09-08 16:00:00
4602,2013,9,8,17,128.0,163.0,43.0,59.0,1700.0,101.0,22.1,1008.9,19.6,8.6,NNW,1.9,Aotizhongxin,2013-09-08 17:00:00
4603,2013,9,8,18,148.0,204.0,36.0,63.0,2400.0,84.0,21.1,1008.9,20.3,0.0,SE,0.1,Aotizhongxin,2013-09-08 18:00:00
4604,2013,9,8,19,165.0,194.0,19.0,59.0,3000.0,71.0,20.9,1009.7,20.2,0.6,ENE,1.0,Aotizhongxin,2013-09-08 19:00:00
4605,2013,9,8,20,112.0,194.0,18.0,65.0,1900.0,65.0,20.5,1009.8,20.0,0.1,NNE,0.7,Aotizhongxin,2013-09-08 20:00:00
4606,2013,9,8,21,98.0,85.0,12.0,42.0,1900.0,73.0,19.4,1010.2,17.9,0.0,NE,1.6,Aotizhongxin,2013-09-08 21:00:00
4607,2013,9,8,22,103.0,25.0,13.0,76.0,1600.0,38.0,18.5,1009.4,17.5,0.0,ENE,1.0,Aotizhongxin,2013-09-08 22:00:00
4608,2013,9,8,23,38.0,38.0,7.0,34.0,500.0,87.0,18.5,1009.2,17.7,0.0,S,0.4,Aotizhongxin,2013-09-08 23:00:00
4609,2013,9,9,0,21.0,32.0,6.0,41.0,500.0,65.0,18.2,1008.9,17.7,0.0,SE,0.5,Aotizhongxin,2013-09-09 00:00:00
4610,2013,9,9,1,25.0,36.0,5.0,48.0,500.0,46.0,18.8,1009.0,18.0,0.0,NNE,1.0,Aotizhongxin,2013-09-09 01:00:00
4611,2013,9,9,2,30.0,40.0,4.0,62.0,700.0,28.0,18.7,1008.6,17.9,0.0,NNE,1.3,Aotizhongxin,2013-09-09 02:00:00
4612,2013,9,9,3,50.0,52.0,4.0,81.0,600.0,12.0,18.5,1008.2,17.7,0.0,ENE,0.2,Aotizhongxin,2013-09-09 03:00:00
4613,2013,9,9,4,54.0,52.0,5.0,49.0,500.0,46.0,18.7,1008.2,17.9,0.0,ESE,0.7,Aotizhongxin,2013-09-09 04:00:00
4614,2013,9,9,5,40.0,44.0,4.0,59.0,600.0,21.0,19.1,1008.5,17.4,0.0,WSW,1.9,Aotizhongxin,2013-09-09 05:00:00
4615,2013,9,9,6,65.0,69.0,3.0,63.0,700.0,22.0,18.8,1008.5,18.1,0.2,WSW,1.3,Aotizhongxin,2013-09-09 06:00:00
4616,2013,9,9,7,63.0,65.0,7.0,52.0,1000.0,27.0,19.1,1008.5,18.4,0.0,S,0.6,Aotizhongxin,2013-09-09 07:00:00
4617,2013,9,9,8,84.0,84.0,10.0,62.0,1200.0,12.0,19.3,1008.6,18.5,0.0,NE,0.7,Aotizhongxin,2013-09-09 08:00:00
4618,2013,9,9,9,90.0,109.0,11.0,79.0,1500.0,1.0,20.9,1008.8,18.8,0.0,WNW,0.6,Aotizhongxin,2013-09-09 09:00:00
4619,2013,9,9,10,116.0,130.0,14.0,78.0,1700.0,1.0,23.3,1008.3,18.4,0.0,SE,0.0,Aotizhongxin,2013-09-09 10:00:00
4620,2013,9,9,11,133.0,130.0,19.0,69.0,1400.0,26.0,24.2,1007.3,17.4,0.0,SSW,1.4,Aotizhongxin,2013-09-09 11:00:00
4621,2013,9,9,12,109.0,88.0,19.0,55.0,1000.0,73.0,25.0,1006.7,16.7,0.0,WSW,1.8,Aotizhongxin,2013-09-09 12:00:00
4622,2013,9,9,13,89.0,54.0,18.0,41.0,700.0,105.0,25.7,1005.9,16.3,0.0,SSW,1.6,Aotizhongxin,2013-09-09 13:00:00
4623,2013,9,9,14,62.0,64.0,16.0,30.0,600.0,126.0,25.5,1005.5,16.6,0.0,SW,2.9,Aotizhongxin,2013-09-09 14:00:00
4624,2013,9,9,15,67.0,70.0,14.0,29.0,500.0,130.0,25.5,1005.2,17.2,0.0,SSW,1.3,Aotizhongxin,2013-09-09 15:00:00
4625,2013,9,9,16,68.0,79.0,14.0,34.0,500.0,117.0,24.6,1004.9,16.3,0.0,SW,2.6,Aotizhongxin,2013-09-09 16:00:00
4626,2013,9,9,17,73.0,78.0,14.0,35.0,500.0,116.0,23.4,1005.0,16.7,0.0,WSW,2.6,Aotizhongxin,2013-09-09 17:00:00
4627,2013,9,9,18,81.0,99.0,15.0,45.0,600.0,108.0,22.4,1005.5,16.9,0.0,SW,2.1,Aotizhongxin,2013-09-09 18:00:00
4628,2013,9,9,19,82.0,107.0,15.0,52.0,700.0,92.0,21.9,1006.5,17.1,0.0,SSW,1.1,Aotizhongxin,2013-09-09 19:00:00
4629,2013,9,9,20,94.0,128.0,14.0,58.0,800.0,76.0,22.0,1006.9,17.4,0.0,SW,2.1,Aotizhongxin,2013-09-09 20:00:00
4630,2013,9,9,21,97.0,122.0,15.0,58.0,900.0,60.0,21.4,1006.7,17.4,0.0,SW,2.8,Aotizhongxin,2013-09-09 21:00:00
4631,2013,9,9,22,104.0,107.0,15.0,61.0,900.0,52.0,21.1,1006.8,17.3,0.0,SW,1.5,Aotizhongxin,2013-09-09 22:00:00
4632,2013,9,9,23,94.0,100.0,14.0,52.0,700.0,58.0,20.9,1006.5,17.5,0.0,SSW,0.8,Aotizhongxin,2013-09-09 23:00:00
4633,2013,9,10,0,93.0,99.0,14.0,53.0,600.0,54.0,20.0,1006.1,18.0,0.0,SW,0.1,Aotizhongxin,2013-09-10 00:00:00
4634,2013,9,10,1,97.0,102.0,14.0,51.0,600.0,44.0,19.3,1006.0,18.0,0.0,S,0.2,Aotizhongxin,2013-09-10 01:00:00
4635,2013,9,10,2,100.0,112.0,13.0,55.0,700.0,32.0,18.6,1006.1,17.6,0.0,WNW,0.8,Aotizhongxin,2013-09-10 02:00:00
4636,2013,9,10,3,90.0,100.0,12.0,54.0,700.0,27.0,18.1,1005.8,17.5,0.0,SW,0.0,Aotizhongxin,2013-09-10 03:00:00
4637,2013,9,10,4,93.0,104.0,12.0,62.0,700.0,12.0,18.1,1005.8,17.6,0.0,E,0.6,Aotizhongxin,2013-09-10 04:00:00
4638,2013,9,10,5,111.0,118.0,11.0,80.0,700.0,1.0,18.0,1006.1,17.7,0.0,NE,0.8,Aotizhongxin,2013-09-10 05:00:00
4639,2013,9,10,6,119.0,152.0,9.0,84.0,1000.0,1.0,18.5,1006.5,18.2,0.0,NE,1.4,Aotizhongxin,2013-09-10 06:00:00
4640,2013,9,10,7,131.0,154.0,10.0,77.0,1200.0,1.0,21.0,1007.3,16.8,0.0,NNE,1.6,Aotizhongxin,2013-09-10 07:00:00
4641,2013,9,10,8,132.0,146.0,12.0,76.0,1300.0,1.0,23.9,1007.9,15.9,0.0,N,2.9,Aotizhongxin,2013-09-10 08:00:00
4642,2013,9,10,9,98.0,146.0,18.0,71.0,1000.0,8.0,26.2,1008.2,11.5,0.0,NE,3.3,Aotizhongxin,2013-09-10 09:00:00
4643,2013,9,10,10,24.0,24.0,15.0,36.0,500.0,38.0,26.9,1007.7,11.0,0.0,NE,2.7,Aotizhongxin,2013-09-10 10:00:00
4644,2013,9,10,11,7.0,7.0,8.0,19.0,300.0,51.0,27.6,1007.5,11.2,0.0,NE,2.0,Aotizhongxin,2013-09-10 11:00:00
4645,2013,9,10,12,10.0,13.0,7.0,16.0,200.0,60.0,28.7,1007.1,9.4,0.0,ENE,1.7,Aotizhongxin,2013-09-10 12:00:00
4646,2013,9,10,13,9.0,12.0,10.0,17.0,300.0,64.0,29.7,1006.2,9.2,0.0,NNE,2.4,Aotizhongxin,2013-09-10 13:00:00
4647,2013,9,10,14,3.0,6.0,11.0,19.0,200.0,68.0,29.7,1006.1,4.3,0.0,N,3.4,Aotizhongxin,2013-09-10 14:00:00
4648,2013,9,10,15,12.0,6.0,11.0,19.0,300.0,81.0,29.6,1005.8,5.6,0.0,NNE,2.2,Aotizhongxin,2013-09-10 15:00:00
4649,2013,9,10,16,4.0,8.0,10.0,33.0,300.0,87.0,29.7,1005.8,7.6,0.0,NNW,1.0,Aotizhongxin,2013-09-10 16:00:00
4650,2013,9,10,17,3.0,9.0,8.0,47.0,200.0,81.0,26.5,1006.1,8.5,0.0,NNW,1.0,Aotizhongxin,2013-09-10 17:00:00
4651,2013,9,10,18,8.0,13.0,7.0,61.0,300.0,75.0,20.5,1006.3,12.2,0.0,WSW,0.5,Aotizhongxin,2013-09-10 18:00:00
4652,2013,9,10,19,11.0,32.0,7.0,75.0,400.0,46.0,18.1,1006.6,10.7,0.0,SSE,0.9,Aotizhongxin,2013-09-10 19:00:00
4653,2013,9,10,20,21.0,56.0,6.0,89.0,700.0,12.0,17.3,1007.8,12.2,0.0,ENE,0.2,Aotizhongxin,2013-09-10 20:00:00
4654,2013,9,10,21,32.0,104.0,9.0,103.0,1200.0,1.0,16.7,1008.2,12.8,0.0,SW,0.4,Aotizhongxin,2013-09-10 21:00:00
4655,2013,9,10,22,29.0,103.0,10.0,94.0,1200.0,1.0,16.2,1008.3,13.7,0.0,N,0.0,Aotizhongxin,2013-09-10 22:00:00
4656,2013,9,10,23,29.0,103.0,9.0,93.0,1200.0,1.0,16.3,1008.8,11.4,0.0,NE,0.8,Aotizhongxin,2013-09-10 23:00:00
4657,2013,9,11,0,33.0,71.0,11.0,81.0,1100.0,1.0,16.0,1008.7,11.8,0.0,NNE,0.9,Aotizhongxin,2013-09-11 00:00:00
4658,2013,9,11,1,50.0,172.0,13.0,79.0,1100.0,1.0,15.8,1008.9,12.2,0.0,NE,1.0,Aotizhongxin,2013-09-11 01:00:00
4659,2013,9,11,2,38.0,103.0,11.0,63.0,700.0,1.0,15.3,1008.9,12.4,0.0,ENE,0.9,Aotizhongxin,2013-09-11 02:00:00
4660,2013,9,11,3,23.0,40.0,7.0,51.0,200.0,1.0,14.3,1009.3,11.6,0.0,N,0.0,Aotizhongxin,2013-09-11 03:00:00
4661,2013,9,11,4,17.0,29.0,6.0,51.0,200.0,1.0,13.6,1009.1,11.8,0.0,N,0.8,Aotizhongxin,2013-09-11 04:00:00
4662,2013,9,11,5,16.0,44.0,5.0,55.0,200.0,1.0,14.2,1009.8,11.4,0.0,NE,1.4,Aotizhongxin,2013-09-11 05:00:00
4663,2013,9,11,6,18.0,59.0,6.0,61.0,300.0,1.0,15.0,1010.2,11.6,0.0,NE,1.0,Aotizhongxin,2013-09-11 06:00:00
4664,2013,9,11,7,18.0,53.0,6.0,57.0,300.0,1.0,18.4,1010.6,12.6,0.0,NE,0.7,Aotizhongxin,2013-09-11 07:00:00
4665,2013,9,11,8,27.0,56.0,10.0,59.0,400.0,1.0,21.2,1010.9,12.3,0.0,ENE,1.5,Aotizhongxin,2013-09-11 08:00:00
4666,2013,9,11,9,29.0,89.0,11.0,64.0,500.0,1.0,23.0,1010.8,13.2,0.0,ENE,1.8,Aotizhongxin,2013-09-11 09:00:00
4667,2013,9,11,10,77.0,180.0,28.0,84.0,1400.0,11.0,24.4,1010.4,14.5,0.0,SSW,0.9,Aotizhongxin,2013-09-11 10:00:00
4668,2013,9,11,11,96.0,162.0,33.0,92.0,1400.0,33.0,26.4,1009.5,14.8,0.0,NNE,1.1,Aotizhongxin,2013-09-11 11:00:00
4669,2013,9,11,12,97.0,159.0,30.0,98.0,1400.0,57.0,27.8,1008.6,15.5,0.0,SW,3.4,Aotizhongxin,2013-09-11 12:00:00
4670,2013,9,11,13,95.0,131.0,24.0,89.0,1200.0,90.0,28.6,1007.4,16.8,0.0,SW,3.2,Aotizhongxin,2013-09-11 13:00:00
4671,2013,9,11,14,63.0,75.0,15.0,52.0,600.0,133.0,28.8,1007.3,17.3,0.0,SSW,2.3,Aotizhongxin,2013-09-11 14:00:00
4672,2013,9,11,15,62.0,132.0,18.0,40.0,500.0,151.0,28.6,1006.7,16.8,0.0,WSW,3.7,Aotizhongxin,2013-09-11 15:00:00
4673,2013,9,11,16,81.0,150.0,24.0,50.0,600.0,168.0,27.9,1006.9,16.5,0.0,SW,2.8,Aotizhongxin,2013-09-11 16:00:00
4674,2013,9,11,17,72.0,119.0,21.0,49.0,600.0,163.0,26.7,1007.0,17.7,0.0,SSW,2.3,Aotizhongxin,2013-09-11 17:00:00
4675,2013,9,11,18,74.0,141.0,21.0,51.0,700.0,156.0,25.5,1007.2,17.2,0.0,SSW,1.6,Aotizhongxin,2013-09-11 18:00:00
4676,2013,9,11,19,101.0,134.0,27.0,53.0,800.0,141.0,24.9,1007.8,16.3,0.0,SSW,2.0,Aotizhongxin,2013-09-11 19:00:00
4677,2013,9,11,20,78.0,112.0,20.0,65.0,800.0,111.0,23.8,1008.3,16.3,0.0,SW,2.0,Aotizhongxin,2013-09-11 20:00:00
4678,2013,9,11,21,71.0,72.0,16.0,62.0,800.0,101.0,23.5,1008.4,16.3,0.0,SW,1.3,Aotizhongxin,2013-09-11 21:00:00
4679,2013,9,11,22,71.0,129.0,16.0,55.0,800.0,97.0,22.5,1008.5,17.0,0.0,WSW,0.9,Aotizhongxin,2013-09-11 22:00:00
4680,2013,9,11,23,85.0,149.0,16.0,63.0,900.0,79.0,19.6,1008.4,17.0,0.0,SSW,0.8,Aotizhongxin,2013-09-11 23:00:00
4681,2013,9,12,0,94.0,128.0,18.0,66.0,900.0,65.0,19.1,1008.4,17.1,0.0,SW,0.9,Aotizhongxin,2013-09-12 00:00:00
4682,2013,9,12,1,102.0,152.0,16.0,94.0,1000.0,36.0,18.3,1007.9,16.8,0.0,N,0.4,Aotizhongxin,2013-09-12 01:00:00
4683,2013,9,12,2,109.0,161.0,12.0,105.0,1000.0,23.0,18.0,1007.8,17.2,0.0,E,0.6,Aotizhongxin,2013-09-12 02:00:00
4684,2013,9,12,3,111.0,157.0,10.0,114.0,1000.0,6.0,17.8,1007.5,17.3,0.0,ENE,1.0,Aotizhongxin,2013-09-12 03:00:00
4685,2013,9,12,4,116.0,164.0,13.0,120.0,1100.0,1.0,17.7,1007.7,17.2,0.0,ENE,0.8,Aotizhongxin,2013-09-12 04:00:00
4686,2013,9,12,5,126.0,158.0,13.0,97.0,1100.0,1.0,17.6,1008.1,17.1,0.0,NE,1.3,Aotizhongxin,2013-09-12 05:00:00
4687,2013,9,12,6,122.0,193.0,10.0,104.0,1200.0,1.0,17.9,1008.6,17.4,0.0,NE,1.1,Aotizhongxin,2013-09-12 06:00:00
4688,2013,9,12,7,125.0,190.0,9.0,87.0,1400.0,1.0,19.3,1008.4,17.3,0.0,NE,1.7,Aotizhongxin,2013-09-12 07:00:00
4689,2013,9,12,8,141.0,209.0,13.0,90.0,1700.0,1.0,20.9,1008.5,17.3,0.0,NE,1.6,Aotizhongxin,2013-09-12 08:00:00
4690,2013,9,12,9,142.0,197.0,34.0,115.0,1600.0,1.0,22.3,1008.6,17.0,0.0,NNE,1.6,Aotizhongxin,2013-09-12 09:00:00
4691,2013,9,12,10,155.0,217.0,16.0,130.0,2100.0,2.0,24.0,1007.9,17.7,0.0,NNW,1.1,Aotizhongxin,2013-09-12 10:00:00
4692,2013,9,12,11,174.0,242.0,18.0,147.0,2100.0,4.0,25.6,1007.0,17.8,0.0,N,1.6,Aotizhongxin,2013-09-12 11:00:00
4693,2013,9,12,12,187.0,232.0,26.0,157.0,2200.0,24.0,24.6,1006.3,18.8,0.0,NW,0.4,Aotizhongxin,2013-09-12 12:00:00
4694,2013,9,12,13,147.0,152.0,48.0,76.0,1400.0,124.0,24.0,1005.7,17.7,0.0,W,1.8,Aotizhongxin,2013-09-12 13:00:00
4695,2013,9,12,14,144.0,164.0,49.0,60.0,1300.0,137.0,23.6,1004.9,18.0,0.0,WNW,1.2,Aotizhongxin,2013-09-12 14:00:00
4696,2013,9,12,15,144.0,164.0,49.0,82.0,1400.0,100.0,25.2,1004.0,18.2,0.0,WSW,1.1,Aotizhongxin,2013-09-12 15:00:00
4697,2013,9,12,16,159.0,179.0,57.0,100.0,1600.0,81.0,24.6,1003.4,19.9,0.0,S,0.1,Aotizhongxin,2013-09-12 16:00:00
4698,2013,9,12,17,156.0,185.0,63.0,109.0,1600.0,74.0,23.7,1003.1,19.0,0.0,S,0.5,Aotizhongxin,2013-09-12 17:00:00
4699,2013,9,12,18,176.0,253.0,32.0,143.0,1900.0,39.0,23.1,1003.3,19.1,0.0,NNE,0.5,Aotizhongxin,2013-09-12 18:00:00
4700,2013,9,12,19,181.0,224.0,28.0,140.0,1800.0,44.0,22.5,1003.8,18.9,0.0,NE,0.7,Aotizhongxin,2013-09-12 19:00:00
4701,2013,9,12,20,191.0,254.0,23.0,143.0,1900.0,29.0,22.3,1003.8,19.5,0.0,ENE,0.2,Aotizhongxin,2013-09-12 20:00:00
4702,2013,9,12,21,206.0,253.0,17.0,144.0,2000.0,5.0,21.7,1003.6,19.8,0.0,W,0.8,Aotizhongxin,2013-09-12 21:00:00
4703,2013,9,12,22,224.0,265.0,14.0,158.0,2300.0,1.0,19.6,1002.1,18.1,4.0,SE,1.0,Aotizhongxin,2013-09-12 22:00:00
4704,2013,9,12,23,144.0,265.0,13.0,96.0,1300.0,41.0,19.0,1003.6,18.3,0.1,SSW,1.1,Aotizhongxin,2013-09-12 23:00:00
4705,2013,9,13,0,54.0,43.0,3.0,49.0,700.0,53.0,19.2,1003.3,17.2,0.0,SSW,2.5,Aotizhongxin,2013-09-13 00:00:00
4706,2013,9,13,1,90.0,51.0,3.0,49.0,800.0,46.0,19.0,1002.7,17.0,0.0,SW,2.8,Aotizhongxin,2013-09-13 01:00:00
4707,2013,9,13,2,61.0,40.5,2.0,35.0,500.0,54.0,18.9,1002.3,17.4,0.0,SSW,1.0,Aotizhongxin,2013-09-13 02:00:00
4708,2013,9,13,3,53.0,30.0,3.0,26.0,500.0,62.0,17.8,1002.0,17.2,0.0,WNW,0.0,Aotizhongxin,2013-09-13 03:00:00
4709,2013,9,13,4,39.0,39.0,3.0,30.0,500.0,49.0,18.1,1002.1,17.6,0.0,SW,0.1,Aotizhongxin,2013-09-13 04:00:00
4710,2013,9,13,5,41.0,58.0,2.0,32.0,600.0,35.0,17.9,1002.0,17.6,0.0,NE,0.9,Aotizhongxin,2013-09-13 05:00:00
4711,2013,9,13,6,67.0,58.0,2.0,56.0,600.0,10.0,18.5,1002.1,17.8,0.0,NNW,1.3,Aotizhongxin,2013-09-13 06:00:00
4712,2013,9,13,7,72.0,47.0,3.0,73.0,600.0,1.0,18.7,1002.0,17.9,0.0,NE,1.4,Aotizhongxin,2013-09-13 07:00:00
4713,2013,9,13,8,68.0,47.0,4.0,78.0,700.0,1.0,18.9,1001.7,18.1,0.0,NE,1.2,Aotizhongxin,2013-09-13 08:00:00
4714,2013,9,13,9,44.0,46.0,4.0,80.0,800.0,1.0,19.1,1001.8,18.1,0.0,ENE,1.4,Aotizhongxin,2013-09-13 09:00:00
4715,2013,9,13,10,58.0,73.0,6.0,82.0,1000.0,1.0,19.6,1001.3,18.3,0.0,NNE,1.8,Aotizhongxin,2013-09-13 10:00:00
4716,2013,9,13,11,62.0,83.0,6.0,80.0,1000.0,1.0,19.8,1000.4,18.6,0.0,NNE,1.8,Aotizhongxin,2013-09-13 11:00:00
4717,2013,9,13,12,77.0,90.0,3.0,83.0,1000.0,1.0,20.2,999.9,18.3,0.0,NE,0.8,Aotizhongxin,2013-09-13 12:00:00
4718,2013,9,13,13,85.0,102.0,2.0,81.0,1000.0,1.0,20.5,999.5,18.6,0.0,ENE,0.9,Aotizhongxin,2013-09-13 13:00:00
4719,2013,9,13,14,102.0,118.0,4.0,78.0,1100.0,1.0,20.3,998.9,19.0,0.0,NNE,1.4,Aotizhongxin,2013-09-13 14:00:00
4720,2013,9,13,15,108.0,136.0,4.0,75.0,1200.0,1.0,20.3,998.8,19.1,0.0,NE,1.4,Aotizhongxin,2013-09-13 15:00:00
4721,2013,9,13,16,124.0,181.0,5.0,77.0,1400.0,1.0,20.3,998.6,19.3,0.0,NE,1.1,Aotizhongxin,2013-09-13 16:00:00
4722,2013,9,13,17,125.0,156.0,4.0,73.0,1500.0,1.0,20.2,998.7,19.5,0.0,NNE,1.2,Aotizhongxin,2013-09-13 17:00:00
4723,2013,9,13,18,130.0,165.0,5.0,70.0,1900.0,1.0,19.9,998.9,19.2,0.0,NW,1.0,Aotizhongxin,2013-09-13 18:00:00
4724,2013,9,13,19,157.0,219.0,5.0,72.0,1900.0,1.0,19.8,1001.8,19.3,0.0,NNE,2.6,Aotizhongxin,2013-09-13 19:00:00
4725,2013,9,13,20,163.0,221.0,6.0,68.0,1900.0,1.0,19.9,1001.6,19.6,0.8,W,2.3,Aotizhongxin,2013-09-13 20:00:00
4726,2013,9,13,21,100.0,221.0,5.0,61.0,1400.0,1.0,19.8,1000.5,19.5,0.0,ESE,1.3,Aotizhongxin,2013-09-13 21:00:00
4727,2013,9,13,22,67.0,72.0,5.0,61.0,1500.0,1.0,19.9,1000.5,19.7,0.1,SW,1.0,Aotizhongxin,2013-09-13 22:00:00
4728,2013,9,13,23,65.0,74.0,4.0,59.0,1600.0,1.0,19.9,1000.8,19.7,0.0,NNE,1.0,Aotizhongxin,2013-09-13 23:00:00
4729,2013,9,14,0,95.0,100.0,5.0,63.0,1600.0,1.0,20.1,1000.7,19.9,0.0,W,0.5,Aotizhongxin,2013-09-14 00:00:00
4730,2013,9,14,1,109.0,117.0,6.0,63.0,1600.0,1.0,19.9,1000.6,19.7,0.0,NNE,1.2,Aotizhongxin,2013-09-14 01:00:00
4731,2013,9,14,2,109.0,117.0,6.0,63.0,1400.0,1.0,19.4,1000.3,19.2,0.0,NE,1.4,Aotizhongxin,2013-09-14 02:00:00
4732,2013,9,14,3,75.0,90.0,6.0,53.0,1200.0,1.0,19.0,1001.0,18.8,0.1,NE,1.0,Aotizhongxin,2013-09-14 03:00:00
4733,2013,9,14,4,93.0,97.0,6.0,50.5,1200.0,1.0,18.8,1001.4,18.6,0.0,NE,1.0,Aotizhongxin,2013-09-14 04:00:00
4734,2013,9,14,5,80.0,97.0,5.0,48.0,1400.0,1.0,19.2,1001.8,19.2,0.0,NNE,1.2,Aotizhongxin,2013-09-14 05:00:00
4735,2013,9,14,6,65.0,40.0,4.0,53.0,1300.0,1.0,19.2,1002.9,19.2,0.0,SW,1.2,Aotizhongxin,2013-09-14 06:00:00
4736,2013,9,14,7,68.0,77.0,3.0,53.0,1300.0,1.0,19.0,1003.6,19.0,0.0,N,0.0,Aotizhongxin,2013-09-14 07:00:00
4737,2013,9,14,8,55.0,61.0,3.0,56.0,1300.0,1.0,20.2,1003.8,20.0,0.0,NNE,1.4,Aotizhongxin,2013-09-14 08:00:00
4738,2013,9,14,9,63.0,83.0,4.0,58.0,1300.0,1.0,23.3,1003.9,19.7,0.0,SSW,0.8,Aotizhongxin,2013-09-14 09:00:00
4739,2013,9,14,10,80.0,85.0,5.0,69.0,1400.0,8.0,25.4,1003.5,20.6,0.0,N,0.8,Aotizhongxin,2013-09-14 10:00:00
4740,2013,9,14,11,103.0,85.0,8.0,90.0,1400.0,11.0,28.1,1003.0,18.5,0.0,NW,1.6,Aotizhongxin,2013-09-14 11:00:00
4741,2013,9,14,12,42.0,42.0,11.0,47.0,700.0,57.0,31.1,1002.8,12.0,0.0,N,2.1,Aotizhongxin,2013-09-14 12:00:00
4742,2013,9,14,13,32.0,32.0,8.0,36.0,500.0,75.0,31.6,1002.8,9.2,0.0,WNW,1.4,Aotizhongxin,2013-09-14 13:00:00
4743,2013,9,14,14,15.0,15.0,6.0,14.0,200.0,85.0,31.6,1002.3,6.6,0.0,NNW,1.7,Aotizhongxin,2013-09-14 14:00:00
4744,2013,9,14,15,12.0,12.0,9.0,14.0,200.0,86.0,31.3,1002.3,7.7,0.0,W,1.5,Aotizhongxin,2013-09-14 15:00:00
4745,2013,9,14,16,3.0,10.0,10.0,18.0,300.0,86.0,30.6,1002.7,5.8,0.0,NNW,1.2,Aotizhongxin,2013-09-14 16:00:00
4746,2013,9,14,17,9.0,10.0,10.0,16.0,200.0,85.0,26.9,1003.2,11.0,0.0,W,0.7,Aotizhongxin,2013-09-14 17:00:00
4747,2013,9,14,18,12.0,12.0,6.0,29.0,300.0,68.0,21.3,1004.0,11.6,0.0,WSW,0.5,Aotizhongxin,2013-09-14 18:00:00
4748,2013,9,14,19,15.0,47.0,4.0,58.0,400.0,33.0,19.6,1005.1,10.6,0.0,ENE,0.6,Aotizhongxin,2013-09-14 19:00:00
4749,2013,9,14,20,23.0,63.0,5.0,86.0,500.0,1.0,19.1,1006.1,9.8,0.0,NNE,1.0,Aotizhongxin,2013-09-14 20:00:00
4750,2013,9,14,21,24.0,60.0,5.0,79.0,500.0,1.0,18.7,1006.6,10.0,0.0,WNW,0.0,Aotizhongxin,2013-09-14 21:00:00
4751,2013,9,14,22,22.0,74.0,7.0,78.0,600.0,1.0,16.2,1006.5,11.6,0.0,E,0.6,Aotizhongxin,2013-09-14 22:00:00
4752,2013,9,14,23,29.0,137.0,8.0,67.0,800.0,1.0,15.3,1006.7,10.9,0.0,NE,0.9,Aotizhongxin,2013-09-14 23:00:00
4753,2013,9,15,0,27.0,46.0,9.0,62.0,800.0,1.0,16.2,1006.6,12.0,0.0,ESE,0.7,Aotizhongxin,2013-09-15 00:00:00
4754,2013,9,15,1,16.0,46.0,5.0,69.0,300.0,1.0,16.0,1007.0,10.5,0.0,NE,0.7,Aotizhongxin,2013-09-15 01:00:00
4755,2013,9,15,2,18.0,73.0,6.0,68.0,300.0,1.0,15.8,1007.2,10.8,0.0,N,0.6,Aotizhongxin,2013-09-15 02:00:00
4756,2013,9,15,3,11.0,14.0,4.0,53.0,200.0,3.0,15.5,1008.1,10.7,0.0,N,0.0,Aotizhongxin,2013-09-15 03:00:00
4757,2013,9,15,4,9.0,36.0,4.0,48.0,100.0,7.0,16.4,1009.3,10.7,0.0,NE,1.2,Aotizhongxin,2013-09-15 04:00:00
4758,2013,9,15,5,21.0,99.0,8.0,57.0,300.0,1.0,15.7,1009.3,11.5,0.0,N,0.0,Aotizhongxin,2013-09-15 05:00:00
4759,2013,9,15,6,15.0,19.0,7.0,53.0,300.0,1.0,16.4,1010.0,11.1,0.0,NNE,0.8,Aotizhongxin,2013-09-15 06:00:00
4760,2013,9,15,7,15.0,49.0,5.0,53.0,200.0,1.0,17.1,1010.6,10.0,0.0,ENE,1.0,Aotizhongxin,2013-09-15 07:00:00
4761,2013,9,15,8,11.0,33.0,5.0,49.0,200.0,3.0,20.7,1011.1,8.3,0.0,NE,1.6,Aotizhongxin,2013-09-15 08:00:00
4762,2013,9,15,9,13.0,60.0,7.0,44.0,300.0,10.0,22.5,1011.0,5.4,0.0,ESE,1.1,Aotizhongxin,2013-09-15 09:00:00
4763,2013,9,15,10,12.0,46.0,5.0,38.0,200.0,23.0,23.2,1010.6,6.5,0.0,NNE,2.1,Aotizhongxin,2013-09-15 10:00:00
4764,2013,9,15,11,15.0,69.0,9.0,38.0,300.0,30.0,25.0,1009.5,8.9,0.0,NNE,1.4,Aotizhongxin,2013-09-15 11:00:00
4765,2013,9,15,12,16.0,51.0,13.0,44.0,400.0,37.0,25.4,1008.4,7.5,0.0,NNE,1.0,Aotizhongxin,2013-09-15 12:00:00
4766,2013,9,15,13,24.0,58.0,19.0,50.0,600.0,47.0,26.7,1007.5,9.5,0.0,SSW,1.7,Aotizhongxin,2013-09-15 13:00:00
4767,2013,9,15,14,29.0,81.0,24.0,39.0,700.0,79.0,26.2,1007.0,9.5,0.0,SSE,1.5,Aotizhongxin,2013-09-15 14:00:00
4768,2013,9,15,15,30.0,73.0,19.0,38.0,600.0,82.0,25.1,1006.8,12.0,0.0,SW,1.8,Aotizhongxin,2013-09-15 15:00:00
4769,2013,9,15,16,19.0,64.0,14.0,38.0,500.0,79.0,24.3,1006.5,11.9,0.0,SSE,1.0,Aotizhongxin,2013-09-15 16:00:00
4770,2013,9,15,17,23.0,70.0,15.0,49.0,600.0,66.0,23.1,1006.8,12.1,0.0,SW,1.3,Aotizhongxin,2013-09-15 17:00:00
4771,2013,9,15,18,25.0,64.0,15.0,55.0,600.0,55.0,21.2,1006.6,13.4,0.0,SSW,0.8,Aotizhongxin,2013-09-15 18:00:00
4772,2013,9,15,19,22.0,79.0,12.0,58.0,600.0,48.0,20.9,1007.5,13.3,0.0,SW,0.8,Aotizhongxin,2013-09-15 19:00:00
4773,2013,9,15,20,33.0,96.0,15.0,103.0,700.0,1.0,20.2,1007.4,13.4,0.0,W,0.4,Aotizhongxin,2013-09-15 20:00:00
4774,2013,9,15,21,33.0,95.0,14.0,96.0,700.0,1.0,19.1,1007.3,14.8,0.0,SE,0.1,Aotizhongxin,2013-09-15 21:00:00
4775,2013,9,15,22,32.0,123.0,16.0,86.0,500.0,4.0,20.1,1007.3,14.7,0.0,SSW,1.4,Aotizhongxin,2013-09-15 22:00:00
4776,2013,9,15,23,27.0,87.0,14.0,61.0,600.0,22.0,18.6,1007.3,15.3,0.0,WSW,1.0,Aotizhongxin,2013-09-15 23:00:00
4777,2013,9,16,0,24.0,76.0,13.0,70.0,900.0,6.0,17.5,1007.2,15.3,0.0,NNW,0.1,Aotizhongxin,2013-09-16 00:00:00
4778,2013,9,16,1,29.0,70.0,13.0,67.0,800.0,8.0,17.1,1007.0,15.4,0.0,S,0.6,Aotizhongxin,2013-09-16 01:00:00
4779,2013,9,16,2,22.0,54.0,10.0,58.0,600.0,10.0,16.9,1007.2,15.4,0.0,ENE,0.0,Aotizhongxin,2013-09-16 02:00:00
4780,2013,9,16,3,27.0,59.0,12.0,74.0,700.0,1.0,16.7,1007.0,14.9,0.0,NE,1.0,Aotizhongxin,2013-09-16 03:00:00
4781,2013,9,16,4,30.0,82.0,13.0,71.0,1000.0,1.0,16.4,1007.2,14.1,0.0,NE,1.4,Aotizhongxin,2013-09-16 04:00:00
4782,2013,9,16,5,43.0,102.0,14.0,64.0,900.0,1.0,16.3,1007.6,14.1,0.0,NE,1.3,Aotizhongxin,2013-09-16 05:00:00
4783,2013,9,16,6,42.0,102.0,13.0,63.0,900.0,1.0,16.8,1007.7,14.4,0.0,NE,1.1,Aotizhongxin,2013-09-16 06:00:00
4784,2013,9,16,7,69.0,157.0,19.0,51.0,1100.0,1.0,18.2,1007.7,14.1,0.0,NNE,1.3,Aotizhongxin,2013-09-16 07:00:00
4785,2013,9,16,8,62.0,131.0,18.0,56.0,1100.0,1.0,19.3,1007.6,14.8,0.0,NNE,1.6,Aotizhongxin,2013-09-16 08:00:00
4786,2013,9,16,9,54.0,114.0,20.0,66.0,1100.0,1.0,20.2,1007.3,14.6,0.0,N,1.2,Aotizhongxin,2013-09-16 09:00:00
4787,2013,9,16,10,61.0,135.0,21.0,76.0,1200.0,1.0,22.0,1007.0,15.6,0.0,NE,1.4,Aotizhongxin,2013-09-16 10:00:00
4788,2013,9,16,11,60.0,121.0,25.0,72.0,1000.0,10.0,23.9,1006.3,15.7,0.0,N,1.4,Aotizhongxin,2013-09-16 11:00:00
4789,2013,9,16,12,60.0,121.0,25.0,72.0,1000.0,10.0,25.2,1005.2,15.8,0.0,W,1.7,Aotizhongxin,2013-09-16 12:00:00
4790,2013,9,16,13,55.0,112.0,28.0,73.0,900.0,27.0,26.4,1004.4,15.1,0.0,SSW,2.6,Aotizhongxin,2013-09-16 13:00:00
4791,2013,9,16,14,52.0,79.0,29.0,54.0,1100.0,91.0,25.8,1004.1,14.0,0.0,SW,1.9,Aotizhongxin,2013-09-16 14:00:00
4792,2013,9,16,15,44.0,80.0,28.0,44.0,1000.0,90.0,24.8,1003.8,14.3,0.0,SSW,1.6,Aotizhongxin,2013-09-16 15:00:00
4793,2013,9,16,16,30.0,51.0,17.0,45.0,700.0,76.0,24.1,1003.9,15.0,0.0,SW,1.7,Aotizhongxin,2013-09-16 16:00:00
4794,2013,9,16,17,34.0,99.0,18.0,57.0,900.0,64.0,23.0,1003.6,15.6,0.0,SW,2.2,Aotizhongxin,2013-09-16 17:00:00
4795,2013,9,16,18,45.0,114.0,20.0,69.0,1200.0,49.0,22.2,1004.4,16.2,0.0,WSW,1.5,Aotizhongxin,2013-09-16 18:00:00
4796,2013,9,16,19,50.0,117.0,23.0,73.0,1400.0,38.0,21.2,1005.2,15.9,0.0,SW,1.2,Aotizhongxin,2013-09-16 19:00:00
4797,2013,9,16,20,48.0,117.0,23.0,67.0,1000.0,38.0,21.5,1005.7,17.1,0.0,WSW,0.6,Aotizhongxin,2013-09-16 20:00:00
4798,2013,9,16,21,48.0,150.0,23.0,67.0,1000.0,38.0,19.4,1006.2,17.4,0.0,NE,0.5,Aotizhongxin,2013-09-16 21:00:00
4799,2013,9,16,22,62.0,119.0,20.0,92.0,1400.0,2.0,19.3,1006.3,17.8,0.0,SW,0.4,Aotizhongxin,2013-09-16 22:00:00
4800,2013,9,16,23,67.0,113.0,16.0,94.0,1400.0,1.0,19.4,1006.5,18.1,0.0,ESE,0.2,Aotizhongxin,2013-09-16 23:00:00
4801,2013,9,17,0,67.0,133.0,19.0,99.0,1700.0,1.0,19.5,1006.5,17.6,0.0,NE,1.1,Aotizhongxin,2013-09-17 00:00:00
4802,2013,9,17,1,72.0,139.0,21.0,96.0,1600.0,1.0,19.8,1006.7,17.2,0.0,NE,0.8,Aotizhongxin,2013-09-17 01:00:00
4803,2013,9,17,2,90.0,212.0,18.0,80.0,1500.0,1.0,19.9,1006.8,17.3,0.0,NE,0.0,Aotizhongxin,2013-09-17 02:00:00
4804,2013,9,17,3,97.0,195.0,23.0,74.0,1900.0,1.0,19.8,1006.8,17.0,0.0,E,1.2,Aotizhongxin,2013-09-17 03:00:00
4805,2013,9,17,4,86.0,152.0,20.0,74.0,1900.0,1.0,19.6,1007.3,17.2,0.0,NE,1.3,Aotizhongxin,2013-09-17 04:00:00
4806,2013,9,17,5,75.0,131.0,26.0,70.0,2100.0,1.0,19.4,1007.8,17.5,0.0,S,0.6,Aotizhongxin,2013-09-17 05:00:00
4807,2013,9,17,6,74.0,131.0,24.0,70.0,1800.0,1.0,19.7,1008.4,17.7,0.0,NE,1.5,Aotizhongxin,2013-09-17 06:00:00
4808,2013,9,17,7,72.0,127.0,20.0,69.0,1500.0,1.0,20.2,1008.9,17.6,0.0,NE,1.3,Aotizhongxin,2013-09-17 07:00:00
4809,2013,9,17,8,74.0,114.0,15.0,66.0,1300.0,1.0,20.5,1008.6,17.7,0.0,NE,1.6,Aotizhongxin,2013-09-17 08:00:00
4810,2013,9,17,9,72.0,125.0,17.0,62.0,1300.0,1.0,20.5,1009.7,18.8,0.0,NNW,0.0,Aotizhongxin,2013-09-17 09:00:00
4811,2013,9,17,10,81.0,136.0,17.0,65.0,1600.0,1.0,20.3,1009.9,19.3,0.7,WNW,0.0,Aotizhongxin,2013-09-17 10:00:00
4812,2013,9,17,11,83.0,146.0,15.0,70.0,1500.0,1.0,20.0,1009.5,19.5,1.3,ENE,0.9,Aotizhongxin,2013-09-17 11:00:00
4813,2013,9,17,12,85.0,100.0,13.0,71.0,1900.0,1.0,20.3,1009.7,19.6,0.8,NE,1.0,Aotizhongxin,2013-09-17 12:00:00
4814,2013,9,17,13,88.0,91.0,14.0,67.0,2000.0,1.0,20.5,1009.3,19.8,0.2,NNE,0.7,Aotizhongxin,2013-09-17 13:00:00
4815,2013,9,17,14,94.0,103.0,13.0,70.0,2000.0,1.0,20.4,1009.8,19.7,0.0,E,0.7,Aotizhongxin,2013-09-17 14:00:00
4816,2013,9,17,15,88.0,97.0,11.0,71.0,1900.0,1.0,20.5,1009.8,20.0,0.1,WSW,0.1,Aotizhongxin,2013-09-17 15:00:00
4817,2013,9,17,16,71.0,77.0,12.0,76.0,1900.0,1.0,20.5,1009.9,20.2,0.0,W,0.7,Aotizhongxin,2013-09-17 16:00:00
4818,2013,9,17,17,88.0,99.0,12.0,80.0,2000.0,1.0,20.6,1010.4,20.1,0.1,N,0.5,Aotizhongxin,2013-09-17 17:00:00
4819,2013,9,17,18,89.0,100.0,15.0,82.0,1900.0,1.0,19.4,1010.9,18.9,0.0,WSW,0.6,Aotizhongxin,2013-09-17 18:00:00
4820,2013,9,17,19,72.0,89.0,13.0,85.0,2000.0,1.0,18.9,1011.7,18.6,0.0,SE,0.0,Aotizhongxin,2013-09-17 19:00:00
4821,2013,9,17,20,92.0,95.0,13.0,83.0,2200.0,1.0,19.0,1012.1,18.8,0.0,NNE,0.6,Aotizhongxin,2013-09-17 20:00:00
4822,2013,9,17,21,92.0,94.0,12.0,83.0,2200.0,1.0,19.3,1012.9,19.1,0.0,NNE,0.6,Aotizhongxin,2013-09-17 21:00:00
4823,2013,9,17,22,88.0,99.0,17.0,86.0,2600.0,1.0,19.5,1012.8,19.3,0.0,NE,1.2,Aotizhongxin,2013-09-17 22:00:00
4824,2013,9,17,23,93.0,102.0,17.0,83.0,2600.0,1.0,19.5,1013.0,19.3,0.0,NE,0.6,Aotizhongxin,2013-09-17 23:00:00
4825,2013,9,18,0,93.0,98.0,19.0,74.0,2600.0,1.0,19.6,1013.2,19.4,0.0,NE,0.9,Aotizhongxin,2013-09-18 00:00:00
4826,2013,9,18,1,93.0,108.0,16.0,68.0,2600.0,1.0,19.6,1013.3,19.3,0.0,NNE,0.8,Aotizhongxin,2013-09-18 01:00:00
4827,2013,9,18,2,101.0,118.0,16.0,58.0,2600.0,1.0,19.7,1013.8,19.4,0.1,E,0.5,Aotizhongxin,2013-09-18 02:00:00
4828,2013,9,18,3,101.0,112.0,13.0,56.0,2500.0,1.0,19.8,1013.9,19.5,1.0,N,0.5,Aotizhongxin,2013-09-18 03:00:00
4829,2013,9,18,4,113.0,112.0,14.0,52.0,2400.0,1.0,19.7,1014.3,19.5,1.8,NE,0.0,Aotizhongxin,2013-09-18 04:00:00
4830,2013,9,18,5,113.0,77.0,14.0,52.0,2400.0,1.0,19.7,1014.5,19.5,1.8,NE,0.8,Aotizhongxin,2013-09-18 05:00:00
4831,2013,9,18,6,113.0,65.0,14.0,52.0,2400.0,1.0,19.8,1014.8,19.6,0.7,NE,1.1,Aotizhongxin,2013-09-18 06:00:00
4832,2013,9,18,7,113.0,61.0,14.0,52.0,2400.0,1.0,20.1,1015.3,19.9,0.4,ENE,0.5,Aotizhongxin,2013-09-18 07:00:00
4833,2013,9,18,8,113.0,84.0,14.0,52.0,2400.0,1.0,20.2,1015.6,20.0,0.0,ESE,0.7,Aotizhongxin,2013-09-18 08:00:00
4834,2013,9,18,9,113.0,84.0,14.0,52.0,2400.0,1.0,20.7,1015.7,20.5,0.0,NNE,0.7,Aotizhongxin,2013-09-18 09:00:00
4835,2013,9,18,10,83.0,94.0,14.0,60.0,2900.0,1.0,20.7,1015.2,20.4,0.0,NNE,0.4,Aotizhongxin,2013-09-18 10:00:00
4836,2013,9,18,11,136.0,94.0,22.0,70.0,3500.0,1.0,21.1,1014.9,20.9,0.0,SE,1.1,Aotizhongxin,2013-09-18 11:00:00
4837,2013,9,18,12,123.0,136.0,26.0,74.0,3600.0,1.0,21.8,1014.3,20.8,0.0,SW,1.2,Aotizhongxin,2013-09-18 12:00:00
4838,2013,9,18,13,131.0,142.0,26.0,72.0,3500.0,3.0,22.9,1013.6,20.6,0.0,SE,0.5,Aotizhongxin,2013-09-18 13:00:00
4839,2013,9,18,14,139.0,142.0,26.0,68.0,2800.0,18.0,23.8,1012.7,20.5,0.0,ESE,1.3,Aotizhongxin,2013-09-18 14:00:00
4840,2013,9,18,15,109.0,92.0,21.0,46.0,1700.0,48.0,24.0,1012.0,20.1,0.0,E,0.8,Aotizhongxin,2013-09-18 15:00:00
4841,2013,9,18,16,85.0,86.0,19.0,43.0,1400.0,65.0,23.6,1011.6,20.5,0.0,ENE,0.7,Aotizhongxin,2013-09-18 16:00:00
4842,2013,9,18,17,98.0,100.0,19.0,54.0,1300.0,60.0,23.3,1011.4,20.2,0.0,ENE,0.8,Aotizhongxin,2013-09-18 17:00:00
4843,2013,9,18,18,76.0,92.0,19.0,62.0,1200.0,61.0,22.3,1011.2,20.4,0.0,ENE,0.5,Aotizhongxin,2013-09-18 18:00:00
4844,2013,9,18,19,76.0,92.0,19.0,62.0,1200.0,61.0,22.1,1011.5,19.8,0.0,ESE,1.3,Aotizhongxin,2013-09-18 19:00:00
4845,2013,9,18,20,105.0,117.0,20.0,86.0,1600.0,32.0,21.5,1011.7,19.6,0.0,SSE,0.5,Aotizhongxin,2013-09-18 20:00:00
4846,2013,9,18,21,109.0,119.0,19.0,79.0,1600.0,31.0,21.9,1011.6,19.3,0.0,SSE,1.6,Aotizhongxin,2013-09-18 21:00:00
4847,2013,9,18,22,106.0,115.0,16.0,80.0,1500.0,19.0,21.3,1011.1,19.0,0.0,SSE,0.7,Aotizhongxin,2013-09-18 22:00:00
4848,2013,9,18,23,86.0,102.0,12.0,63.0,1400.0,23.0,21.0,1010.5,19.1,0.0,SE,1.2,Aotizhongxin,2013-09-18 23:00:00
4849,2013,9,19,0,81.0,90.0,14.0,58.0,1500.0,17.0,20.9,1010.2,19.2,0.0,ENE,0.6,Aotizhongxin,2013-09-19 00:00:00
4850,2013,9,19,1,84.0,95.0,14.0,50.0,1600.0,14.0,20.4,1009.4,19.1,0.0,ENE,0.9,Aotizhongxin,2013-09-19 01:00:00
4851,2013,9,19,2,88.0,106.0,15.0,51.0,1800.0,7.0,20.0,1009.0,19.0,0.0,NE,0.7,Aotizhongxin,2013-09-19 02:00:00
4852,2013,9,19,3,88.0,106.0,15.0,51.0,1800.0,7.0,19.6,1008.5,18.8,0.0,NNE,1.2,Aotizhongxin,2013-09-19 03:00:00
4853,2013,9,19,4,89.0,93.0,18.0,43.0,1800.0,7.7112,19.6,1008.5,18.8,0.0,NE,0.9,Aotizhongxin,2013-09-19 04:00:00
4854,2013,9,19,5,88.0,106.0,15.0,51.0,1800.0,7.0,19.7,1008.3,18.9,0.0,NE,1.2,Aotizhongxin,2013-09-19 05:00:00
4855,2013,9,19,6,88.0,106.0,15.0,51.0,1800.0,7.0,19.8,1008.5,19.0,0.0,NE,1.1,Aotizhongxin,2013-09-19 06:00:00
4856,2013,9,19,7,88.0,106.0,15.0,51.0,1800.0,7.0,20.2,1008.7,19.0,0.0,NNE,0.8,Aotizhongxin,2013-09-19 07:00:00
4857,2013,9,19,8,107.0,108.0,24.0,53.0,2000.0,4.0,20.7,1008.5,19.5,0.1,NNW,1.2,Aotizhongxin,2013-09-19 08:00:00
4858,2013,9,19,9,103.0,127.0,23.0,54.0,2200.0,1.0,20.7,1008.5,19.9,0.7,NE,0.2,Aotizhongxin,2013-09-19 09:00:00
4859,2013,9,19,10,109.0,131.0,21.0,62.0,2299.0,1.0,21.1,1008.2,19.7,0.1,SW,0.6,Aotizhongxin,2013-09-19 10:00:00
4860,2013,9,19,11,128.0,131.0,20.0,66.0,2200.0,1.0,23.0,1007.2,20.1,0.0,SSE,1.0,Aotizhongxin,2013-09-19 11:00:00
4861,2013,9,19,12,106.0,109.0,22.0,74.0,2299.0,6.0,25.0,1006.9,20.0,0.0,WSW,2.0,Aotizhongxin,2013-09-19 12:00:00
4862,2013,9,19,13,131.0,110.0,27.0,70.0,2000.0,34.0,26.1,1006.4,20.4,0.0,SSW,2.0,Aotizhongxin,2013-09-19 13:00:00
4863,2013,9,19,14,128.0,78.0,24.0,69.0,1800.0,61.0,25.9,1005.7,20.9,0.0,SW,1.7,Aotizhongxin,2013-09-19 14:00:00
4864,2013,9,19,15,114.0,61.0,23.0,50.0,1500.0,122.0,25.1,1005.3,20.1,0.0,WSW,3.8,Aotizhongxin,2013-09-19 15:00:00
4865,2013,9,19,16,96.0,115.0,22.0,51.0,1500.0,115.0,24.0,1005.5,20.5,0.0,WSW,3.1,Aotizhongxin,2013-09-19 16:00:00
4866,2013,9,19,17,96.0,115.0,22.0,51.0,1500.0,115.0,23.6,1005.6,20.5,0.0,SSW,2.5,Aotizhongxin,2013-09-19 17:00:00
4867,2013,9,19,18,96.0,115.0,22.0,51.0,1500.0,115.0,22.7,1006.3,20.2,0.0,SW,2.8,Aotizhongxin,2013-09-19 18:00:00
4868,2013,9,19,19,127.0,120.0,14.0,47.0,1300.0,59.0,21.7,1007.0,20.0,0.0,SW,0.8,Aotizhongxin,2013-09-19 19:00:00
4869,2013,9,19,20,127.0,95.0,14.0,47.0,1300.0,59.0,20.5,1007.8,19.7,0.0,NW,0.5,Aotizhongxin,2013-09-19 20:00:00
4870,2013,9,19,21,127.0,103.0,12.0,56.0,1300.0,28.0,19.8,1008.0,19.3,0.0,E,0.7,Aotizhongxin,2013-09-19 21:00:00
4871,2013,9,19,22,127.0,92.0,11.0,48.0,1300.0,25.0,19.9,1008.4,19.6,0.0,NE,0.7,Aotizhongxin,2013-09-19 22:00:00
4872,2013,9,19,23,121.0,90.0,9.0,60.0,1399.0,4.0,19.8,1008.4,19.6,0.0,NE,1.2,Aotizhongxin,2013-09-19 23:00:00
4873,2013,9,20,0,131.0,140.0,11.0,79.0,1700.0,1.0,19.8,1009.2,19.6,0.0,NNE,1.2,Aotizhongxin,2013-09-20 00:00:00
4874,2013,9,20,1,120.0,131.0,12.0,74.0,1600.0,1.0,19.2,1009.4,19.0,0.0,NE,1.3,Aotizhongxin,2013-09-20 01:00:00
4875,2013,9,20,2,146.0,131.0,6.0,56.0,1500.0,1.0,18.3,1009.1,18.1,0.0,NE,1.2,Aotizhongxin,2013-09-20 02:00:00
4876,2013,9,20,3,117.0,132.0,5.0,41.0,1399.0,1.0,17.8,1009.1,17.5,0.0,NE,1.1,Aotizhongxin,2013-09-20 03:00:00
4877,2013,9,20,4,132.0,133.0,3.0,42.0,1200.0,1.0,17.0,1009.7,16.0,0.0,NE,2.3,Aotizhongxin,2013-09-20 04:00:00
4878,2013,9,20,5,95.0,95.0,4.0,63.0,1100.0,1.0,16.5,1010.5,15.4,0.0,NE,1.2,Aotizhongxin,2013-09-20 05:00:00
4879,2013,9,20,6,56.0,56.0,5.0,48.0,700.0,5.0,16.4,1011.1,14.6,0.0,NE,1.2,Aotizhongxin,2013-09-20 06:00:00
4880,2013,9,20,7,41.0,46.0,3.0,49.0,600.0,1.0,20.4,1011.4,15.4,0.0,NNE,0.9,Aotizhongxin,2013-09-20 07:00:00
4881,2013,9,20,8,28.0,40.0,4.0,53.0,700.0,1.0,23.5,1011.7,14.8,0.0,NE,2.2,Aotizhongxin,2013-09-20 08:00:00
4882,2013,9,20,9,42.0,41.0,5.0,42.0,700.0,22.0,25.0,1011.9,14.5,0.0,E,1.6,Aotizhongxin,2013-09-20 09:00:00
4883,2013,9,20,10,23.0,23.0,4.0,25.0,400.0,48.0,26.7,1011.3,12.7,0.0,E,1.0,Aotizhongxin,2013-09-20 10:00:00
4884,2013,9,20,11,3.0,7.0,4.0,21.0,300.0,62.0,27.7,1010.2,10.8,0.0,ENE,2.2,Aotizhongxin,2013-09-20 11:00:00
4885,2013,9,20,12,14.0,8.0,2.0,20.0,200.0,73.0,27.4,1009.6,9.7,0.0,NE,2.5,Aotizhongxin,2013-09-20 12:00:00
4886,2013,9,20,13,9.0,9.0,2.0,15.0,100.0,81.0,27.2,1008.9,10.4,0.0,NE,1.2,Aotizhongxin,2013-09-20 13:00:00
4887,2013,9,20,14,9.0,9.0,2.0,15.0,100.0,81.0,26.2,1008.6,10.8,0.0,ENE,1.1,Aotizhongxin,2013-09-20 14:00:00
4888,2013,9,20,15,8.0,11.0,3.0,17.0,100.0,81.0,25.8,1008.2,13.3,0.0,SE,0.5,Aotizhongxin,2013-09-20 15:00:00
4889,2013,9,20,16,3.0,10.0,3.0,24.0,200.0,82.0,23.6,1008.5,16.9,0.0,W,0.7,Aotizhongxin,2013-09-20 16:00:00
4890,2013,9,20,17,14.0,21.0,3.0,38.0,200.0,73.0,21.7,1008.5,16.4,0.0,ENE,0.0,Aotizhongxin,2013-09-20 17:00:00
4891,2013,9,20,18,14.0,36.0,3.0,39.0,200.0,56.0,20.3,1008.8,16.1,0.0,WNW,0.0,Aotizhongxin,2013-09-20 18:00:00
4892,2013,9,20,19,44.0,144.0,6.0,105.0,500.0,1.0,20.0,1009.9,15.2,0.0,N,0.0,Aotizhongxin,2013-09-20 19:00:00
4893,2013,9,20,20,44.0,144.0,6.0,99.0,500.0,1.0,19.7,1009.7,16.3,0.0,WSW,0.5,Aotizhongxin,2013-09-20 20:00:00
4894,2013,9,20,21,40.0,128.0,5.0,117.0,800.0,1.0,19.4,1009.9,17.0,0.0,SE,0.0,Aotizhongxin,2013-09-20 21:00:00
4895,2013,9,20,22,55.0,147.0,7.0,120.0,1000.0,1.0,20.0,1009.8,15.0,0.0,NE,0.4,Aotizhongxin,2013-09-20 22:00:00
4896,2013,9,20,23,57.0,155.0,8.0,94.0,1000.0,1.0,19.8,1009.8,15.6,0.0,SE,0.8,Aotizhongxin,2013-09-20 23:00:00
4897,2013,9,21,0,47.0,109.0,7.0,79.0,600.0,1.0,19.5,1010.1,14.9,0.0,NE,1.7,Aotizhongxin,2013-09-21 00:00:00
4898,2013,9,21,1,36.0,98.0,6.0,76.0,500.0,1.0,19.6,1009.5,14.8,0.0,WNW,0.4,Aotizhongxin,2013-09-21 01:00:00
4899,2013,9,21,2,46.0,108.0,9.0,73.0,700.0,1.0,19.6,1010.0,14.4,0.0,NNE,1.5,Aotizhongxin,2013-09-21 02:00:00
4900,2013,9,21,3,50.0,116.0,12.0,72.0,700.0,1.0,19.0,1010.3,15.3,0.0,NE,0.7,Aotizhongxin,2013-09-21 03:00:00
4901,2013,9,21,4,29.0,50.0,8.0,56.0,200.0,1.0,18.5,1010.3,15.4,0.0,E,0.5,Aotizhongxin,2013-09-21 04:00:00
4902,2013,9,21,5,22.0,50.0,5.0,54.0,300.0,1.0,17.5,1010.6,15.7,0.0,NNE,0.4,Aotizhongxin,2013-09-21 05:00:00
4903,2013,9,21,6,21.0,31.0,5.0,55.0,300.0,1.0,17.7,1010.9,16.0,0.0,NE,1.1,Aotizhongxin,2013-09-21 06:00:00
4904,2013,9,21,7,25.0,70.0,5.0,55.0,300.0,1.0,20.5,1011.2,15.5,0.0,NE,1.4,Aotizhongxin,2013-09-21 07:00:00
4905,2013,9,21,8,27.0,51.0,7.0,49.0,300.0,1.0,22.6,1011.3,15.2,0.0,NNE,1.6,Aotizhongxin,2013-09-21 08:00:00
4906,2013,9,21,9,27.0,43.0,7.0,42.0,300.0,7.0,24.3,1011.5,15.2,0.0,ENE,1.2,Aotizhongxin,2013-09-21 09:00:00
4907,2013,9,21,10,34.0,86.0,7.0,44.0,400.0,22.0,25.8,1011.0,16.1,0.0,ENE,1.2,Aotizhongxin,2013-09-21 10:00:00
4908,2013,9,21,11,44.0,90.0,11.0,56.0,500.0,35.0,27.0,1010.3,15.1,0.0,S,0.9,Aotizhongxin,2013-09-21 11:00:00
4909,2013,9,21,12,45.0,61.0,11.0,58.0,400.0,64.0,28.0,1009.5,14.3,0.0,SW,3.1,Aotizhongxin,2013-09-21 12:00:00
4910,2013,9,21,13,60.0,72.0,10.0,69.0,500.0,84.0,28.8,1009.0,12.2,0.0,SW,2.2,Aotizhongxin,2013-09-21 13:00:00
4911,2013,9,21,14,45.0,72.0,8.0,45.0,400.0,131.0,28.9,1008.7,12.3,0.0,SSW,2.6,Aotizhongxin,2013-09-21 14:00:00
4912,2013,9,21,15,33.0,36.0,5.0,37.0,300.0,145.0,28.1,1008.5,14.3,0.0,SW,2.4,Aotizhongxin,2013-09-21 15:00:00
4913,2013,9,21,16,38.0,89.0,6.0,36.0,300.0,161.0,26.9,1008.5,14.3,0.0,WSW,2.2,Aotizhongxin,2013-09-21 16:00:00
4914,2013,9,21,17,38.0,89.0,6.0,36.0,300.0,161.0,25.7,1008.7,15.1,0.0,WSW,3.7,Aotizhongxin,2013-09-21 17:00:00
4915,2013,9,21,18,44.0,88.0,10.0,39.0,600.0,139.0,23.5,1009.3,15.0,0.0,SW,3.3,Aotizhongxin,2013-09-21 18:00:00
4916,2013,9,21,19,67.0,147.0,20.0,45.0,1200.0,130.0,22.2,1010.0,14.6,0.0,SW,2.3,Aotizhongxin,2013-09-21 19:00:00
4917,2013,9,21,20,67.0,147.0,20.0,45.0,1200.0,130.0,21.5,1010.5,14.2,0.0,SW,2.0,Aotizhongxin,2013-09-21 20:00:00
4918,2013,9,21,21,26.0,30.0,11.0,46.0,400.0,56.0,20.8,1010.2,14.9,0.0,SW,1.3,Aotizhongxin,2013-09-21 21:00:00
4919,2013,9,21,22,26.0,30.0,11.0,46.0,400.0,56.0,19.2,1010.0,15.7,0.0,W,1.0,Aotizhongxin,2013-09-21 22:00:00
4920,2013,9,21,23,32.0,62.0,7.0,59.0,400.0,34.0,18.6,1010.1,16.2,0.0,WSW,0.0,Aotizhongxin,2013-09-21 23:00:00
4921,2013,9,22,0,32.0,64.0,6.0,63.0,400.0,26.0,19.0,1010.2,16.8,0.0,N,0.7,Aotizhongxin,2013-09-22 00:00:00
4922,2013,9,22,1,30.0,73.0,6.0,65.0,400.0,20.0,18.8,1010.4,16.8,0.0,WSW,0.0,Aotizhongxin,2013-09-22 01:00:00
4923,2013,9,22,2,37.0,135.0,5.0,82.0,500.0,1.0,19.1,1010.3,17.1,0.0,ENE,0.0,Aotizhongxin,2013-09-22 02:00:00
4924,2013,9,22,3,36.0,66.0,6.0,84.0,500.0,1.0,19.0,1009.9,17.3,0.0,ENE,1.0,Aotizhongxin,2013-09-22 03:00:00
4925,2013,9,22,4,43.0,48.0,9.0,83.0,600.0,1.0,18.9,1010.5,17.2,0.0,WNW,0.5,Aotizhongxin,2013-09-22 04:00:00
4926,2013,9,22,5,55.0,159.0,10.0,76.0,800.0,1.0,18.6,1010.4,17.6,0.0,NE,1.0,Aotizhongxin,2013-09-22 05:00:00
4927,2013,9,22,6,56.0,148.0,8.0,73.0,700.0,1.0,18.9,1010.5,17.9,0.0,NE,1.0,Aotizhongxin,2013-09-22 06:00:00
4928,2013,9,22,7,60.0,150.0,10.0,73.0,1000.0,1.0,19.4,1010.6,17.9,0.0,ENE,0.2,Aotizhongxin,2013-09-22 07:00:00
4929,2013,9,22,8,63.0,105.0,9.0,70.0,1100.0,1.0,20.2,1010.9,17.8,0.0,E,1.0,Aotizhongxin,2013-09-22 08:00:00
4930,2013,9,22,9,68.0,141.0,11.0,65.0,1500.0,1.0,21.2,1010.9,18.0,0.0,ENE,1.5,Aotizhongxin,2013-09-22 09:00:00
4931,2013,9,22,10,86.0,138.0,10.0,68.0,1400.0,1.0,21.7,1010.2,17.5,0.0,ENE,1.2,Aotizhongxin,2013-09-22 10:00:00
4932,2013,9,22,11,72.0,96.0,13.0,73.0,1233.3333333333333,2.0,21.6,1010.2,17.4,0.0,NNE,0.7,Aotizhongxin,2013-09-22 11:00:00
4933,2013,9,22,12,72.0,96.0,13.0,73.0,1066.6666666666667,3.0,21.4,1009.5,17.8,0.0,N,1.4,Aotizhongxin,2013-09-22 12:00:00
4934,2013,9,22,13,78.0,116.0,9.0,85.0,900.0,3.0,21.2,1009.1,17.6,0.0,W,0.8,Aotizhongxin,2013-09-22 13:00:00
4935,2013,9,22,14,96.0,144.0,10.0,99.0,1000.0,2.0,22.3,1008.6,16.6,0.0,E,0.5,Aotizhongxin,2013-09-22 14:00:00
4936,2013,9,22,15,104.0,132.0,13.0,94.0,1200.0,14.0,21.6,1008.6,16.5,0.0,WSW,1.2,Aotizhongxin,2013-09-22 15:00:00
4937,2013,9,22,16,93.0,105.0,12.0,94.0,1000.0,24.0,21.3,1008.9,17.5,0.0,W,0.9,Aotizhongxin,2013-09-22 16:00:00
4938,2013,9,22,17,97.0,130.0,11.0,110.0,1200.0,6.0,20.8,1008.6,17.0,0.0,N,0.0,Aotizhongxin,2013-09-22 17:00:00
4939,2013,9,22,18,91.0,119.0,11.0,117.0,1200.0,1.0,20.1,1008.7,16.5,0.0,WNW,0.8,Aotizhongxin,2013-09-22 18:00:00
4940,2013,9,22,19,91.0,119.0,11.0,111.0,1200.0,1.0,19.3,1009.1,17.1,0.0,SW,0.4,Aotizhongxin,2013-09-22 19:00:00
4941,2013,9,22,20,105.0,216.0,14.0,111.0,2000.0,1.0,19.5,1009.0,17.1,0.0,NNE,0.0,Aotizhongxin,2013-09-22 20:00:00
4942,2013,9,22,21,123.0,193.0,18.0,103.0,2400.0,1.0,19.6,1009.1,17.4,0.0,NW,0.6,Aotizhongxin,2013-09-22 21:00:00
4943,2013,9,22,22,127.0,189.0,19.0,99.0,2700.0,1.0,19.8,1008.5,17.8,0.0,NE,0.6,Aotizhongxin,2013-09-22 22:00:00
4944,2013,9,22,23,134.0,192.0,24.0,99.0,3000.0,1.0,20.0,1008.8,17.4,0.0,NNE,0.9,Aotizhongxin,2013-09-22 23:00:00
4945,2013,9,23,0,143.0,220.0,25.0,98.0,3300.0,1.0,20.0,1008.1,17.6,0.0,SE,0.2,Aotizhongxin,2013-09-23 00:00:00
4946,2013,9,23,1,138.0,194.0,23.0,89.0,3300.0,1.0,19.8,1008.1,18.1,0.0,NW,0.5,Aotizhongxin,2013-09-23 01:00:00
4947,2013,9,23,2,137.0,178.0,23.0,77.0,3200.0,1.0,19.3,1009.0,17.8,0.4,NW,2.1,Aotizhongxin,2013-09-23 02:00:00
4948,2013,9,23,3,136.0,200.0,17.0,66.0,2700.0,1.0,18.6,1009.1,18.1,10.9,N,1.4,Aotizhongxin,2013-09-23 03:00:00
4949,2013,9,23,4,109.0,200.0,9.0,67.0,1700.0,1.0,17.0,1009.5,15.7,1.7,NNE,2.7,Aotizhongxin,2013-09-23 04:00:00
4950,2013,9,23,5,74.0,74.0,8.0,46.0,1300.0,6.0,15.8,1011.0,13.1,0.2,NNE,2.3,Aotizhongxin,2013-09-23 05:00:00
4951,2013,9,23,6,13.0,13.0,6.0,20.0,300.0,35.0,15.2,1011.0,12.1,0.5,NNE,3.4,Aotizhongxin,2013-09-23 06:00:00
4952,2013,9,23,7,8.0,8.0,3.0,22.0,200.0,32.0,15.8,1012.3,10.1,0.1,NNE,2.0,Aotizhongxin,2013-09-23 07:00:00
4953,2013,9,23,8,7.0,7.0,1.0,23.0,200.0,31.0,15.5,1013.2,8.5,0.2,NNE,2.2,Aotizhongxin,2013-09-23 08:00:00
4954,2013,9,23,9,8.0,8.0,4.0,28.0,300.0,25.0,15.8,1013.5,7.8,0.1,NNE,2.6,Aotizhongxin,2013-09-23 09:00:00
4955,2013,9,23,10,13.0,13.0,7.0,32.0,300.0,18.0,16.1,1014.0,8.6,0.0,NNE,2.7,Aotizhongxin,2013-09-23 10:00:00
4956,2013,9,23,11,12.0,6.0,6.0,31.0,300.0,18.0,14.7,1013.9,8.6,0.4,NNE,3.7,Aotizhongxin,2013-09-23 11:00:00
4957,2013,9,23,12,9.0,26.0,9.0,25.0,300.0,13.0,15.9,1014.0,7.6,0.1,NNE,2.6,Aotizhongxin,2013-09-23 12:00:00
4958,2013,9,23,13,7.0,26.0,8.0,23.0,300.0,14.0,16.5,1013.6,7.2,0.0,NNE,3.1,Aotizhongxin,2013-09-23 13:00:00
4959,2013,9,23,14,3.0,6.0,11.0,22.0,300.0,14.0,16.9,1013.7,6.4,0.0,NNE,2.0,Aotizhongxin,2013-09-23 14:00:00
4960,2013,9,23,15,7.0,10.0,12.0,23.0,300.0,13.0,17.0,1014.2,5.9,0.0,NNE,1.8,Aotizhongxin,2013-09-23 15:00:00
4961,2013,9,23,16,9.0,13.0,10.0,24.0,300.0,14.0,16.7,1014.7,5.3,0.0,NNE,2.4,Aotizhongxin,2013-09-23 16:00:00
4962,2013,9,23,17,6.0,20.0,10.0,28.0,300.0,10.0,16.4,1015.0,6.2,0.0,NNE,2.1,Aotizhongxin,2013-09-23 17:00:00
4963,2013,9,23,18,14.0,36.0,11.0,36.0,400.0,1.0,15.1,1015.5,7.4,0.0,NE,1.0,Aotizhongxin,2013-09-23 18:00:00
4964,2013,9,23,19,14.0,24.0,7.0,42.0,400.0,1.0,12.8,1015.7,7.5,0.0,E,0.5,Aotizhongxin,2013-09-23 19:00:00
4965,2013,9,23,20,14.0,24.0,7.0,42.0,400.0,1.0,11.3,1016.3,8.9,0.0,NW,0.5,Aotizhongxin,2013-09-23 20:00:00
4966,2013,9,23,21,19.0,50.0,6.0,39.0,1100.0,1.0,10.4,1016.6,9.2,0.0,NNE,0.7,Aotizhongxin,2013-09-23 21:00:00
4967,2013,9,23,22,18.0,50.0,6.0,39.0,1100.0,1.0,9.7,1016.7,8.1,0.0,E,0.5,Aotizhongxin,2013-09-23 22:00:00
4968,2013,9,23,23,17.0,42.0,4.0,37.0,500.0,1.0,9.6,1016.6,8.5,0.0,ENE,0.7,Aotizhongxin,2013-09-23 23:00:00
4969,2013,9,24,0,23.0,56.0,5.0,36.0,500.0,1.0,10.0,1016.9,7.8,0.0,ENE,0.7,Aotizhongxin,2013-09-24 00:00:00
4970,2013,9,24,1,20.0,37.0,6.0,35.0,600.0,1.0,10.5,1017.1,7.6,0.0,NNE,1.5,Aotizhongxin,2013-09-24 01:00:00
4971,2013,9,24,2,13.0,22.0,8.0,36.0,400.0,1.0,10.5,1017.2,7.2,0.0,NE,1.3,Aotizhongxin,2013-09-24 02:00:00
4972,2013,9,24,3,13.0,22.0,5.0,42.0,300.0,1.0,10.4,1017.3,5.8,0.0,ENE,0.9,Aotizhongxin,2013-09-24 03:00:00
4973,2013,9,24,4,7.0,7.0,6.0,46.0,300.0,1.0,9.8,1017.5,6.0,0.0,NE,1.4,Aotizhongxin,2013-09-24 04:00:00
4974,2013,9,24,5,6.0,8.0,10.0,47.0,300.0,1.0,10.7,1017.7,4.4,0.0,NE,1.4,Aotizhongxin,2013-09-24 05:00:00
4975,2013,9,24,6,10.0,16.0,13.0,46.0,300.0,1.0,11.7,1018.7,4.9,0.0,NE,1.3,Aotizhongxin,2013-09-24 06:00:00
4976,2013,9,24,7,6.0,9.0,9.0,45.0,300.0,1.0,13.5,1018.9,4.6,0.0,NNE,2.5,Aotizhongxin,2013-09-24 07:00:00
4977,2013,9,24,8,8.0,29.0,10.0,39.0,400.0,3.0,15.3,1019.2,5.2,0.0,NNE,1.6,Aotizhongxin,2013-09-24 08:00:00
4978,2013,9,24,9,10.0,30.0,13.0,34.0,500.0,10.0,16.7,1018.8,4.0,0.0,NNE,2.7,Aotizhongxin,2013-09-24 09:00:00
4979,2013,9,24,10,9.0,14.0,13.0,29.0,400.0,20.0,17.8,1018.1,2.5,0.0,NE,1.9,Aotizhongxin,2013-09-24 10:00:00
4980,2013,9,24,11,3.0,6.0,6.0,22.0,300.0,31.0,19.7,1016.9,2.1,0.0,NNE,2.6,Aotizhongxin,2013-09-24 11:00:00
4981,2013,9,24,12,3.0,6.0,6.0,15.0,300.0,46.0,20.7,1016.0,1.5,0.0,N,2.2,Aotizhongxin,2013-09-24 12:00:00
4982,2013,9,24,13,4.0,11.0,7.0,15.0,300.0,51.0,21.6,1014.9,2.3,0.0,WNW,1.3,Aotizhongxin,2013-09-24 13:00:00
4983,2013,9,24,14,3.0,6.0,7.0,14.0,300.0,57.0,22.3,1014.4,0.7,0.0,N,2.8,Aotizhongxin,2013-09-24 14:00:00
4984,2013,9,24,15,3.0,6.0,6.0,15.0,300.0,60.0,22.8,1013.6,1.7,0.0,NNW,1.0,Aotizhongxin,2013-09-24 15:00:00
4985,2013,9,24,16,3.0,7.0,7.0,15.0,300.0,65.0,22.0,1013.4,-0.7,0.0,NW,2.1,Aotizhongxin,2013-09-24 16:00:00
4986,2013,9,24,17,3.0,8.0,7.0,17.0,300.0,65.0,18.7,1014.0,4.1,0.0,SSW,0.7,Aotizhongxin,2013-09-24 17:00:00
4987,2013,9,24,18,3.0,6.0,3.0,28.0,300.0,56.0,13.6,1014.6,5.5,0.0,SSW,0.8,Aotizhongxin,2013-09-24 18:00:00
4988,2013,9,24,19,10.0,29.0,3.0,62.0,400.0,17.0,12.8,1015.3,8.1,0.0,NE,0.9,Aotizhongxin,2013-09-24 19:00:00
4989,2013,9,24,20,20.0,71.0,7.0,87.0,700.0,1.0,12.8,1015.8,4.7,0.0,NNE,0.9,Aotizhongxin,2013-09-24 20:00:00
4990,2013,9,24,21,23.0,73.0,6.0,82.0,800.0,1.0,12.4,1016.1,3.3,0.0,NNE,0.8,Aotizhongxin,2013-09-24 21:00:00
4991,2013,9,24,22,26.0,76.0,7.0,78.0,700.0,1.0,12.7,1016.5,2.2,0.0,NNE,1.1,Aotizhongxin,2013-09-24 22:00:00
4992,2013,9,24,23,22.0,30.0,5.0,72.0,500.0,1.0,11.3,1017.0,2.6,0.0,NE,0.6,Aotizhongxin,2013-09-24 23:00:00
4993,2013,9,25,0,15.0,30.0,3.0,66.0,300.0,1.0,9.2,1017.1,3.4,0.0,SW,0.4,Aotizhongxin,2013-09-25 00:00:00
4994,2013,9,25,1,12.0,30.0,2.0,54.0,300.0,8.0,8.1,1017.3,5.7,0.0,N,0.5,Aotizhongxin,2013-09-25 01:00:00
4995,2013,9,25,2,3.0,6.0,1.0,40.0,200.0,24.0,7.0,1017.3,4.0,0.0,S,0.5,Aotizhongxin,2013-09-25 02:00:00
4996,2013,9,25,3,3.0,29.0,2.0,59.0,200.0,2.0,7.4,1017.2,5.9,0.0,N,0.5,Aotizhongxin,2013-09-25 03:00:00
4997,2013,9,25,4,9.0,45.0,4.0,64.0,200.0,1.0,6.6,1017.3,5.5,0.0,WSW,0.7,Aotizhongxin,2013-09-25 04:00:00
4998,2013,9,25,5,10.0,36.0,12.0,52.0,300.0,1.0,6.3,1017.5,5.7,0.0,ESE,0.0,Aotizhongxin,2013-09-25 05:00:00
4999,2013,9,25,6,7.0,7.0,9.0,61.0,300.0,1.0,6.6,1017.9,5.9,0.0,W,0.0,Aotizhongxin,2013-09-25 06:00:00
5000,2013,9,25,7,12.0,44.0,10.0,61.0,400.0,1.0,13.0,1018.1,4.9,0.0,E,0.9,Aotizhongxin,2013-09-25 07:00:00
